compound,spacegroup_relax,Pearson_symbol_relax,Egap,Egap_type,volume_atom,density,volume_cell,agl_debye,agl_acoustic_debye,agl_gruneisen,agl_heat_capacity_Cp_300K,agl_heat_capacity_Cv_300K,agl_thermal_conductivity_300K,agl_thermal_expansion_300K,agl_bulk_modulus_isothermal_300K,agl_bulk_modulus_static_300K,natoms,nspecies,energy_atom,enthalpy_formation_atom
Ac1H2,225,cF12,0.0,metal,17.0642,7.42958,51.1926,256.96,178.194,1.64091,9.0269,8.69238,6.30193,7.62796e-05,50.0653,51.992,3,2,-4.18878,-0.566575
Ag10S8Sb2,36,oS40,1.0621,insulator-indirect,22.1169,5.92631,442.338,205.993,75.891,2.33979,62.4257,58.7111,0.475357,8.8035e-05,48.2835,51.3384,20,3,-2.48474,
Ag12Na4S8,227,cF96,1.0973,insulator-direct,20.7014,5.49082,496.835,211.131,73.1496,2.40148,76.3941,70.4278,0.362498,0.00011383,41.1714,44.6592,24,3,-2.24532,
Ag16Ca6,229,cI44,0.0,metal,23.0274,6.44537,506.602,181.049,64.5958,2.46336,70.4247,64.9353,0.311928,0.000110512,38.8756,42.162,22,2,-1.04315,
Ag1Al1S2,156,hP4,1.8358,insulator-indirect,18.906,4.36896,75.6238,347.002,218.596,2.09697,11.6929,11.2601,5.04353,6.03683e-05,70.7537,73.4734,4,3,-3.86136,
Ag1Au1Zn2,225,cF16,0.0,metal,15.7248,11.4997,62.8993,193.984,122.212,2.65667,12.6484,11.7757,1.08876,8.96457e-05,76.6938,82.3778,4,3,-0.827076,
Ag1Bi1Li2,216,cF16,0.0,metal,20.1606,6.81021,80.6424,168.103,105.833,2.13415,12.9102,11.8352,0.93917,0.000137261,30.9186,33.727,4,3,-2.43854,
Ag1Br1,225,cF8,1.5724,insulator-indirect,24.7872,6.2896,49.5744,134.109,106.356,2.53447,6.66971,5.94932,0.636344,0.000151558,27.2959,30.601,2,2,-1.57923,
Ag1C1,225,cF8,0.0,metal,12.7838,7.78582,25.5675,181.934,144.453,2.4541,6.24806,5.8988,0.868197,7.87e-05,98.7875,104.637,2,2,-2.45768,
Ag1C2K1,123,tP4,2.7517,insulator-indirect,24.7577,2.86712,99.0307,316.881,199.697,1.94034,11.8526,11.3809,4.29392,7.02647e-05,43.0017,44.7841,4,3,-4.62045,
Ag1C2Li1,187,hP4,1.8915,insulator-indirect,17.2064,3.34955,68.8257,381.18,240.015,1.90025,11.5607,11.1137,5.61394,6.9687e-05,59.6841,62.0845,4,3,-4.80147,
Ag1Cd1,221,cP2,0.0,metal,19.4381,9.40884,38.8763,137.911,109.531,2.78256,6.58589,5.94583,0.614437,0.000122852,47.4146,52.5187,2,2,-0.483412,
Ag1Cd1Sb1,216,cF12,0.0,metal,24.8979,7.60374,74.6937,92.9504,64.4826,2.45653,9.57572,8.9612,0.209793,8.95106e-05,45.4746,48.593,3,3,-1.64492,
Ag1Cl1,225,cF8,1.9715,insulator-indirect,22.1525,5.37163,44.3051,144.9,115.087,2.48733,6.6447,5.94038,0.615131,0.000151685,30.1694,33.7465,2,2,-1.81439,
Ag1Cu4Dy1,216,cF24,0.0,metal,15.3075,9.4838,91.8451,167.058,91.9036,2.28618,18.6445,17.7431,0.583335,7.23757e-05,83.2952,87.5266,6,3,-2.501,
Ag1Cu4Er1,216,cF24,0.0,metal,15.2279,9.61987,91.3675,193.062,106.212,2.30013,18.5604,17.656,0.893898,7.24695e-05,84.224,88.538,6,3,-2.49832,
Ag1Cu4Nd1,216,cF24,0.0,metal,16.321,8.58522,97.9262,223.186,122.722,2.80073,19.3082,17.5661,0.88941,0.000113717,59.7203,65.6431,6,3,-2.59609,
Ag1Cu4Tb1,216,cF24,0.0,metal,15.3813,9.374,92.2877,220.885,121.621,2.30707,18.4435,17.5503,1.32006,7.21304e-05,82.6045,86.8083,6,3,-2.50398,
Ag1Cu4U1,216,cF24,0.0,metal,16.2564,10.2161,97.5381,209.99,115.567,2.30575,18.4836,17.5923,1.32989,7.23591e-05,77.5924,81.5235,6,3,-3.00317,
Ag1Cu4Yb1,216,cF24,0.0,metal,15.6859,9.44096,94.1157,205.914,113.366,2.31597,18.757,17.6135,1.09648,9.10437e-05,64.7767,68.9822,6,3,-1.84533,
Ag1Dy1,221,cP2,0.0,metal,24.1498,9.29527,48.2995,187.941,149.216,2.06213,6.12433,5.88954,3.90426,6.31296e-05,54.2832,56.4472,2,2,-2.71799,
Ag1Er1,221,cP2,0.0,metal,23.5129,9.71511,47.0259,190.996,151.597,2.17382,6.14802,5.88733,3.68224,6.64435e-05,55.8338,58.3061,2,2,-2.70384,
Ag1F1,225,cF8,1.0812,insulator-indirect,15.7495,6.68805,31.499,137.111,108.737,2.49835,6.64871,5.94686,0.404559,0.000150196,43.525,48.6619,2,2,-2.41955,
Ag1F3Zn1,221,cP5,2.993,insulator-indirect,12.6012,6.06813,63.006,316.096,184.798,2.12721,15.0815,14.2445,2.57892,9.07511e-05,71.7726,75.9901,5,3,-3.35725,
Ag1Ga1,221,cP2,0.0,metal,18.4154,8.00744,36.8308,161.811,128.579,2.63599,6.56576,5.92472,0.881464,0.000133277,43.0126,47.6664,2,2,-1.36638,
Ag1Gd1,221,cP2,0.0,metal,25.0246,8.79612,50.0493,138.049,109.531,2.15249,6.2125,5.94137,1.39617,6.99877e-05,48.9928,51.2286,2,2,-7.34346,
Ag1Hf2,139,tI6,0.0,metal,20.8101,12.3641,62.4304,241.026,167.1,1.92842,8.90691,8.72336,7.89318,3.60139e-05,102.505,104.662,3,2,-6.80792,
Ag1Ho1,221,cP2,0.0,metal,23.8127,9.51156,47.6255,189.032,150.009,2.10975,6.13419,5.88873,3.79173,6.44493e-05,55.1675,57.467,2,2,-2.70868,
Ag1I1,225,cF8,1.4728,insulator-indirect,29.3464,6.64221,58.6928,125.912,100.006,2.55462,6.68036,5.95528,0.687118,0.000151056,23.4174,26.2685,2,2,-1.34485,
Ag1I1,216,cF8,1.9773,insulator-direct,36.7434,5.30503,73.4868,93.9948,74.6078,2.44784,6.6986,5.97527,0.337221,0.000156158,17.3742,19.4774,2,2,-1.41379,
Ag1In5Se8,111,tP14,0.4004,insulator-indirect,29.7577,5.23602,416.607,227.01,94.1853,2.23303,42.9571,40.891,1.17226,7.3721e-05,40.7378,42.7961,14,3,-3.48636,
Ag1In5Te8,111,tP14,0.3419,insulator-indirect,36.4973,5.53371,510.962,183.974,76.344,2.29195,43.6899,41.2803,0.817938,8.24043e-05,31.0211,32.8318,14,3,-3.08571,
Ag1La1,221,cP2,0.0,metal,28.7502,7.12652,57.5004,137.054,108.737,2.0641,6.21226,5.94202,1.45764,7.18586e-05,40.4167,42.2548,2,2,-2.75969,
Ag1La1,123,tP2,0.0,metal,28.9674,7.07308,57.9348,158.953,126.198,2.05092,6.18787,5.92171,2.3113,7.13981e-05,40.3357,42.1487,2,2,-2.75771,
Ag1Li1,221,cP2,0.0,metal,16.4831,5.78305,32.9662,194.883,154.772,2.22319,6.72955,5.89462,1.39359,0.000203831,26.0412,29.7297,2,2,-1.36444,
Ag1Li2Sb1,216,cF16,0.4115,insulator-direct,18.6338,5.42483,74.5354,225.981,142.371,2.1685,12.7327,11.7004,1.58384,0.00013126,35.2895,38.4032,4,3,-2.54677,
Ag1Mg1,221,cP2,0.0,metal,18.677,5.87563,37.3541,234.993,186.52,2.27782,6.2657,5.83476,2.76908,0.000104796,46.0493,49.4503,2,2,-1.18944,
Ag1Mg1Sb1,216,cF12,0.0,metal,23.7905,5.90782,71.3714,172.098,119.258,2.23015,9.35146,8.86433,1.19644,8.04574e-05,46.9924,49.5748,3,3,-2.23724,
Ag1Mn3N1,221,cP5,0.0,metal,15.5211,6.13433,77.6056,274.028,160.236,0.840364,14.475,14.3976,16.2358,2.60394e-05,67.1704,67.5314,5,3,-5.9996,
Ag1N1,225,cF8,0.0,metal,12.3042,8.22397,24.6083,277.942,220.649,2.47627,6.07151,5.76416,3.04944,7.02251e-05,113.816,119.885,2,2,-2.67165,
Ag1Na1O1,216,cF12,0.0,metal,15.377,5.28629,46.1311,276.191,191.368,2.25423,9.39792,8.66196,2.42368,0.00012223,47.1465,51.1524,3,3,-2.89484,0.129821
Ag1Nb1O3,221,cP5,1.7706,insulator-indirect,12.8026,6.45335,64.0129,515.887,301.759,2.12024,13.2952,13.02,12.2468,3.30766e-05,178.286,182.054,5,3,-6.76521,
Ag1P1Pd5,123,tP7,0.0,metal,15.5174,10.2554,108.622,259.916,135.917,2.61026,21.1103,20.2667,1.64219,5.22873e-05,127.101,132.391,7,3,-3.05185,
Ag1P1Pt5,123,tP7,0.0,metal,15.628,16.9141,109.396,216.026,112.916,2.59192,21.0794,20.4849,1.58553,3.6829e-05,181.75,187.025,7,3,-3.62914,
Ag1Pt3,221,cP4,0.0,metal,15.709,18.3173,62.8359,221.929,139.851,2.85082,12.1378,11.693,2.22655,4.37839e-05,166.167,172.487,4,2,-2.76315,
Ag1Pt5Si1,123,tP7,0.0,metal,15.7067,16.7856,109.947,233.021,121.803,2.53198,20.9641,20.3975,2.09432,3.61917e-05,177.72,182.657,7,3,-3.71956,
Ag1Sc1,221,cP2,0.0,metal,21.0625,6.02423,42.1249,264.006,209.537,2.18897,6.03363,5.7853,5.1347,6.41752e-05,63.6721,66.4052,2,2,-2.96798,
Ag1Tb1,221,cP2,0.0,metal,24.4975,9.04216,48.9951,183.068,145.247,2.01333,6.11901,5.89534,3.76095,6.16485e-05,53.4813,55.5104,2,2,-2.73052,
Ag1Ti2,139,tI6,0.0,metal,18.1696,6.20448,54.5089,362.041,250.997,2.06575,8.62002,8.39133,9.66728,4.36e-05,99.2466,101.951,3,2,-3.3403,
Ag1Y1,221,cP2,0.0,metal,24.3936,6.69747,48.7873,251.979,200.013,2.11728,6.0466,5.8037,6.48975,6.45023e-05,53.2469,55.4754,2,2,-3.66323,
Ag1Yb1,221,cP2,0.0,metal,27.0346,8.62709,54.0692,112.038,88.8945,2.20855,6.4631,5.96354,0.763001,0.000126646,25.633,27.7802,2,2,-1.02833,
Ag1Zn1,221,cP2,0.0,metal,15.8696,9.06404,31.7392,179.097,142.072,2.68202,6.48983,5.90623,1.06593,0.000117047,58.7337,64.5372,2,2,-0.456406,
Ag1Zr2,139,tI6,0.0,metal,21.5623,7.45234,64.6869,258.016,178.887,1.9271,8.88198,8.68414,6.13645,3.89456e-05,90.8162,92.8851,3,2,-5.86978,
Ag2,194,hP2,0.0,metal,17.8894,10.0126,35.7788,180.95,143.66,2.78791,6.49135,5.90536,1.31896,0.00011404,54.4802,59.8863,2,1,-0.421251,
Ag2Al1Sc1,225,cF16,0.0,metal,18.3877,6.49473,73.551,231.045,145.521,2.30859,12.2427,11.6729,1.73563,6.8875e-05,72.4873,76.0256,4,3,-2.64246,
Ag2Al2O4,194,hP8,1.6901,insulator-indirect,11.4261,6.06196,91.409,426.115,213.0,2.11131,22.4643,21.7923,4.10466,4.83282e-05,142.089,146.471,8,3,-5.50833,-1.4
Ag2Al2Se4,122,tI16,1.5646,insulator-direct,25.5295,4.76072,204.236,220.986,110.5,2.12951,24.4858,23.399,1.29014,7.12675e-05,46.9109,49.0898,8,3,-3.47198,
Ag2Al2Te4,122,tI16,1.3626,insulator-direct,31.6602,5.11441,253.282,180.965,90.5,2.20232,24.8328,23.5966,0.943954,7.76934e-05,36.0103,37.8968,8,3,-3.01758,
Ag2As2Ba2,194,hP6,0.0393,insulator-direct,28.6114,6.193,171.669,225.893,124.373,2.22618,18.5045,17.5341,2.30341,8.11152e-05,38.1864,40.2999,6,3,-3.12523,
Ag2As2Sr2,194,hP6,0.0,metal,25.46,5.87885,152.76,253.059,139.231,2.1829,18.312,17.4123,2.74048,7.7588e-05,43.5453,45.7954,6,3,-3.04371,
Ag2Au2F8,140,tI24,2.1831,insulator-indirect,15.7999,6.67071,189.599,255.029,111.382,2.41919,37.2266,34.8287,0.848277,9.21748e-05,66.2987,70.8633,12,3,-2.76778,
Ag2Ba1Sn2,139,tI10,0.0,metal,28.4658,6.88868,142.329,184.943,108.189,2.4069,15.7755,14.7421,1.33135,9.47521e-05,35.8086,38.3187,5,3,-2.41629,
Ag2Ba2P2,194,hP6,0.4031,insulator-indirect,26.892,5.6844,161.352,252.074,138.681,2.2204,18.3302,17.4176,2.71071,7.71378e-05,42.4804,44.7063,6,3,-3.30588,
Ag2Be4,227,cF24,0.0,metal,11.0694,6.29514,66.4162,515.163,283.415,2.06736,16.282,15.6556,9.18372,6.40434e-05,103.142,107.269,6,2,-2.52087,
Ag2Bi2Ca2,186,hP6,0.0,metal,27.5338,7.17536,165.203,186.1,102.36,2.15057,18.6623,17.6828,1.52037,8.41085e-05,37.4196,39.4923,6,3,-2.73314,
Ag2Bi2Ca2,194,hP6,0.0,metal,27.753,7.11869,166.518,183.976,101.259,2.17597,18.6882,17.6906,1.44134,8.45811e-05,37.1688,39.2648,6,3,-2.69829,
Ag2Bi2K4,20,oS16,0.6643,insulator-indirect,36.9005,4.4443,295.204,144.84,72.5,2.20477,26.4936,23.7621,0.517687,0.000166348,14.483,16.1479,8,3,-2.02521,
Ag2Bi2Yb2,186,hP6,0.0,metal,27.5992,9.82491,165.595,157.998,86.9508,2.18356,18.8078,17.7721,1.2386,8.69468e-05,36.8619,39.0099,6,3,-2.40893,
Ag2Br2,11,mP4,1.5679,insulator-indirect,24.7148,6.30803,98.8591,141.036,88.8244,2.53228,13.3297,11.8878,0.46751,0.000151965,27.1793,30.4758,4,2,-1.57874,
Ag2Br2,11,mP4,1.5579,insulator-indirect,24.8182,6.28176,99.2726,141.96,89.4544,2.53596,13.3219,11.8869,0.475994,0.000151096,27.369,30.6729,4,2,-1.57888,
Ag2Br4Cs2,63,oS16,2.6038,insulator-indirect,35.5743,4.67459,284.595,125.088,62.5,2.42238,27.6339,23.8304,0.270806,0.000205836,13.5813,15.749,8,3,-2.32864,
Ag2Ca1Ge2,139,tI10,0.0,metal,21.2246,6.27451,106.123,238.155,139.183,2.40893,15.5621,14.5755,1.74161,9.14582e-05,49.4345,52.7805,5,3,-2.6456,
Ag2Ca2,63,oS8,0.0,metal,27.7645,4.42425,111.058,182.959,115.283,2.03814,12.5826,11.7983,1.334,0.00010513,28.1902,30.064,4,2,-1.49492,
Ag2Cl2,11,mP4,1.9623,insulator-indirect,22.1499,5.37227,88.5997,157.138,98.9038,2.48691,13.2723,11.8599,0.491672,0.000152177,30.0583,33.638,4,2,-1.81293,
Ag2Cl2,11,mP4,1.9594,insulator-indirect,22.2172,5.356,88.8688,160.092,100.794,2.48295,13.2643,11.8552,0.522228,0.000151951,30.0733,33.6476,4,2,-1.8134,
Ag2Co2O4,194,hP8,1.8904,insulator-indirect,11.3733,7.25634,90.9868,374.916,187.5,2.22975,23.0311,22.2739,2.95475,5.04085e-05,148.318,153.361,8,3,-4.36026,
Ag2Cr4Te8,227,cF56,0.0,metal,28.4713,6.0178,398.598,100.987,41.9062,2.28349,44.2246,41.7829,0.10648,8.24995e-05,40.0971,42.4403,14,3,-4.21728,
Ag2Dy1,139,tI6,0.0,metal,21.6825,9.65565,65.0476,181.101,125.498,2.30257,9.31707,8.84876,1.88626,7.48534e-05,56.6952,59.6957,3,2,-2.01478,
Ag2Dy1In1,225,cF16,0.0,metal,21.326,9.5979,85.304,166.887,105.203,2.40831,12.4898,11.8288,1.07687,7.53307e-05,60.5006,63.8811,4,3,-2.31498,
Ag2Dy2Pb2,186,hP6,0.0,metal,25.1697,10.5023,151.018,198.06,108.964,2.33073,18.4953,17.6384,2.00414,6.8012e-05,54.6217,57.2752,6,3,-3.27484,
Ag2Dy2Se4,109,tI16,1.029,insulator-indirect,25.2126,7.05193,201.701,208.959,104.5,2.05897,24.3155,23.4542,1.70974,5.85538e-05,55.955,58.0099,8,3,-4.25513,
Ag2Dy2Sn2,186,hP6,0.0,metal,24.396,8.82724,146.376,236.943,130.426,2.24595,18.1877,17.4773,2.99707,5.93056e-05,61.9469,64.4649,6,3,-3.4453,
Ag2Dy2Te4,113,tP8,0.8778,insulator-indirect,30.1672,7.23241,241.338,194.966,97.5,2.07909,24.4381,23.5243,1.7712,6.12564e-05,45.3076,47.0675,8,3,-3.7798,
Ag2Er1,139,tI6,0.0,metal,21.2597,9.97162,63.7791,191.099,132.432,2.31864,9.3018,8.83224,2.19604,7.46305e-05,58.3537,61.456,3,2,-2.00708,
Ag2Er1In1,225,cF16,0.0,metal,20.9957,9.84299,83.983,157.969,99.5338,2.42187,12.5182,11.8479,0.905129,7.57413e-05,61.5744,65.0583,4,3,-2.29152,
Ag2Er2S4,109,tI16,1.4385,insulator-indirect,22.0213,6.39536,176.17,259.945,130.0,2.02123,23.924,23.1537,2.5908,5.42192e-05,67.2989,69.5379,8,3,-4.69825,
Ag2Er2Sn2,186,hP6,0.0,metal,24.0216,9.07448,144.13,233.914,128.775,2.26373,18.2176,17.492,2.85643,5.99998e-05,62.7316,65.3341,6,3,-3.40374,
Ag2F6Rb2,140,tI20,0.239,insulator-indirect_spin-polarized,17.8946,4.64592,178.946,262.796,122.074,2.46706,31.9418,28.9933,0.829701,0.00013215,41.596,45.8262,10,3,-3.30228,
Ag2Ga2O4,194,hP8,0.9858,insulator-indirect,12.4458,6.99145,99.5661,338.858,169.5,2.24994,23.4502,22.5882,2.33078,5.57988e-05,124.834,129.598,8,3,-4.49855,-0.600733
Ag2Ga2S4,122,tI16,1.4952,insulator-direct,22.4072,4.47841,179.258,261.901,131.0,2.20516,24.2996,23.1566,1.57514,7.31694e-05,53.3909,56.0264,8,3,-3.36845,
Ag2Ga2Te4,122,tI16,0.5152,insulator-direct,31.9983,5.61507,255.986,175.007,87.5,2.30652,25.1242,23.6298,0.85844,8.87363e-05,33.0715,35.163,8,3,-2.62012,
Ag2Ge1Li1,225,cF16,0.0,metal,16.9122,7.24778,67.6487,214.969,135.442,2.48396,12.8729,11.7303,1.19221,0.000127256,45.8962,50.3671,4,3,-1.96378,
Ag2Ge2La2,186,hP6,0.0,metal,24.7327,7.14731,148.396,261.079,143.634,2.21964,18.0556,17.3661,3.38542,5.86604e-05,60.7308,63.1418,6,3,-3.80583,
Ag2Hf2,129,tP4,0.0,metal,19.7736,12.0238,79.0945,227.986,143.631,2.12368,11.9974,11.6709,4.06398,4.34526e-05,98.4736,101.228,4,2,-5.18772,
Ag2Hg1I4,111,tP7,1.3556,insulator-direct,39.7017,5.52063,277.912,118.059,61.6854,2.47684,23.2575,20.8618,0.324344,0.00014652,17.4881,19.4964,7,3,-1.41799,
Ag2Ho1,139,tI6,0.0,metal,21.5701,9.76834,64.7103,185.951,128.965,2.31893,9.31528,8.84125,2.02152,7.51548e-05,57.5364,60.6212,3,2,-2.00953,
Ag2Ho1In1,225,cF16,0.0,metal,21.1486,9.72612,84.5944,163.034,102.684,2.41734,12.5101,11.8387,0.995523,7.5868e-05,61.0294,64.4906,4,3,-2.30322,
Ag2Ho2Pb2,186,hP6,0.0,metal,25.0205,10.6187,150.123,196.046,107.863,2.33203,18.507,17.6465,1.94752,6.82302e-05,54.8428,57.5173,6,3,-3.2511,
Ag2Ho2Sn2,186,hP6,0.0,metal,24.1798,8.96177,145.079,234.012,128.775,2.25704,18.2066,17.4891,2.86455,5.96175e-05,62.3899,64.9495,6,3,-3.42359,
Ag2I2,129,tP4,1.9774,insulator-direct,33.7968,5.76754,135.187,133.151,83.7847,2.49393,13.2897,11.9,0.562013,0.000149012,19.9855,22.3194,4,2,-1.37165,
Ag2I2,11,mP4,1.4666,insulator-indirect,29.3384,6.644,117.354,130.919,82.5248,2.56681,13.3503,11.9029,0.481152,0.000150494,23.5428,26.4055,4,2,-1.34484,
Ag2I2,186,hP4,2.0009,insulator-direct,36.7496,5.30413,146.998,91.0355,57.3264,2.45261,13.3904,11.9537,0.191901,0.000155028,17.491,19.5933,4,2,-1.41333,
Ag2In1La1,225,cF16,0.0,metal,23.8902,8.15775,95.5608,161.011,101.424,2.40582,12.5416,11.8415,0.956782,7.97432e-05,50.9111,53.9212,4,3,-2.37297,
Ag2In1Li1,225,cF16,0.0,metal,18.5635,7.54744,74.2541,169.103,106.463,2.58499,13.225,11.8373,0.62658,0.000144078,39.3584,43.9726,4,3,-1.5314,
Ag2In1Mg1,225,cF16,0.0,metal,19.3695,7.60552,77.4781,193.957,122.212,2.687,13.0405,11.7822,0.931927,0.000125735,44.8134,49.5995,4,3,-1.37801,
Ag2In1Sc1,225,cF16,0.0,metal,19.9027,7.83251,79.6109,176.936,111.503,2.43773,12.5008,11.8098,0.930198,7.75869e-05,63.7402,67.47,4,3,-2.37794,
Ag2In1Tb1,225,cF16,0.0,metal,21.4583,9.46959,85.833,173.076,108.983,2.38599,12.4676,11.8171,1.21589,7.47067e-05,60.0687,63.3749,4,3,-2.33058,
Ag2In1Y1,225,cF16,0.0,metal,21.4201,8.12943,85.6805,178.898,112.763,2.38541,12.4601,11.8044,1.15397,7.53168e-05,59.6959,63.0119,4,3,-2.79406,
Ag2In2O4,194,hP8,0.6242,insulator-indirect,15.3631,6.88202,122.905,270.026,135.0,2.27581,24.0486,23.0981,1.49327,5.93458e-05,99.186,103.268,8,3,-4.37448,-0.521758
Ag2In2S4,122,tI16,0.9202,insulator-direct,25.5567,4.65882,204.454,216.031,108.0,2.232,24.6353,23.4264,1.06485,7.53157e-05,46.7894,49.2039,8,3,-3.33969,
Ag2In2Te4,122,tI16,0.4011,insulator-direct,35.18,5.63922,281.44,152.09,76.0,2.32558,25.2431,23.7215,0.630393,8.90468e-05,30.2815,32.2239,8,3,-2.66599,
Ag2La1Si2,139,tI10,0.0,metal,20.2137,6.74959,101.069,328.135,191.816,2.32293,14.7725,14.1732,4.97276,5.99045e-05,73.9811,77.1096,5,3,-3.6671,
Ag2La2Pb2,186,hP6,0.0,metal,28.38,8.85413,170.28,198.927,109.514,2.30989,18.4722,17.6323,2.0517,6.76235e-05,48.1023,50.3937,6,3,-3.41904,
Ag2Li1Sn1,225,cF16,0.0,metal,19.191,7.38436,76.7642,181.88,114.653,2.54649,13.0696,11.8088,0.82723,0.000134283,39.8036,44.0533,4,3,-1.82971,
Ag2Li2,141,tI8,0.0,metal,16.7985,5.67447,67.194,176.895,111.503,2.31338,13.5579,11.8271,0.604212,0.00020103,27.3288,31.3283,4,2,-1.35115,
Ag2O4Sc2,194,hP8,2.4628,insulator-indirect,14.7477,5.20261,117.982,338.006,169.0,2.05732,23.273,22.5826,2.61324,4.91578e-05,109.502,112.849,8,3,-6.18435,-1.42889
Ag2O4Y2,194,hP8,2.5359,insulator-direct,17.1611,5.53412,137.289,295.938,148.0,2.05254,23.6093,22.9096,2.29628,4.91777e-05,95.2471,98.156,8,3,-6.4977,-1.70947
Ag2P2Sr2,194,hP6,0.3619,insulator-direct,23.8218,5.26199,142.931,287.909,158.493,2.18881,18.0903,17.2388,3.28879,7.39872e-05,48.6591,51.0626,6,3,-3.24973,
Ag2Pb2Tb2,186,hP6,0.0,metal,25.3848,10.3354,152.309,199.996,110.064,2.33327,18.4852,17.6307,2.0501,6.78307e-05,54.3691,57.0041,6,3,-3.29781,
Ag2S6Ta2,36,oS20,0.0666,insulator-indirect,19.2767,6.63289,192.767,319.1,148.067,2.03909,29.1344,28.4092,3.51391,4.13169e-05,99.9481,102.499,10,3,-5.30672,
Ag2S6Ta2,63,oS20,0.0598,insulator-indirect,19.2612,6.63824,192.612,322.943,149.923,2.04269,29.0895,28.3661,3.63333,4.12663e-05,99.9837,102.533,10,3,-5.30689,
Ag2Sb6Zr10,193,hP18,0.0,metal,21.6429,7.92152,389.573,322.032,122.866,2.08244,52.2137,51.0788,3.25201,3.52763e-05,106.123,108.481,18,3,-6.78137,
Ag2Sc1,139,tI6,0.0,metal,19.5564,7.37851,58.6691,244.065,169.18,2.39478,9.21271,8.72646,2.82917,7.58495e-05,63.5411,67.0817,3,2,-2.17548,
Ag2Si2Sr1,139,tI10,0.0,metal,20.7559,5.75267,103.78,301.995,176.611,2.31869,15.1001,14.309,3.44799,7.80753e-05,55.4828,58.5501,5,3,-2.9075,
Ag2Si2Tb1,139,tI10,0.0,metal,18.7428,7.63402,93.7141,316.033,184.798,2.31045,14.8244,14.2338,4.60072,5.90601e-05,80.8568,84.2122,5,3,-3.59169,
Ag2Si2Yb1,139,tI10,0.0,metal,19.6364,7.52533,98.1822,263.91,154.388,2.34381,15.2776,14.4672,2.72167,7.81808e-05,60.5974,63.9917,5,3,-2.78311,
Ag2Sn2Sr1,139,tI10,0.0,metal,27.0002,6.65117,135.001,179.133,104.68,2.40721,15.8025,14.7604,1.08503,9.51022e-05,37.7396,40.4041,5,3,-2.3165,
Ag2Sn2Tb2,186,hP6,0.0,metal,24.6413,8.65906,147.848,239.036,131.527,2.24888,18.1783,17.4681,3.04608,5.92421e-05,61.52,64.0211,6,3,-3.46646,
Ag2Tb1,139,tI6,0.0,metal,22.0155,9.41976,66.0464,174.974,121.338,2.30081,9.3258,8.85843,1.69739,7.49856e-05,55.758,58.6997,3,2,-2.02186,
Ag2Te4Y2,113,tP8,0.8745,insulator-indirect,30.3141,6.18953,242.513,211.022,105.5,2.07697,24.3622,23.446,1.93804,6.1648e-05,44.5943,46.3368,8,3,-4.25916,
Ag2Th1,191,hP3,0.0,metal,24.5232,10.1067,73.5695,193.993,134.512,2.32761,9.18491,8.82371,2.79052,5.80046e-05,65.0905,67.755,3,2,-2.50966,
Ag2Th4,140,tI12,0.0,metal,30.4347,10.4019,182.608,141.013,77.5953,2.07253,18.2832,17.8106,1.18724,4.22832e-05,65.4011,67.1364,6,2,-4.51452,
Ag2Ti2,129,tP4,0.0,metal,18.1343,7.13176,72.5373,311.061,195.918,2.1924,11.8102,11.4017,5.10615,5.38025e-05,86.781,89.8903,4,2,-2.62499,
Ag2Y1,139,tI6,0.0,metal,21.8683,7.71087,65.6049,208.006,144.219,2.33012,9.28146,8.80153,2.25299,7.61719e-05,55.6862,58.7227,3,2,-2.64467,
Ag2Yb1,139,tI6,0.0,metal,23.4266,9.18585,70.2797,147.031,101.924,2.37649,9.77619,8.9057,0.991956,0.000130728,31.9201,35.0401,3,2,-0.851923,
Ag2Zr2,129,tP4,0.0,metal,20.3823,8.10982,81.5293,263.96,166.31,2.13871,11.9153,11.5648,4.37408,4.65424e-05,88.845,91.538,4,2,-4.50165,
Ag36In16,215,cP52,0.0,metal,19.4884,9.37336,1013.39,203.152,54.387,2.8895,171.146,152.953,0.205451,0.000130664,45.4655,50.8733,52,2,-1.11914,
Ag3As3Ca3,189,hP9,0.0223,insulator-indirect,22.0213,5.60191,198.192,289.107,138.937,2.14289,27.1369,25.8537,2.54784,7.59055e-05,50.0585,52.5431,9,3,-3.1593,
Ag3Ca3P3,189,hP9,0.0,metal,20.4211,4.84968,183.79,338.172,162.493,2.13433,26.6072,25.4324,3.21762,7.12032e-05,56.339,58.9416,9,3,-3.3742,
Ag3Dy3Ge3,189,hP9,0.0,metal,21.0725,9.00852,189.652,275.026,132.206,2.17838,26.9159,25.9427,3.20393,5.66363e-05,71.9962,74.6972,9,3,-3.79016,
Ag3Dy3Mg3,189,hP9,0.0,metal,23.7894,6.85623,214.105,160.017,76.92,1.98933,27.7844,26.6412,0.688105,7.02889e-05,48.3147,50.388,9,3,-2.39494,
Ag3Dy3Si3,189,hP9,0.0,metal,20.2475,8.15894,182.228,302.938,145.667,2.12151,26.5848,25.715,3.9023,5.25304e-05,77.6755,80.3029,9,3,-4.01306,
Ag3Er3Ge3,189,hP9,0.0,metal,20.67,9.31141,186.03,275.093,132.206,2.18846,26.9317,25.9465,3.19612,5.69492e-05,73.4269,76.215,9,3,-3.76321,
Ag3Er3Ge3,189,hP9,0.0,metal,21.111,9.11687,189.999,176.024,84.612,2.18823,27.6663,26.565,0.843711,6.1898e-05,67.842,70.6546,9,3,-3.50158,
Ag3Er3Si3,189,hP9,0.0,metal,19.8502,8.45496,178.652,306.127,147.109,2.11835,26.5559,25.6929,4.06972,5.2187e-05,79.6513,82.3266,9,3,-3.99347,
Ag3Er3Sn3,189,hP9,0.0,metal,23.9355,9.10713,215.419,224.908,108.169,2.22249,27.3585,26.2936,2.01364,5.97302e-05,62.1548,64.6721,9,3,-3.40675,
Ag3Ge3Tb3,189,hP9,0.0,metal,21.7229,8.64771,195.506,190.086,91.3425,2.19168,27.601,26.4939,1.04216,6.20963e-05,65.9263,68.6812,9,3,-3.5394,
Ag3La3Mg3,189,hP9,0.0,metal,26.9444,5.56871,242.5,169.948,81.7275,1.9717,27.8073,26.5968,0.807069,7.50182e-05,39.5847,41.3863,9,3,-2.4617,
Ag3Mg3Y3,189,hP9,0.0,metal,23.8907,5.12208,215.016,191.959,92.304,2.00307,27.6223,26.4853,0.88077,7.01048e-05,48.0044,50.0654,9,3,-3.0347,
Ag3Pb3Y3,189,hP9,0.0,metal,25.1379,8.89513,226.241,207.991,99.996,2.30591,27.6516,26.3973,1.53505,6.74133e-05,54.2373,56.8143,9,3,-3.91941,
Ag3Pt1,221,cP4,0.0,metal,16.9394,12.7117,67.7574,183.987,115.913,2.70999,12.5157,11.7946,1.08992,7.33418e-05,87.275,92.611,4,2,-1.22869,
Ag3Si3Y3,189,hP9,0.0,metal,20.3398,6.11916,183.058,348.076,167.301,2.10203,26.1592,25.3225,4.55412,5.18212e-05,76.3698,78.8931,9,3,-4.64805,
Ag4Al4O8,33,oP16,1.4608,insulator-indirect,13.2165,5.24078,211.464,397.045,157.55,2.02628,45.485,44.1434,2.40141,4.95734e-05,116.468,120.008,16,3,-5.53243,-1.4241
Ag4As4S4,62,oP12,0.1697,insulator-indirect,24.7963,4.79596,297.556,201.93,88.2316,2.15647,37.0552,35.247,0.708433,7.77671e-05,44.9812,47.2888,12,3,-3.21308,
Ag4Ba2,74,oI12,0.0,metal,29.4975,6.62522,176.985,167.937,92.454,2.24184,19.2429,17.7495,1.04424,0.000121875,24.5881,26.6569,6,2,-1.18797,
Ag4Ba4,62,oP8,0.0,metal,37.4778,5.43203,299.822,139.015,69.5,1.98777,25.5898,23.7718,0.713274,0.000124006,17.1857,18.5,8,2,-1.42549,
Ag4Ca2,74,oI12,0.0,metal,24.0534,5.8868,144.321,182.894,100.709,2.3085,19.0694,17.7012,0.854237,0.00010815,35.6063,38.3586,6,2,-1.20662,
Ag4Ca4Sb4,62,oP12,0.095,insulator-indirect,25.7037,5.80779,308.444,234.09,102.209,2.16201,36.8394,34.9977,1.39265,7.93675e-05,42.3177,44.5446,12,3,-2.89165,
Ag4Dy4Se8,19,oP16,1.5506,insulator-direct,25.4835,6.97696,407.736,215.052,85.3228,2.05107,48.5581,46.8426,1.18594,5.8639e-05,55.0378,57.0534,16,3,-4.27041,
Ag4Er4Se8,19,oP16,1.5616,insulator-direct,24.9526,7.2046,399.241,214.966,85.3228,2.05341,48.5525,46.8406,1.18948,5.85277e-05,56.0467,58.095,16,3,-4.25385,
Ag4F12K4,62,oP20,0.7561,insulator-direct_spin-polarized,17.0053,3.98331,340.105,284.906,104.995,2.4486,63.47,57.6281,0.540943,0.000132645,43.11,47.4802,20,3,-3.33834,
Ag4Ho4Se8,19,oP16,1.5473,insulator-direct,25.2148,7.09132,403.437,218.935,86.9102,2.05174,48.5179,46.8049,1.25585,5.85573e-05,55.6077,57.6428,16,3,-4.26091,
Ag4In8Na12,227,cF96,0.0,metal,27.6439,4.06944,663.454,174.776,60.6691,2.35802,81.7738,70.9954,0.235264,0.000201012,17.3886,20.0285,24,3,-1.72833,
Ag4K4O4,139,tI24,1.504,insulator-indirect,23.343,3.86428,280.116,233.823,102.209,2.33473,38.3059,35.0415,0.691056,0.000128648,31.0076,33.8962,12,3,-2.98254,-0.0308502
Ag4Mo2O8,227,cF56,2.7337,insulator-direct,15.1349,5.88821,211.888,314.974,130.698,2.1339,41.0399,39.842,1.5752,4.65736e-05,117.915,121.46,14,3,-5.38332,-0.208547
Ag4Na2,227,cF24,0.0,metal,22.1381,5.96882,132.828,185.081,101.809,2.55624,20.1714,17.7137,0.642048,0.000171954,27.2782,31.063,6,2,-0.822223,
Ag4O12Sb4,227,cF80,0.6067,insulator-indirect,14.1746,6.5045,283.492,443.009,163.203,2.50439,56.2914,54.0954,2.47447,5.34601e-05,122.233,127.195,20,3,-4.98983,
Ag4O2,224,cP6,0.0868,insulator-direct,19.3639,6.62411,116.184,56.0669,30.818,2.48656,19.566,17.9719,0.0174529,0.00011511,45.9651,50.0423,6,2,-2.11465,1.41404
Ag4O4Rb4,119,tI24,1.4461,insulator-direct,25.8795,4.47728,310.554,197.895,86.4845,2.35511,38.6945,35.3172,0.545209,0.000130678,28.1492,30.841,12,3,-2.90303,0.00395708
Ag4Se4Tl4,62,oP12,0.653,insulator-indirect,25.4581,8.50547,305.498,139.105,60.7138,2.44509,38.9384,35.6624,0.324216,0.000120407,32.3785,35.3529,12,3,-2.39656,
Ag4Sr2,74,oI12,0.0,metal,26.5204,6.33142,159.122,170.924,94.1049,2.28447,19.2011,17.7397,0.87585,0.000116438,29.4311,31.8556,6,2,-1.11143,
Ag4Te4Tl4,62,oP12,0.7562,insulator-indirect,29.0187,8.38964,348.224,117.959,51.5412,2.44477,39.0944,35.7566,0.233306,0.0001227,27.7268,30.3151,12,3,-2.24409,
Ag5O6Pb2,162,hP13,0.0,metal,16.1063,8.32514,209.382,193.109,82.081,2.40299,40.4582,38.2602,0.452188,7.77866e-05,77.7085,82.1727,13,3,-3.58419,
Ag6As2O8,218,cP16,0.4311,insulator-indirect,15.2876,6.27993,244.601,259.075,102.784,2.28457,48.5721,46.35,0.747144,6.87404e-05,86.3325,90.4714,16,3,-4.01044,
Ag6O8P2,218,cP16,0.8715,insulator-indirect,14.2859,6.08172,228.574,294.134,116.674,2.17823,47.6992,45.8558,1.07225,6.06936e-05,98.5608,102.523,16,3,-4.55679,
Ag6P2S8,31,oP16,1.4403,insulator-direct,22.6225,4.42999,361.96,228.124,90.4819,2.21936,49.2215,46.7287,0.646044,7.84461e-05,50.0281,52.6968,16,3,-3.17803,
Ag8Ba4Te8,62,oP20,1.0171,insulator-direct,31.1602,6.48295,623.205,153.968,56.7341,2.2743,63.0544,59.2878,0.365636,9.05967e-05,32.5524,34.6205,20,3,-2.65566,
Ag8Ca19N7,225,cF136,0.0,metal,23.2327,3.62104,789.912,291.055,89.8256,1.95197,102.122,97.5754,0.909428,7.8347e-05,42.0151,43.9726,34,3,-3.46809,
Ag8Pd24Se8,205,cP40,0.0,metal,16.721,10.0506,668.841,199.103,58.188,2.64504,123.705,117.569,0.24224,6.42497e-05,99.0591,104.229,40,3,-2.62726,
Ag8S4,19,oP12,0.0,metal,19.0272,7.20854,228.327,172.118,75.1279,2.49462,38.2669,35.4759,0.337552,0.000101496,52.4948,56.6246,12,2,-1.81265,
Ag8S4,19,oP12,0.0,metal,19.0461,7.2014,228.553,177.999,77.7487,2.50039,38.2022,35.438,0.372196,0.000100797,52.743,56.8569,12,2,-1.81223,
Ag8Sr8,62,oP16,0.0,metal,32.3642,5.01505,517.827,164.944,65.4803,2.05797,50.807,47.3523,0.530057,0.000114581,22.0708,23.681,16,2,-1.33087,
Al10C6N2,194,hP18,1.433,insulator-indirect,11.2884,3.0229,203.191,871.043,332.349,1.85714,37.1622,36.5807,13.2743,2.86008e-05,158.199,160.714,18,3,-6.42263,-0.345124
Al10C6N2,186,hP18,0.821,insulator-indirect,11.4948,2.96861,206.907,871.193,332.349,1.8553,37.1585,36.5758,13.3806,2.86919e-05,154.797,157.263,18,3,-6.41895,-0.34145
Al10Ta20,136,tP30,0.0,metal,18.1402,11.8659,544.206,276.017,88.825,1.74984,87.4835,86.362,2.51749,2.45519e-05,155.673,157.694,30,2,-8.05307,
Al10W2,182,hP12,0.0,metal,15.5297,5.68061,186.356,529.972,231.499,1.97562,31.7064,31.0092,9.83043,3.77529e-05,118.909,121.583,12,2,-5.02836,
Al12Dy4,194,hP16,0.0,metal,19.3502,5.2228,309.604,404.002,160.328,1.9713,45.4374,44.0202,4.45035,5.37732e-05,71.4509,73.7511,16,2,-4.38835,
Al12Mn2,63,oS28,0.0,metal,15.3593,3.34883,215.03,581.047,241.065,2.0042,36.1161,35.1425,6.58041,4.58128e-05,97.6409,100.346,14,2,-3.98149,
Al12Mo4,12,mS32,0.0,metal,15.3344,4.78863,245.351,590.018,234.142,1.9598,40.7116,39.9207,9.44121,3.35798e-05,129.59,132.157,16,2,-5.13154,
Al12Ni4,62,oP16,0.0,metal,14.5266,3.9904,232.426,531.174,210.727,2.09104,42.6283,41.3493,4.64472,4.89438e-05,103.151,106.341,16,2,-3.6978,
Al12Re2,63,oS28,0.0,metal,16.3876,5.03879,229.426,490.915,203.722,1.96915,37.7959,36.933,6.76476,3.93194e-05,110.285,112.862,14,2,-4.76571,
Al12Tc2,63,oS28,0.0,metal,16.2141,3.81556,226.997,559.833,232.351,1.98823,36.4382,35.5711,7.34628,4.06547e-05,104.421,106.966,14,2,-4.47851,
Al14Th4,55,oP18,0.0,metal,21.3328,5.64725,383.99,356.015,135.839,1.99122,51.8293,50.4689,3.38768,4.46435e-05,80.5508,82.7221,18,2,-4.67417,
Al16Cu36,215,cP52,0.0,metal,12.7211,6.82637,661.495,357.957,95.914,2.27637,152.344,145.832,0.774145,6.44245e-05,105.387,110.092,52,2,-2.86712,
Al16Hf6Os7,225,cF116,0.0,metal,16.0685,10.0991,465.987,341.013,110.991,1.94578,83.1074,81.7044,2.78922,2.92496e-05,160.161,162.912,29,3,-6.61324,
Al16Hf6Pd7,225,cF116,0.0,metal,16.3421,7.87469,473.92,406.089,132.148,2.07071,81.5889,79.6654,3.28446,3.85558e-05,123.492,126.474,29,3,-5.44647,
Al16Hf6Pt7,225,cF116,0.0,metal,16.2219,10.1244,470.435,371.918,121.081,2.08544,82.5468,80.774,3.16526,3.48105e-05,140.968,144.062,29,3,-5.85408,
Al16Hf6Rh7,225,cF116,0.0,metal,15.9065,8.00227,461.288,360.979,117.501,1.97894,82.7764,81.1241,2.49561,3.40536e-05,140.146,143.001,29,3,-5.87211,
Al16Ir7Sc6,225,cF116,0.0,metal,16.3206,7.18174,473.296,412.064,134.101,1.99639,81.0681,79.4468,3.37984,3.38276e-05,135.912,138.686,29,3,-5.45677,
Al16Ni7Sc6,225,cF116,0.0,metal,15.489,4.11186,449.181,517.031,168.277,1.97714,77.502,75.4934,3.65252,4.45886e-05,101.234,103.927,29,3,-4.16893,
Al16Os7Sc6,225,cF116,0.0,metal,16.5083,7.05102,478.741,428.039,139.309,1.94719,80.3355,78.8555,3.99043,3.19628e-05,137.253,139.829,29,3,-5.6765,
Al16Os7Zr6,225,cF116,0.0,metal,16.3043,8.11412,472.824,377.947,123.034,1.94799,81.9599,80.5649,3.10511,2.94507e-05,154.786,157.466,29,3,-6.36166,
Al16Pd7Sc6,225,cF116,0.0,metal,16.9293,4.89163,490.949,410.063,133.45,2.09886,81.9027,79.5454,2.14066,4.66423e-05,99.4192,102.365,29,3,-4.46232,
Al16Pd7Ti6,225,cF116,0.0,metal,15.82,5.29854,458.781,466.824,152.003,2.09319,79.4364,77.4464,3.14955,4.06714e-05,118.196,121.233,29,3,-4.3203,
Al16Pd7Zr6,225,cF116,0.0,metal,16.5188,5.9754,479.044,464.997,151.352,2.08065,79.3713,77.5073,3.76232,3.8322e-05,119.606,122.483,29,3,-5.20112,
Al16Pt7Ti6,225,cF116,0.0,metal,15.8027,7.55391,458.277,407.956,132.799,2.06636,81.3739,79.575,3.06831,3.62213e-05,135.764,138.833,29,3,-4.73269,
Al16Pt7Zr6,225,cF116,0.0,metal,16.3892,8.19165,475.288,409.042,133.124,2.09801,81.3292,79.5587,3.40706,3.50865e-05,137.045,140.095,29,3,-5.60948,
Al16Rh7Sc6,225,cF116,0.0,metal,16.3567,4.97723,474.344,464.898,151.352,2.01597,79.281,77.506,3.31205,3.76605e-05,119.215,121.945,29,3,-4.90138,
Al16Ru7Sc6,225,cF116,0.0,metal,16.406,4.91744,475.773,478.881,155.908,1.94842,78.5271,76.9632,3.86459,3.46012e-05,124.502,127.031,29,3,-5.18297,
Al16Ru7Zr6,225,cF116,0.0,metal,16.1393,5.98352,468.04,403.995,131.497,1.94366,81.1882,79.6909,2.77407,3.20481e-05,141.28,143.934,29,3,-5.87069,
Al1As1,216,cF8,1.501,insulator-indirect,23.5565,3.59166,47.1131,373.114,296.05,2.03998,5.7561,5.57155,11.6444,5.35253e-05,61.7892,63.8358,2,2,-4.68569,-0.487688
Al1Au2,139,tI6,0.0,metal,16.6083,14.028,49.825,164.992,114.405,2.78459,9.40094,8.87558,0.961978,6.81498e-05,101.22,107.212,3,2,-2.37135,
Al1Au2Hf1,225,cF16,0.0,metal,17.868,13.9263,71.4718,165.973,104.573,2.33499,12.1756,11.8254,1.29073,4.16576e-05,127.4,131.173,4,3,-4.49548,
Al1Au2Mn1,225,cF16,0.0,metal,16.9044,11.6859,67.6177,193.893,122.212,2.50619,12.3729,11.7682,1.37962,6.67955e-05,89.738,94.3498,4,3,-3.65876,
Al1Au2Sc1,225,cF16,0.0,metal,18.1891,10.6327,72.7565,159.041,100.164,2.31524,12.2931,11.8421,0.903351,5.36523e-05,96.9062,100.596,4,3,-3.49617,
Al1Au2Ti1,225,cF16,0.0,metal,17.0205,11.4345,68.0819,176.989,111.503,2.34724,12.1924,11.8022,1.18828,4.62255e-05,121.646,125.668,4,3,-3.17693,
Al1B1Be1,216,cF12,0.0,metal,10.1856,2.54345,30.5567,1044.13,723.869,1.69771,5.29998,5.22165,67.878,2.96015e-05,131.567,133.54,3,3,-4.77738,-0.0514343
Al1Ba1Ge1,187,hP3,0.0,metal,28.7103,4.56729,86.1309,285.206,197.608,2.36409,9.16537,8.63191,4.77145,8.50296e-05,38.228,40.5905,3,3,-3.86235,-0.471924
Al1Ba1Si1,187,hP3,0.0,metal,27.9231,3.81384,83.7693,336.952,233.663,2.12484,8.84819,8.4777,7.98932,6.68988e-05,44.4517,46.3943,3,3,-4.08078,-0.383685
Al1Bi1,216,cF8,0.0,metal,33.4634,5.85452,66.9268,201.104,159.534,2.10667,6.15243,5.87499,4.40742,7.32931e-05,34.8951,36.5429,2,2,-3.83083,0.0595315
Al1Bi1O3,221,cP5,1.5288,insulator-indirect,10.9164,8.63886,54.5821,531.002,310.531,2.02741,13.1995,12.9086,15.9342,3.69247e-05,177.047,181.036,5,3,-6.54116,-2.02633
Al1C1Dy3,221,cP5,0.0,metal,23.3236,7.4968,116.618,322.02,188.307,1.61171,14.4355,14.1858,13.965,3.60162e-05,75.0834,76.4049,5,3,-5.74389,
Al1C1Er3,221,cP5,0.0,metal,22.5102,7.97838,112.551,329.045,192.4,1.66885,14.4111,14.1497,14.0139,3.6468e-05,79.3761,80.8423,5,3,-5.76474,
Al1C1Er3,221,cP5,0.0,metal,29.9007,6.00638,149.503,173.043,101.171,1.36713,15.0708,14.7598,3.45882,5.08954e-05,36.4115,37.1788,5,3,-3.89286,
Al1C1Gd3,221,cP5,0.0,metal,24.5191,6.91793,122.596,287.977,168.423,1.61201,14.61,14.3422,9.83536,3.83527e-05,67.8482,69.1154,5,3,-11.2165,
Al1C1Ho3,221,cP5,0.0,metal,22.9065,7.73901,114.533,322.975,188.892,1.64088,14.4338,14.1785,13.6598,3.61972e-05,77.346,78.7382,5,3,-5.75283,-0.418851
Al1C1La3,221,cP5,0.0,metal,28.9396,5.22968,144.698,269.069,157.312,1.71419,14.7533,14.4269,6.61794,4.35696e-05,53.9605,55.1816,5,3,-5.5573,
Al1C1Sc3,221,cP5,0.0,metal,19.1775,3.01083,95.8877,617.003,360.824,1.84179,12.5005,12.2627,22.7795,3.50296e-05,91.6083,93.3849,5,3,-6.24388,
Al1C1Tb3,221,cP5,0.0,metal,30.9329,5.5375,154.664,156.05,91.2294,1.49762,15.1927,14.8061,2.00545,5.76531e-05,34.0144,34.9025,5,3,-3.94986,
Al1C1Tb3,221,cP5,0.0,metal,23.7344,7.21699,118.672,318.993,186.552,1.60331,14.4497,14.1999,13.5368,3.62724e-05,72.7229,74.0023,5,3,-5.73451,
Al1C1Ti3,221,cP5,0.0,metal,15.244,3.98017,76.22,616.036,360.239,1.86582,12.4744,12.2751,21.4351,2.89266e-05,141.829,144.131,5,3,-6.01389,
Al1C1Y3,221,cP5,0.0,metal,23.4505,4.3295,117.252,425.051,248.542,1.69509,13.8683,13.615,16.7498,3.62182e-05,74.7687,76.1595,5,3,-6.89569,-0.425009
Al1Ca1Si1,187,hP3,0.0,metal,22.3713,2.35414,67.1139,484.24,335.587,2.00042,8.22838,7.94995,12.4227,5.77008e-05,56.0925,58.0571,3,3,-4.10983,-0.387037
Al1Co2Hf1,225,cF16,0.0,metal,15.0585,8.91382,60.234,369.974,233.085,0.863232,11.1947,11.1352,61.6353,2.05576e-05,106.136,106.703,4,3,-5.69857,
Al1Co2Nb1,225,cF16,0.0,metal,13.9712,7.06455,55.8847,463.032,291.672,1.60856,10.8683,10.6967,23.0936,3.34867e-05,123.849,125.836,4,3,-5.20761,
Al1Co2Ta1,225,cF16,0.0,metal,13.7685,9.82309,55.074,417.951,263.323,2.05139,11.2079,10.9323,13.6196,4.15215e-05,131.261,134.57,4,3,-5.62131,
Al1Co2Ti1,225,cF16,0.0,metal,13.8799,5.76491,55.5196,480.001,302.381,0.436803,10.6082,10.5929,213.507,1.11043e-05,100.223,100.367,4,3,-4.41453,
Al1Cr1Cu2,225,cF16,0.0,metal,13.9299,6.14124,55.7194,326.946,205.997,2.18396,11.8603,11.3447,3.62766,6.83058e-05,88.2819,92.2944,4,3,-3.90252,
Al1Cr2,139,tI6,0.0,metal,13.1524,5.51198,39.4571,549.818,381.349,2.31992,7.93027,7.67291,15.2638,4.80793e-05,126.491,130.733,3,2,-5.11651,
Al1Cu1Ti2,216,cF16,0.0,metal,16.5381,4.67715,66.1523,376.104,236.865,2.01717,11.5008,11.1316,6.26188,5.40601e-05,85.7986,88.6437,4,3,-4.10018,
Al1Cu2Hf1,225,cF16,0.0,metal,14.9172,9.25499,59.6689,315.991,199.068,2.05913,11.6944,11.3778,6.12275,4.45521e-05,120.322,123.669,4,3,-4.81654,
Al1Cu2Sc1,225,cF16,0.0,metal,15.2538,5.41661,61.0153,367.024,231.196,2.05673,11.5669,11.1717,5.8271,5.66086e-05,89.6892,92.8621,4,3,-3.6776,
Al1Cu2Ti1,225,cF16,0.0,metal,14.0161,5.98212,56.0646,404.055,254.504,2.09864,11.3375,11.0006,7.30709,4.82266e-05,116.345,119.908,4,3,-3.49692,
Al1Cu2Zr1,225,cF16,0.0,metal,15.2116,6.69424,60.8463,356.963,224.896,2.07431,11.5328,11.2119,6.4612,4.55387e-05,114.037,117.302,4,3,-4.49821,
Al1Dy1,221,cP2,0.0,metal,23.3195,6.74631,46.639,262.98,208.743,1.82983,5.95016,5.78283,9.56531,5.20402e-05,60.0475,61.785,2,2,-4.56804,
Al1Dy3N1,221,cP5,0.0,metal,21.7406,8.07317,108.703,333.916,195.324,1.91861,14.4577,14.1294,10.451,4.00099e-05,85.5905,87.5789,5,3,-6.09617,
Al1Er3N1,221,cP5,0.0,metal,20.9962,8.58525,104.981,337.971,197.664,1.91239,14.4346,14.1108,11.0693,3.96566e-05,89.0774,91.1213,5,3,-6.09771,
Al1F3,221,cP4,7.4209,insulator-indirect,12.0473,2.89373,48.1893,705.302,444.122,1.99283,9.50722,9.25413,17.2537,4.56678e-05,113.03,116.121,4,2,-5.89273,-3.56219
Al1F4Rb1,123,tP6,6.8631,insulator-indirect,14.741,3.53795,88.4459,429.018,236.088,2.05234,17.0944,16.3397,4.43993,7.42292e-05,69.3002,72.5011,6,3,-5.39184,-3.36784
Al1F5K2,123,tP8,6.2916,insulator-indirect,17.2319,2.41116,137.855,435.994,218.0,2.06042,22.9553,21.7336,3.2006,8.97998e-05,49.0926,51.8523,8,3,-5.16822,-3.26396
Al1F6K3,225,cF40,6.3116,insulator-direct,16.469,2.60406,164.69,335.173,155.493,2.08768,30.2037,28.3188,1.23651,0.000104202,46.7432,49.8546,10,3,-4.99507,-3.17606
Al1Fe2V1,225,cF16,0.7716,insulator-indirect,11.6175,6.77567,46.4702,674.994,425.223,2.05782,9.61752,9.44701,31.4323,2.91878e-05,194.024,197.526,4,3,-4.78101,
Al1Ge1Li1,216,cF12,0.0421,insulator-indirect,17.9861,3.27787,53.9583,465.811,323.106,2.07218,8.46645,8.03166,10.7519,8.58389e-05,48.3338,50.9504,3,3,-3.68232,-0.298215
Al1Ge1Sr1,187,hP3,0.0,metal,25.7684,4.02094,77.3051,324.949,225.342,2.31382,9.02874,8.5214,5.647,8.37684e-05,41.9041,44.3989,3,3,-3.7821,-0.471829
Al1Hf1Ni2,225,cF16,0.0,metal,13.8063,9.7077,55.225,262.04,165.05,1.98735,11.8318,11.5661,3.56834,3.81664e-05,148.437,151.847,4,3,-5.01743,
Al1Hf1Pd2,225,cF16,0.0,metal,16.4014,10.5868,65.6057,147.018,92.6042,2.17097,12.1519,11.8612,0.71177,3.72443e-05,144.262,147.798,4,3,-5.55125,
Al1Ho3N1,221,cP5,0.0,metal,21.3461,8.3358,106.73,338.081,197.664,1.92101,14.4369,14.1095,10.8835,3.99225e-05,87.3352,89.3617,5,3,-6.09541,-0.941759
Al1Ir1,221,cP2,0.0,metal,13.426,13.5556,26.8519,408.989,324.624,2.12075,5.57807,5.48484,25.107,2.65836e-05,223.592,227.393,2,2,-5.9326,
Al1La1O3,221,cP5,3.1268,insulator-indirect,11.2523,6.31276,56.2614,647.861,378.953,2.01793,12.2563,12.0199,22.272,3.24568e-05,180.844,184.401,5,3,-7.89861,
Al1La3,221,cP4,0.0,metal,32.0583,5.74561,128.233,177.984,112.133,1.86591,12.2336,11.8007,2.3293,6.41919e-05,36.9336,38.2886,4,2,-4.67064,
Al1La3N1,221,cP5,0.0,metal,27.3726,5.55326,136.863,297.943,174.271,1.86105,14.6436,14.3024,7.41522,4.23708e-05,63.0242,64.5281,5,3,-5.9444,
Al1Li1Si1,216,cF12,0.113,insulator-indirect,17.4611,1.96564,52.3834,637.81,442.364,1.98703,7.56429,7.27276,17.4072,6.68775e-05,55.6669,57.8983,3,3,-3.91008,-0.219302
Al1Li2Pd1,216,cF16,0.0,metal,14.0893,4.33907,56.3571,322.107,202.847,2.06672,12.0988,11.3749,2.80602,0.000100141,56.5316,60.1293,4,3,-3.07517,
Al1Li2Pt1,216,cF16,0.0,metal,13.7263,7.13614,54.9051,306.892,193.398,2.04199,11.9803,11.4229,3.94679,7.8245e-05,74.2939,77.9191,4,3,-3.49804,
Al1Li2Rh1,216,cF16,0.0,metal,13.2841,4.49287,53.1362,377.787,238.125,1.96839,11.6524,11.1347,4.82719,7.75511e-05,72.0842,75.4357,4,3,-3.37673,
Al1Lu3N1,221,cP5,0.0,metal,19.6991,9.54034,98.4957,320.066,187.137,1.82455,14.5044,14.1956,10.6232,3.94732e-05,91.3861,93.3741,5,3,-6.15088,
Al1Mn1Ni2,225,cF16,0.0,metal,12.6599,6.53527,50.6398,437.108,275.293,1.94786,11.1567,10.8417,10.4247,4.96327e-05,112.298,115.561,4,3,-4.12888,
Al1Mn1Pd2,225,cF16,0.0,metal,15.1247,8.08933,60.4987,268.896,169.459,2.30779,11.9699,11.5506,2.62667,5.16503e-05,116.499,120.728,4,3,-4.73552,
Al1Mn1Rh2,225,cF16,0.0,metal,14.104,8.46903,56.4159,421.999,265.843,2.18053,11.174,10.9095,10.9375,3.68348e-05,155.907,159.687,4,3,-5.4576,
Al1Mn1Ti2,216,cF16,0.2305,insulator-indirect,15.0621,4.89824,60.2483,325.983,205.367,1.8823,11.5821,11.335,4.38099,3.82082e-05,126.837,129.603,4,3,-4.52556,
Al1N1,225,cF8,4.434,insulator-indirect,8.41231,4.04541,16.8246,1122.12,890.532,1.89692,3.26969,3.23191,106.722,2.06496e-05,237.673,240.452,2,2,-7.27296,-1.24182
Al1N1,216,cF8,3.3062,insulator-indirect,10.6522,3.19475,21.3045,890.175,706.393,1.8566,4.05688,3.99974,60.2181,2.57091e-05,183.693,186.317,2,2,-7.42371,-1.39258
Al1N1Tb3,221,cP5,0.0,metal,22.1854,7.75077,110.927,337.073,197.079,1.90995,14.4407,14.1144,10.6901,3.99512e-05,83.692,85.6266,5,3,-6.09621,
Al1Nb1Ru2,225,cF16,0.0,metal,14.812,9.02543,59.2482,519.056,326.95,2.05603,10.5358,10.3919,26.2293,2.23855e-05,220.974,224.035,4,3,-6.69581,
Al1Ni1,221,cP2,0.0,metal,11.7646,6.04614,23.5292,501.175,397.644,2.08682,5.39289,5.25096,18.0075,4.29184e-05,146.346,150.302,2,2,-3.53438,
Al1Ni2V1,225,cF16,0.0,metal,12.0848,6.70901,48.3392,388.992,245.055,2.08965,11.343,11.0665,6.06207,3.95871e-05,164.245,168.349,4,3,-3.89015,
Al1Ni3,221,cP4,0.0,metal,11.1327,7.57173,44.5308,380.092,239.385,2.30838,11.5415,11.1171,4.62072,5.4707e-05,141.675,147.083,4,2,-2.86238,
Al1Os1,221,cP2,0.0,metal,13.6339,13.2258,27.2677,400.017,317.48,2.06432,5.59205,5.50568,24.8158,2.51987e-05,226.645,230.2,2,2,-6.34246,
Al1P1,216,cF8,1.6282,insulator-indirect,20.8564,2.30714,41.7128,525.078,416.693,1.96056,5.3136,5.18136,19.362,4.31815e-05,76.9433,78.9071,2,2,-5.18848,-0.654628
Al1Pd1,221,cP2,0.0,metal,14.497,7.63903,28.9939,350.915,278.589,2.26346,5.78588,5.61927,8.60186,4.32639e-05,139.423,143.557,2,2,-4.0779,
Al1Pt1,221,cP2,0.0,metal,14.4699,12.7422,28.9399,246.946,196.044,2.30598,5.95563,5.80713,4.79104,3.65263e-05,174.18,178.634,2,2,-4.65221,
Al1Pt3,221,cP4,0.0,metal,14.7631,17.2164,59.0522,264.991,166.94,2.52683,11.8519,11.5581,4.24404,3.31523e-05,204.916,210.125,4,2,-4.32203,
Al1Re1,221,cP2,0.0,metal,14.4015,12.2903,28.8029,277.988,220.649,1.9901,5.84651,5.75522,9.0019,2.63581e-05,207.939,211.237,2,2,-6.61275,
Al1Re2,139,tI6,0.0,metal,14.5406,15.2031,43.6219,417.982,289.825,2.06558,8.29479,8.19209,27.0053,2.01396e-05,264.35,267.663,3,2,-7.84378,
Al1Rh1,221,cP2,0.0,metal,13.3014,8.1075,26.6028,490.912,389.707,2.14319,5.38216,5.27575,25.1508,3.12419e-05,185.38,189.12,2,2,-4.97942,
Al1Ru1,221,cP2,0.0,metal,13.4172,7.92395,26.8344,481.068,381.77,2.04804,5.39484,5.3012,25.7684,2.86452e-05,193.009,196.418,2,2,-5.46966,
Al1Sb1,216,cF8,1.2271,insulator-indirect,30.28,4.07818,60.56,275.974,219.061,2.12706,5.99912,5.76458,6.82809,6.25324e-05,44.6996,46.5182,2,2,-4.09853,-0.282091
Al1Sc1,221,cP2,0.0,metal,20.2455,2.95016,40.4911,418.886,332.561,1.86038,5.62263,5.46533,13.5515,5.1088e-05,67.2571,69.1928,2,2,-4.82348,
Al1Si1Sr1,187,hP3,0.0,metal,25.0048,3.15856,75.0145,399.032,276.651,2.0511,8.59332,8.27199,10.2376,6.20482e-05,50.1896,52.1393,3,3,-4.01564,-0.398697
Al1Tb1,221,cP2,0.0,metal,23.6579,6.52437,47.3158,263.938,209.537,1.80489,5.94271,5.78046,9.82754,5.12144e-05,59.2764,60.9403,2,2,-4.58082,
Al1Tb3,221,cP4,0.0,metal,27.258,7.67215,109.032,215.958,136.071,1.61311,11.9957,11.7028,6.14948,5.08758e-05,47.0595,48.2373,4,2,-4.59441,
Al1Tc2,139,tI6,0.0,metal,14.2425,8.73627,42.7275,495.075,343.214,2.06982,8.00828,7.89418,24.9752,2.31881e-05,225.958,229.224,3,2,-6.33978,
Al1Ti1,123,tP2,0.0,metal,17.1111,3.63343,34.2221,524.039,415.899,2.10303,5.34691,5.18804,20.0674,4.79231e-05,90.4318,93.201,2,2,-4.70629,
Al1Ti1Zr2,225,cF16,0.0,metal,20.525,5.20453,82.1001,317.964,200.327,1.75823,11.5773,11.3622,7.56552,3.56084e-05,93.6464,95.4188,4,3,-6.70422,
Al1Y1,221,cP2,0.0,metal,23.5318,4.08885,47.0635,335.043,265.89,1.83549,5.8138,5.65173,12.0523,5.14831e-05,58.9468,60.6372,2,2,-5.52064,-0.417274
Al1Y3,221,cP4,0.0,metal,27.2719,4.47071,109.088,281.955,177.649,1.64756,11.7873,11.5001,7.63659,5.02496e-05,47.0305,48.205,4,2,-5.97091,-0.187645
Al1Zr3,221,cP4,0.0,metal,21.0467,5.93,84.1867,365.931,230.566,1.739,11.3577,11.1656,13.9246,3.2736e-05,96.5145,98.1744,4,2,-7.64384,-0.300212
Al24Ir8,223,cP32,0.0,metal,14.7202,7.7037,471.047,401.07,126.307,2.09478,90.1726,88.0899,2.45706,3.72752e-05,144.34,147.753,32,2,-4.88996,
Al2As2,186,hP4,1.6609,insulator-indirect,23.6004,3.58499,94.4015,373.007,234.975,2.04322,11.5138,11.1433,7.30144,5.36483e-05,61.7573,63.8106,4,2,-4.67988,-0.481879
Al2Au1,225,cF12,0.0,metal,18.3976,7.54951,55.1928,252.093,174.727,2.37064,9.08058,8.70527,2.98829,5.89895e-05,87.7831,91.5678,3,2,-3.24883,
Al2Au2O4,194,hP8,0.9622,insulator-indirect,11.4811,9.25458,91.8486,400.919,200.5,2.17875,22.6833,22.0332,4.9083,4.4783e-05,159.81,164.525,8,3,-5.64334,
Al2B2Ru3,65,oS14,0.0,metal,11.2594,7.98061,78.8161,518.07,270.789,2.10124,18.531,18.1995,10.5047,2.87722e-05,231.373,235.588,7,3,-5.97062,
Al2Ba1Si2,139,tI10,0.0,metal,22.713,3.61841,113.565,355.898,208.19,2.03725,14.5827,14.0278,5.29198,6.38386e-05,53.8045,55.9328,5,3,-4.33926,-0.287542
Al2C2Ti4,194,hP8,0.0,metal,14.4695,3.86723,115.756,761.931,381.0,1.88191,17.995,17.7325,26.4006,2.62436e-05,149.285,151.495,8,3,-6.31738,
Al2C2V4,194,hP8,0.0,metal,12.2143,4.78804,97.7141,739.114,369.5,1.91905,18.3122,18.0478,22.774,2.54337e-05,190.007,192.79,8,3,-6.89629,
Al2C2Zr4,194,hP8,0.0,metal,17.5461,5.23903,140.368,567.049,283.5,1.93695,20.5486,20.2251,17.851,2.74525e-05,139.24,141.467,8,3,-8.16298,-0.65018
Al2C6Nb8,194,hP16,0.0,metal,13.1432,6.86419,210.29,665.904,264.302,1.94449,38.4471,37.9917,16.1102,2.05352e-05,233.547,236.346,16,3,-8.72995,
Al2C6Ta8,194,hP16,0.0,metal,13.1014,12.4655,209.623,473.02,187.71,1.91817,43.1075,42.5769,10.7359,2.15741e-05,248.009,251.099,16,3,-9.46236,
Al2C6V8,194,hP16,0.0,metal,10.7507,5.15083,172.011,839.08,332.957,1.91627,33.844,33.4176,19.101,2.2212e-05,228.376,231.291,16,3,-7.57293,
Al2Cd1Te4,82,tI14,1.6595,insulator-direct,33.5984,4.77832,235.189,227.902,119.189,2.10736,21.3475,20.4376,2.2933,6.90848e-05,36.3391,37.957,7,3,-3.39913,
Al2Cl8Cu2,112,tP12,3.164,insulator-indirect,26.3269,2.44242,315.923,326.035,142.394,2.10895,35.9364,34.0626,1.72822,8.56621e-05,36.0109,37.9919,12,3,-3.45053,
Al2Co1Zr6,189,hP9,0.0,metal,20.1518,6.04475,181.366,362.033,174.031,1.70538,25.5557,25.1557,7.86888,3.08689e-05,105.079,106.75,9,3,-7.14428,
Al2Cu2O4,194,hP8,2.015,insulator-indirect,10.2056,4.98403,81.6448,590.863,295.5,2.0182,20.455,19.955,8.57476,4.12579e-05,161.756,165.81,8,3,-6.06713,-1.64142
Al2Cu4Re4,127,tP10,0.0,metal,13.6871,12.7745,136.871,368.015,170.81,2.21106,28.4667,27.8965,5.52323,3.06007e-05,201.724,205.847,10,3,-5.01939,
Al2Dy2Zn2,194,hP6,0.0,metal,20.7852,6.78699,124.711,326.032,179.405,1.89989,17.5373,17.0119,6.97469,5.3717e-05,65.7004,67.7296,6,3,-3.34135,
Al2Er2Zn2,194,hP6,0.0,metal,20.2718,7.08885,121.631,318.9,175.552,1.90862,17.5934,17.055,6.53584,5.44438e-05,67.2039,69.3256,6,3,-3.32213,
Al2F8Na2,63,oS24,6.6538,insulator-direct,12.4194,2.80704,149.032,607.044,265.132,2.02321,30.8502,29.6689,5.16721,6.52923e-05,83.0649,86.3722,12,3,-5.43111,-3.34827
Al2Fe1Zr6,189,hP9,0.0,metal,20.2116,5.99869,181.905,353.037,169.705,1.64954,25.6304,25.2473,7.81941,3.03696e-05,103.64,105.212,9,3,-7.19496,
Al2Ge2Sc2,63,oS12,0.0,metal,18.6305,4.29391,111.783,419.866,231.135,2.04463,16.9178,16.3906,6.95652,5.18949e-05,78.7616,81.2949,6,3,-5.01163,
Al2Ge2Y2,63,oS12,0.0,metal,20.5011,5.08875,123.006,387.988,213.525,2.03659,17.1258,16.6118,7.4396,5.0173e-05,74.8338,77.1493,6,3,-5.57078,-0.66729
Al2H8Na2,36,oS24,1.8804,insulator-indirect,10.4887,1.42493,125.864,648.727,283.477,1.68027,30.7448,28.9085,3.87583,0.000125275,40.3367,42.8989,12,3,-3.21642,-0.115703
Al2H8Th4,140,tI28,0.0,metal,14.3998,8.15603,201.597,339.88,141.071,1.9093,40.8121,39.5041,3.2761,5.70862e-05,89.5225,92.4867,14,3,-4.63589,
Al2Hf2,63,oS8,0.0,metal,19.0021,8.97779,76.0083,351.073,221.116,1.85324,11.4385,11.2288,14.1102,3.34344e-05,112.065,114.158,4,2,-7.25018,-0.401929
Al2Hf4,140,tI12,0.0,metal,20.4037,10.4162,122.422,271.032,149.137,1.55818,17.5292,17.2977,9.22553,2.83636e-05,106.925,108.355,6,2,-8.14759,-0.264438
Al2Hf6Pt1,189,hP9,0.0,metal,20.2549,12.024,182.294,281.989,135.571,1.7485,26.242,25.8639,7.04851,2.76404e-05,123.509,125.315,9,3,-8.33604,
Al2Hg1S4,82,tI14,2.0219,insulator-indirect,23.3895,3.88235,163.726,355.115,185.579,2.08151,20.3505,19.6413,4.45629,5.71547e-05,59.8381,61.9989,7,3,-4.29638,-0.825892
Al2Hg1Te4,82,tI14,1.1042,insulator-direct,33.7481,5.37696,236.237,218.093,113.961,2.17982,21.4776,20.4876,2.10439,7.23343e-05,36.0726,37.8158,7,3,-3.2896,-0.381948
Al2Ir1Li1,225,cF16,0.0,metal,13.573,7.74186,54.2922,386.048,243.165,2.01186,11.3773,11.0809,8.64435,4.3955e-05,128.091,131.517,4,3,-4.61497,
Al2K2O4,227,cF32,2.9344,insulator-indirect,16.3848,2.48498,131.078,500.164,250.0,1.89642,21.5991,21.0133,5.56473,4.87307e-05,84.8194,87.1839,8,3,-6.19385,-2.51827
Al2K2Te4,140,tI16,1.6982,insulator-indirect,33.4022,3.99299,267.217,232.963,116.5,2.07093,24.5972,23.3348,1.92813,8.50824e-05,29.1884,30.7675,8,3,-3.5696,-0.788882
Al2La6,194,hP8,0.0,metal,32.145,5.73011,257.16,170.053,85.0,1.79504,24.4149,23.6337,1.39218,6.10001e-05,36.7732,37.9888,8,2,-4.67809,
Al2Li10O8,59,oP20,4.7955,insulator-indirect,9.63508,2.16608,192.702,793.099,292.144,1.86514,44.8169,43.2953,5.39709,6.2861e-05,88.7251,91.8434,20,3,-5.52647,-2.22714
Al2Li1Pt1,225,cF16,0.0,metal,13.9775,7.60306,55.9102,388.052,244.425,2.13795,11.4461,11.0771,7.86111,5.13545e-05,113.096,116.864,4,3,-4.06614,
Al2Li1Rh1,225,cF16,0.0,metal,13.5741,5.00976,54.2965,463.062,291.672,2.0394,11.0434,10.7116,9.40332,5.01846e-05,109.141,112.523,4,3,-4.04833,
Al2Li2,227,cF16,0.0,metal,16.1794,1.74079,64.7175,525.305,330.729,1.9548,11.0475,10.3993,6.62954,0.000104599,40.8136,43.3575,4,2,-3.00755,-0.183257
Al2Li2Te4,122,tI16,2.437,insulator-direct,30.7576,3.90229,246.061,222.016,111.0,2.02473,24.5958,23.3943,1.53133,8.27538e-05,32.0214,33.6659,8,3,-3.6984,-0.715545
Al2Mn2Pt2,194,hP6,0.0,metal,15.5481,9.86159,93.2883,310.087,170.6,2.21819,17.6316,17.0997,4.22074,4.62611e-05,120.23,123.969,6,3,-5.53603,
Al2Mo6,223,cP8,0.0,metal,15.5784,8.38884,124.628,480.947,240.5,1.99731,21.4848,21.2028,13.9255,2.21215e-05,210.444,213.243,8,2,-7.16357,
Al2N2,186,hP4,4.0583,insulator-direct,10.6219,3.20386,42.4878,898.03,565.705,1.85274,8.06289,7.95054,39.0432,2.54755e-05,184.386,186.991,4,2,-7.44503,-1.4139
Al2N2,194,hP4,3.2558,insulator-direct,9.9584,3.41734,39.8336,894.827,563.815,1.85999,8.08219,7.96831,37.4828,2.5673e-05,196.666,199.477,4,2,-7.32951,-1.29838
Al2N2,194,hP4,3.2727,insulator-direct,9.94219,3.42292,39.7687,895.006,563.815,1.85904,8.08099,7.96718,37.5222,2.56742e-05,196.558,199.366,4,2,-7.3296,-1.29847
Al2N2Zr4,194,hP8,0.0,metal,16.6114,5.5837,132.891,533.032,266.5,1.96572,20.9747,20.6339,14.2322,2.79e-05,149.776,152.25,8,3,-8.3716,-1.08421
Al2N2Zr6,63,oS20,0.0,metal,17.7069,5.90148,177.069,507.01,235.329,1.79394,26.5157,26.1499,14.8153,2.58792e-05,140.591,142.558,10,3,-8.51695,-0.978304
Al2N6Ta8,194,hP16,0.0,metal,12.7301,12.9267,203.681,416.023,165.09,2.02682,44.3611,43.7298,6.4634,2.36487e-05,252.69,256.338,16,3,-9.344,
Al2N6V8,194,hP16,0.0,metal,10.651,5.31569,170.417,730.915,290.098,1.99723,36.8694,36.3198,11.762,2.52344e-05,230.193,233.676,16,3,-7.5927,
Al2Ni1Zr6,189,hP9,0.0,metal,20.3457,5.98496,183.111,353.037,169.705,1.69841,25.6463,25.245,7.37992,3.10438e-05,103.372,105.016,9,3,-7.07811,
Al2O4Rb2,227,cF32,3.3753,insulator-indirect,16.6756,3.596,133.405,437.139,218.5,1.92656,22.3192,21.6823,5.31359,5.04477e-05,84.6063,87.0913,8,3,-6.17339,-2.53134
Al2O6Y2,194,hP10,3.5012,insulator-indirect,12.0931,4.50072,120.931,613.087,284.529,1.95989,25.068,24.5856,9.92536,3.33154e-05,162.793,165.987,10,3,-8.23652,-3.23648
Al2O8P2,186,hP12,5.3305,insulator-direct,17.8813,1.88752,214.576,596.873,260.764,1.89534,30.293,29.805,6.164,2.87213e-05,125.216,127.267,12,3,-7.47698,-2.67826
Al2Os1,139,tI6,0.5131,insulator-indirect,13.9975,9.65514,41.9924,522.989,362.628,2.0484,7.91553,7.78076,32.569,2.80664e-05,184.946,188.149,3,2,-5.79222,
Al2P2,186,hP4,1.9593,insulator-indirect,20.8567,2.3071,83.4269,523.014,329.469,1.96248,10.6427,10.3765,12.0153,4.33354e-05,76.8917,78.8643,4,2,-5.18448,-0.650626
Al2Pd1,225,cF12,0.0,metal,17.2557,5.14398,51.7671,312.08,216.329,2.14372,8.81847,8.54692,4.41854,4.873e-05,99.2274,102.38,3,2,-3.98038,
Al2Pd5U1,139,tI16,0.0,metal,16.6242,10.2882,132.994,273.004,136.5,2.25982,23.7762,23.0716,2.60759,4.5074e-05,117.371,120.956,8,3,-4.5026,
Al2Pd5Y1,139,tI16,0.0,metal,15.9298,8.79363,127.439,333.882,167.0,2.32663,23.349,22.6245,3.62437,4.53109e-05,124.368,128.351,8,3,-4.34441,
Al2Pt1,225,cF12,0.0,metal,17.2333,7.99928,51.6999,255.001,176.807,2.09916,8.91411,8.69225,3.90818,3.99482e-05,121.827,124.936,3,2,-4.60213,
Al2Pt2Ti2,194,hP6,0.0,metal,15.9743,9.35461,95.8455,323.959,178.304,2.24419,17.4607,17.0137,4.61441,3.85704e-05,142.29,146.029,6,3,-5.03092,
Al2Ru1,139,tI6,0.0326,insulator-indirect,13.8753,6.18456,41.626,609.061,422.257,2.05932,7.53431,7.39428,32.2489,3.05932e-05,162.58,165.659,3,2,-5.14187,
Al2Sc4,194,hP6,0.0,metal,22.3525,2.89462,134.115,451.131,248.195,1.79445,16.5551,16.1532,9.83719,4.58573e-05,64.2417,65.8402,6,2,-5.00376,
Al2Sc4Si4,127,tP10,0.0,metal,18.0538,3.18359,180.538,562.116,260.857,2.02647,26.0439,25.3781,8.58911,4.28902e-05,90.5143,92.8889,10,3,-5.61174,
Al2Se4Tl2,140,tI16,0.5746,insulator-indirect,27.2122,5.93852,217.698,219.951,110.0,2.08015,24.5195,23.4052,1.81809,7.4624e-05,41.2152,43.1774,8,3,-4.01712,-0.749213
Al2Si2Y2,63,oS12,0.0,metal,19.6997,4.04529,118.198,473.148,260.302,1.97347,16.3975,15.9772,10.8823,4.41133e-05,82.5582,84.7296,6,3,-5.84384,-0.633685
Al2Sn6Zr10,193,hP18,0.0,metal,21.9996,7.03774,395.992,353.085,134.695,1.97092,51.5391,50.5039,4.38274,3.44273e-05,100.214,102.268,18,3,-6.96493,
Al2Te4Zn1,82,tI14,1.7089,insulator-direct,31.4824,4.74511,220.377,248.984,130.167,2.0958,21.2189,20.3289,2.75125,6.83433e-05,38.8528,40.5538,7,3,-3.41,
Al2Th1,191,hP3,0.0,metal,23.9609,6.60682,71.8828,342.955,237.823,1.96205,8.63677,8.44913,14.1211,3.74501e-05,84.5187,86.3957,3,2,-5.15128,
Al2Th2,63,oS8,0.0,metal,27.7416,7.75212,110.966,253.03,159.38,1.68184,11.7852,11.5908,9.33101,3.30104e-05,73.1016,74.3273,4,2,-5.52179,
Al2Ti6,194,hP8,0.0,metal,17.6378,4.01728,141.102,497.898,249.0,1.76785,21.3886,21.0162,11.4228,3.32784e-05,107.724,109.633,8,2,-4.78635,
Al2Y2,63,oS8,0.0,metal,24.5919,3.91258,98.3676,355.105,223.636,1.75506,11.4832,11.2164,10.1234,4.46245e-05,61.4398,62.9008,4,2,-5.52277,-0.419399
Al2Y2Zn2,194,hP6,0.0,metal,20.9035,4.79987,125.421,398.012,219.028,1.89591,17.045,16.5466,9.09529,5.25019e-05,64.795,66.7465,6,3,-3.98206,
Al2Zr2,63,oS8,0.0,metal,19.7397,4.97165,78.959,445.93,280.962,1.85505,10.9875,10.7839,16.8498,3.37415e-05,102.708,104.647,4,2,-6.61407,-0.470462
Al2Zr4,140,tI12,0.0,metal,21.1122,5.49056,126.673,326.994,179.955,1.60068,17.2458,16.9921,8.43437,3.08451e-05,95.7158,97.1453,6,2,-7.26369,-0.32007
Al2Zr4,194,hP6,0.0,metal,20.6688,5.60834,124.013,373.989,205.82,1.73916,16.9804,16.6967,10.4569,3.23314e-05,99.375,101.063,6,2,-7.30387,-0.360246
Al32Ni24,230,cI112,0.0,metal,13.0344,5.16859,729.927,546.012,142.713,2.06603,147.316,143.491,2.51939,4.27678e-05,128.63,132.06,56,2,-3.60916,
Al36Cr4Mg6,227,cF184,0.0,metal,16.509,2.89758,759.413,535.121,149.314,2.01879,122.58,118.644,2.18173,5.42943e-05,78.995,81.6155,46,3,-3.70916,
Al36Mg6Mn4,227,cF184,0.0,metal,17.396,2.77426,800.215,375.124,104.66,1.93488,133.636,128.138,0.845425,7.28145e-05,58.0797,60.5721,46,3,-3.74236,
Al36Mg6Mo4,227,cF184,0.0,metal,17.2071,3.14878,791.526,510.916,142.616,2.02393,123.909,120.152,2.16865,5.11236e-05,81.9025,84.4633,46,3,-3.98013,
Al36Mg6Ta4,227,cF184,0.0,metal,17.8392,3.72529,820.603,457.179,127.545,1.98719,127.456,123.538,2.00317,5.25502e-05,78.0273,80.5019,46,3,-4.13484,
Al36Mg6Ti4,227,cF184,0.0,metal,17.6883,2.67095,813.664,511.218,142.616,1.99981,124.363,120.221,1.96025,5.68714e-05,70.77,73.2085,46,3,-3.6919,
Al36Mg6V4,227,cF184,0.0,metal,16.9343,2.81581,778.978,548.999,153.222,1.99266,121.402,117.657,2.43746,5.28936e-05,77.3042,79.7649,46,3,-3.8255,
Al36Mg6W4,227,cF184,0.0,metal,17.2899,3.86787,795.335,489.174,136.476,2.00812,125.266,121.58,2.38891,4.98526e-05,84.2223,86.7757,46,3,-4.15096,
Al3B6Ni20,225,cF116,0.0,half-metal,9.94865,7.59506,288.511,463.054,150.701,2.61718,81.6518,77.7394,1.45764,6.34067e-05,152.749,160.436,29,3,-3.51795,
Al3Cu3Er3,189,hP9,0.0,metal,18.8571,7.56684,169.714,293.962,141.34,1.92787,26.5708,25.7856,3.69973,5.19617e-05,77.2023,79.5532,9,3,-3.93795,
Al3Dy1,221,cP4,0.0,metal,19.2668,5.24542,77.0671,408.941,257.654,2.08581,11.3894,10.9838,10.2867,5.81347e-05,70.3393,72.9365,4,2,-4.37892,
Al3Dy1,139,tI8,0.0,metal,20.0896,5.03057,80.3586,369.154,232.455,1.97031,11.5372,11.1621,8.66879,5.60857e-05,67.0004,69.252,4,2,-4.24156,
Al3Dy3Ni3,189,hP9,0.0,metal,17.9723,7.64322,161.751,266.997,128.36,1.87372,26.6961,25.9941,2.79558,4.73546e-05,87.0271,89.3777,9,3,-4.0302,
Al3Er1,221,cP4,0.0,metal,18.9531,5.4365,75.8123,414.813,261.434,2.09954,11.3616,10.9545,10.7424,5.82163e-05,71.567,74.2268,4,2,-4.36521,
Al3Er3Ni3,189,hP9,0.0,metal,17.5582,7.97355,158.024,282.048,135.571,1.87305,26.5635,25.88,3.33866,4.64477e-05,89.7785,92.1495,9,3,-4.03347,
Al3Er3Pd3,189,hP9,0.0,metal,19.5702,8.50319,176.132,246.925,118.745,2.01711,26.8493,26.1313,2.34642,4.49506e-05,91.0067,93.5073,9,3,-4.52349,
Al3Hf1,139,tI8,0.0,metal,17.3238,6.21691,69.2951,457.108,287.892,1.90147,10.9811,10.7334,18.0594,4.02118e-05,100.026,102.334,4,2,-5.68216,-0.386248
Al3Hf4,191,hP7,0.0,metal,19.2626,9.78931,134.838,360.942,188.716,1.74004,19.8961,19.5756,13.4608,3.11608e-05,111.331,113.154,7,2,-7.68214,-0.390364
Al3Ho1,221,cP4,0.0,metal,19.1102,5.3412,76.4407,415.1,261.434,2.09195,11.36,10.9548,10.7542,5.80761e-05,71.0048,73.6311,4,2,-4.37154,-0.421707
Al3Ho3Ni3,189,hP9,0.0,metal,17.7508,7.81439,159.757,287.025,137.975,1.87566,26.5291,25.8413,3.48817,4.67157e-05,88.4087,90.7617,9,3,-4.02969,
Al3Ir3Th3,189,hP9,0.0,metal,21.7675,11.4743,195.907,236.009,113.457,2.04305,26.6826,26.2022,3.087,2.96627e-05,127.016,129.345,9,3,-6.20359,
Al3La1Pd2,191,hP6,0.0,metal,18.8077,6.36647,112.846,342.065,188.21,2.11533,17.401,16.911,5.23183,4.52248e-05,95.6724,98.4447,6,3,-4.37567,
Al3Li1,221,cP4,0.0,metal,16.3085,2.23714,65.2339,529.038,333.249,2.15068,10.9446,10.3682,7.1534,8.48418e-05,54.7497,57.7938,4,2,-3.38398,-0.100053
Al3Mg3Y3,189,hP9,0.0,metal,23.7626,3.26556,213.864,413.897,199.03,1.80952,25.3653,24.6454,6.97072,5.33293e-05,53.3882,54.9475,9,3,-4.26859,-0.335186
Al3Nb1,139,tI8,0.0,metal,16.0368,4.50039,64.147,603.966,380.496,1.89703,10.0853,9.89648,27.4304,3.34147e-05,118.887,121.156,4,2,-5.32763,
Al3Ni2,164,hP5,0.0,metal,13.6309,4.83205,68.1544,555.898,325.151,2.05896,13.0741,12.7344,13.3435,4.29968e-05,121.131,124.362,5,2,-3.63599,
Al3Ni2Th1,191,hP6,0.0,metal,16.7914,7.09325,100.749,390.888,215.176,1.99801,16.9826,16.5865,8.48401,3.95282e-05,113.372,116.079,6,3,-4.21448,
Al3Os2,139,tI10,0.0,metal,13.8773,11.0407,69.3867,452.088,264.331,2.04627,13.6673,13.4422,16.9173,2.71614e-05,200.095,203.446,5,2,-6.0194,
Al3Pd3Tb3,189,hP9,0.0,metal,20.0419,8.07289,180.377,231.02,111.053,1.99493,26.9617,26.2427,1.92727,4.5258e-05,87.6736,90.0756,9,3,-4.52775,
Al3Pd3Th3,189,hP9,0.0,metal,22.5612,8.96516,203.051,210.979,101.438,2.1148,27.0077,26.3647,1.67949,3.80841e-05,98.9723,101.386,9,3,-4.97636,
Al3Pd3Y3,189,hP9,0.0,metal,20.04,6.13966,180.36,269.973,129.802,2.01472,26.6865,25.9678,2.29082,4.52838e-05,87.5715,89.9949,9,3,-5.14567,
Al3Pr1,221,cP4,0.0,metal,19.7765,4.65696,79.1061,409.983,258.284,1.48054,11.1435,10.9611,20.2019,3.7422e-05,73.6838,74.9097,4,2,-3.72065,
Al3Pt3Th3,189,hP9,0.0,metal,22.5063,11.1682,202.557,222.012,106.726,2.11809,26.8499,26.2966,2.41881,3.27865e-05,115.543,117.974,9,3,-5.52739,
Al3Pt3Zr3,189,hP9,0.0,metal,17.8255,9.72826,160.43,276.974,133.168,2.03306,26.3991,25.9101,3.28246,3.06463e-05,147.265,150.045,9,3,-6.32015,
Al3Rh3Th3,189,hP9,0.0,metal,21.7015,9.23118,195.313,242.01,116.341,2.04561,26.7016,26.1637,2.66402,3.32263e-05,113.151,115.477,9,3,-5.48154,
Al3Ru2,164,hP5,0.0,metal,15.3699,6.11681,76.8493,451.025,263.746,1.98129,13.7128,13.4516,11.4645,3.24954e-05,145.754,148.585,5,2,-5.04483,
Al3Sc1,221,cP4,0.0,metal,17.8585,2.92665,71.434,561.734,354.038,2.07549,10.5023,10.1591,13.6326,5.38503e-05,74.7543,77.2799,4,2,-4.47307,
Al3Sc1,139,tI8,0.0,metal,18.3101,2.85447,73.2404,549.215,345.848,1.97448,10.5444,10.2319,14.2961,5.12244e-05,73.1828,75.4178,4,2,-4.40348,
Al3Ta1,139,tI8,0.0,metal,16.0904,6.75689,64.3614,485.052,305.531,1.91519,10.7979,10.5831,20.9283,3.51411e-05,122.42,124.905,4,2,-5.63301,
Al3U1,221,cP4,0.0,metal,20.4312,6.48115,81.7247,359.07,226.156,2.18185,11.6292,11.2082,8.42758,5.67201e-05,72.2257,74.9386,4,2,-5.26698,
Al3V1,139,tI8,0.0,metal,14.8127,3.69618,59.2508,657.135,413.884,1.93304,9.77316,9.56221,25.0707,3.79532e-05,111.147,113.599,4,2,-4.68515,
Al3Y1,221,cP4,0.0,metal,19.3824,3.63788,77.5296,484.143,304.901,2.07059,10.9733,10.5981,12.1137,5.63937e-05,68.8112,71.2471,4,2,-4.84568,-0.422217
Al3Yb1,221,cP4,0.0,metal,19.4586,5.41858,77.8342,375.878,236.865,2.11452,11.7034,11.1444,8.13867,7.74443e-05,53.642,56.3331,4,2,-3.28803,
Al3Zr1,221,cP4,0.0,metal,17.3421,4.12127,69.3685,453.966,286.002,1.95105,11.0289,10.7525,11.1041,4.35763e-05,95.2033,97.651,4,2,-5.40312,-0.459538
Al3Zr4,191,hP7,0.0,metal,19.8794,5.32001,139.156,460.931,240.991,1.77466,19.067,18.7442,15.2362,3.21789e-05,101.624,103.373,7,2,-6.94651,-0.460037
Al40La2Ti4,227,cF184,0.0,metal,17.7206,3.1548,815.149,506.792,141.5,2.07673,124.734,120.477,2.08704,5.62547e-05,74.3397,76.9665,46,3,-4.08118,
Al40La2V4,227,cF184,0.0,metal,17.0095,3.3125,782.439,512.24,142.895,2.0449,124.069,120.112,2.21014,5.32429e-05,80.3701,83.0175,46,3,-4.20149,
Al40Pr2V4,227,cF184,0.0,metal,16.6436,3.39403,765.605,504.783,140.941,2.03977,124.405,120.544,2.12251,5.19478e-05,84.2035,86.9007,46,3,-4.08777,
Al40Ti4Yb2,227,cF184,0.0,metal,17.4857,3.33813,804.34,494.972,138.151,2.04396,125.579,121.251,2.08898,5.76341e-05,73.0755,75.684,46,3,-3.90188,
Al40V4,227,cF176,0.0,metal,17.2135,2.81296,757.392,469.962,133.131,2.02893,121.41,117.44,1.54549,5.49823e-05,78.0807,80.7202,44,2,-4.06168,
Al4Au4Ca4,62,oP12,0.0,metal,21.8149,6.69923,261.779,236.923,103.519,2.20583,36.6376,34.961,1.28149,7.08914e-05,57.335,60.0846,12,3,-2.9735,
Al4Au4Dy2,129,tP10,0.0,metal,19.6597,10.3113,196.597,233.055,108.149,2.22609,30.1264,29.1491,1.8081,4.94234e-05,91.6415,94.7139,10,3,-3.56324,
Al4Au4Dy4,62,oP12,0.0,metal,20.9636,10.2036,251.563,236.965,103.519,2.14362,36.0368,34.9407,1.97041,4.81524e-05,84.7829,87.4426,12,3,-3.90999,
Al4Au4Er4,62,oP12,0.0,metal,20.5841,10.5197,247.009,239.061,104.393,2.13777,36.0072,34.9231,2.04486,4.7759e-05,86.8813,89.5782,12,3,-3.89648,
Al4Au4Sr2,129,tP10,0.0,metal,21.5931,8.2364,215.931,216.035,100.258,2.28349,30.6628,29.2797,1.23527,6.71701e-05,63.4668,66.4647,10,3,-2.92413,
Al4Au4Th2,129,tP10,0.0,metal,20.6917,10.9132,206.917,258.986,120.217,2.26786,29.7938,28.949,2.70137,4.22878e-05,103.156,106.167,10,3,-3.92781,
Al4Au4Y4,62,oP12,0.0,metal,21.0616,8.22203,252.739,274.939,120.117,2.1464,35.6617,34.5792,2.49023,4.80308e-05,83.7099,86.3305,12,3,-4.5493,
Al4Au4Yb4,62,oP12,0.0,metal,21.8102,10.075,261.722,196.904,86.0477,2.28342,37.1543,35.2842,1.02614,7.53472e-05,56.608,59.6084,12,3,-2.66552,
Al4Au8,62,oP12,0.0,metal,16.7216,13.933,200.659,193.048,84.3005,2.7715,37.3453,35.3163,0.617981,6.68614e-05,100.997,106.799,12,2,-2.3806,
Al4Ba1,139,tI10,0.0,metal,23.7345,3.43177,118.673,343.142,200.588,1.99326,14.689,14.0996,4.98715,6.89091e-05,47.0162,48.9814,5,2,-3.6172,-0.237549
Al4Ba2,227,cF24,0.0,metal,25.9456,4.08098,155.673,300.852,165.647,2.00481,18.0281,17.1697,3.9454,8.12726e-05,37.4393,39.311,6,2,-3.33465,-0.197603
Al4C4Th1,87,tI18,0.0,metal,13.0414,5.48939,117.372,594.85,286.046,1.89674,22.7888,22.3838,14.0907,3.17079e-05,156.017,158.84,9,3,-6.56183,
Al4C6Th4,58,oP14,0.0,metal,16.7425,7.85048,234.396,446.056,185.051,1.93697,38.418,37.7516,8.41329,3.02247e-05,141.719,144.221,14,3,-6.94991,
Al4Ca12Sb12,62,oP28,0.2916,insulator-direct,30.042,4.04662,841.175,266.936,87.9276,1.93558,83.9909,80.8933,1.2808,6.50154e-05,39.2476,40.7505,28,3,-4.00002,-0.940768
Al4Ca2,227,cF24,0.0,metal,21.4479,2.427,128.687,481.051,264.705,2.0006,16.5796,15.9314,7.4802,6.70573e-05,50.259,52.3039,6,2,-3.49261,-0.329875
Al4Cd2O8,227,cF56,2.8029,insulator-indirect,10.8472,5.03801,151.861,547.086,226.958,1.97896,36.6475,35.8243,5.34032,3.85741e-05,164.985,168.776,14,3,-6.41875,-2.4019
Al4Cd2Se8,227,cF56,1.32,insulator-indirect,23.4923,4.86929,328.892,267.047,110.782,2.07781,41.9619,40.4468,1.51157,5.91866e-05,59.205,61.4227,14,3,-3.90386,
Al4Co2O8,227,cF56,3.9638,insulator-indirect,9.80219,4.28096,137.231,712.059,295.418,1.92815,32.8338,32.2041,9.26437,3.3788e-05,181.776,185.33,14,3,-7.07695,-2.17403
Al4Co2Y2,63,oS16,0.0,metal,17.4337,4.80536,139.469,411.893,206.0,1.87872,22.454,21.9227,6.66628,4.26413e-05,94.7022,96.9973,8,3,-4.66132,
Al4Cu2Mg2,63,oS16,0.0,metal,16.5725,3.5524,132.58,454.757,227.5,2.10771,22.4474,21.5206,4.85163,6.72536e-05,68.8082,71.7713,8,3,-2.97775,
Al4Dy2,227,cF24,0.0,metal,20.316,5.89756,121.896,371.884,204.719,1.82649,17.1344,16.7127,9.50178,4.56657e-05,75.2601,77.1593,6,2,-4.54898,
Al4Er2,227,cF24,0.0,metal,19.9274,6.1448,119.564,374.087,205.82,1.85029,17.1331,16.7008,9.53999,4.61557e-05,76.7983,78.786,6,2,-4.52737,
Al4Er2Ni2,63,oS16,0.0,metal,17.4234,6.6693,139.387,357.031,178.5,1.91669,23.0043,22.4151,5.75013,4.53016e-05,93.342,95.7956,8,3,-4.12945,
Al4Er8,62,oP12,0.0,metal,25.6387,7.80446,307.664,233.001,101.772,1.65191,35.796,34.9694,3.30151,4.6989e-05,55.1908,56.4955,12,2,-4.58723,
Al4Fe6Si8,63,oS36,0.0,metal,12.3259,4.99727,221.867,664.222,253.363,2.10997,43.7505,42.8285,8.27137,3.39226e-05,163.211,166.725,18,3,-4.7474,
Al4Gd4O12,62,oP20,4.9566,insulator-direct_spin-polarized,10.6765,7.22382,213.531,595.98,219.568,1.96091,50.6796,49.7025,7.79564,3.33504e-05,186.554,190.221,20,3,-9.76677,
Al4Ge2La4,63,oS20,0.0,metal,26.1049,5.14434,261.049,329.034,152.708,1.854,29.0428,28.3148,5.51251,4.55162e-05,61.0207,62.5898,10,3,-4.94285,
Al4H12,227,cF64,3.1727,insulator-indirect,11.3548,1.097,181.677,889.43,353.197,1.56081,33.0914,31.9405,8.34334,7.72637e-05,45.5724,47.2145,16,2,-3.47856,-0.002912
Al4Hg2S8,227,cF56,1.3021,insulator-indirect,20.0961,4.51859,281.346,328.055,136.092,2.07554,41.0287,39.6691,2.11564,5.43777e-05,73.871,76.4028,14,3,-4.27879,-0.808302
Al4Hg2Se8,227,cF56,0.3908,insulator-indirect,23.7587,5.69512,332.622,240.044,99.5792,2.13493,42.4058,40.7505,1.22804,6.22707e-05,57.8195,60.1681,14,3,-3.75715,-0.654498
Al4Ho2,227,cF24,0.0,metal,20.1132,6.02394,120.679,375.055,206.37,1.8356,17.1185,16.6939,9.71003,4.57474e-05,76.1391,78.0755,6,2,-4.53692,-0.518328
Al4Ho8,62,oP12,0.0,metal,26.0116,7.59341,312.14,225.0,98.2778,1.64769,35.8615,35.0337,2.96462,4.71714e-05,54.0785,55.3564,12,2,-4.59413,-0.300498
Al4I2La4,194,hP10,0.0,metal,29.9947,5.07858,299.947,283.012,131.357,2.02441,29.713,28.7536,3.44216,5.4141e-05,49.2944,50.9391,10,3,-4.50583,
Al4La1,139,tI10,0.0,metal,21.4842,3.81558,107.421,289.981,169.593,1.9793,14.8376,14.3471,2.97362,5.66835e-05,64.2902,66.4882,5,2,-4.27822,
Al4La10Ru6,199,cI40,0.0,metal,25.428,6.86799,508.56,233.039,85.8379,1.87677,59.686,58.2819,1.54783,4.23712e-05,69.6353,71.313,20,3,-5.2129,
Al4La2,227,cF24,0.0,metal,22.8595,4.67005,137.157,354.935,195.364,1.90394,17.3245,16.8279,6.99499,5.11371e-05,62.6168,64.4647,6,2,-4.55291,
Al4La4,63,oS16,0.0,metal,27.1262,5.07742,217.01,279.923,140.0,1.81326,23.6738,23.0131,4.30039,5.21659e-05,50.6102,52.0631,8,2,-4.63841,
Al4Li4,194,hP8,0.0,metal,18.6325,1.5116,149.06,584.135,292.0,1.86856,21.1576,20.0715,6.64929,9.55175e-05,35.4503,37.3685,8,2,-2.92206,-0.0977631
Al4Li4O8,92,tP16,4.5894,insulator-direct,10.8189,2.52948,173.103,788.066,312.718,1.89066,35.5852,34.7781,8.098,4.0943e-05,125.125,128.029,16,3,-6.62708,-2.74935
Al4Mg2O8,227,cF56,5.1166,insulator-indirect,9.73303,3.46739,136.262,809.086,335.665,1.90248,30.4768,29.9326,11.24,3.18823e-05,177.336,180.56,14,3,-7.10853,-2.99351
Al4Mg2O8,63,oS28,4.8547,insulator-direct,8.79463,3.83737,123.125,878.045,364.294,1.92014,28.7912,28.2958,13.6176,3.04423e-05,195.905,199.335,14,3,-7.00033,-2.8853
Al4Mn2S8,227,cF56,1.7721,insulator-indirect_spin-polarized,19.1651,2.93526,268.311,422.009,175.093,1.9555,39.3085,38.1951,3.13183,4.92869e-05,77.1262,79.3743,14,3,-5.50116,
Al4Ni2Y2,63,oS16,0.0,metal,17.8024,4.70015,142.42,420.901,210.5,1.93736,22.4069,21.8351,6.69616,4.47112e-05,90.4893,92.8592,8,3,-4.60684,
Al4O10Si2,63,oS32,5.4565,insulator-direct,9.49682,3.54175,151.949,886.232,351.609,1.9362,32.6124,32.1265,12.8372,2.60767e-05,212.874,216.093,16,3,-7.54403,-2.8482
Al4O12Y4,62,oP20,5.5421,insulator-indirect,10.4772,5.19488,209.544,699.102,257.514,1.96509,47.2784,46.424,8.78906,3.12063e-05,189.412,192.898,20,3,-8.32033,-3.3203
Al4O6,167,hR10,,,8.74926,3.87028,87.4926,951.015,441.415,1.91619,19.2443,18.9653,21.7995,2.56641e-05,218.618,221.834,10,2,-7.48168,-3.02557
Al4O8Pb2,40,oS28,3.9547,insulator-direct,14.735,5.2348,206.29,491.021,203.722,1.92899,37.8013,36.9339,6.38406,4.03914e-05,116.547,119.284,14,3,-6.92964,-2.51301
Al4O8Zn2,227,cF56,4.4888,insulator-indirect,9.5108,4.57291,133.151,757.013,314.089,1.91026,31.7367,31.1525,11.6634,3.27407e-05,184.982,188.451,14,3,-6.69765,-2.62943
Al4Pb2S8,66,oS28,2.6008,insulator-direct,23.835,3.87557,333.69,340.97,141.485,1.96182,40.728,39.4758,2.89392,5.33256e-05,59.6729,61.5658,14,3,-4.91008,-0.953321
Al4Pd20,62,oP24,0.0,metal,14.8444,10.4216,356.265,286.099,99.1507,2.52228,71.4884,68.9579,0.991279,4.7751e-05,139.365,144.48,24,2,-3.29297,
Al4Pd4,198,cP8,0.0,metal,14.5793,7.59589,116.634,377.938,189.0,2.2828,22.9268,22.249,4.20196,4.39844e-05,135.085,139.201,8,2,-4.09537,
Al4Pd4Tb4,62,oP12,0.0,metal,20.0635,8.06417,240.762,233.044,101.772,2.01893,35.9466,34.9691,1.58928,4.55875e-05,88.3044,90.7727,12,3,-4.52918,
Al4Pd4Y4,62,oP12,0.0,metal,20.0121,6.14822,240.146,259.966,113.565,2.01897,35.6937,34.7276,1.67832,4.53372e-05,88.4406,90.901,12,3,-5.14853,
Al4Pt12,127,tP16,0.0,metal,14.7845,17.1914,236.553,271.999,107.943,2.43201,47.2134,46.1337,1.97832,3.17741e-05,204.575,209.362,16,2,-4.34392,
Al4Pt4,198,cP8,0.0,metal,14.5693,12.6554,116.554,325.96,163.0,2.23771,23.1922,22.6681,4.6761,3.41423e-05,174.576,178.613,8,2,-4.74278,
Al4Pt8,62,oP12,0.0,metal,14.6189,15.795,175.426,264.928,115.749,2.36178,35.4897,34.6668,2.13756,3.32022e-05,192.446,197.015,12,2,-4.54748,
Al4Ru2,70,oF24,0.1204,insulator-indirect,13.9086,6.16976,83.4517,554.865,305.428,2.03767,15.5771,15.2813,15.7209,3.1561e-05,161.141,164.26,6,2,-5.1367,
Al4S8Sr2,66,oS28,3.8953,insulator-indirect,24.0873,2.65731,337.222,421.941,175.093,1.95707,39.3849,38.2012,3.83887,5.23602e-05,57.7868,59.5773,14,3,-5.13315,-1.46513
Al4S8Zn2,227,cF56,2.4694,insulator-indirect,18.0979,3.24523,253.37,477.991,198.329,1.98513,38.2798,37.2062,4.51413,4.80863e-05,82.649,85.0338,14,3,-4.55253,
Al4Sc2,227,cF24,0.0,metal,18.6049,2.94293,111.629,571.049,314.233,1.92655,15.5427,15.1515,13.6244,4.44494e-05,79.9054,81.9683,6,2,-4.6652,
Al4Se8Sr2,66,oS28,2.973,insulator-indirect,27.6289,3.9274,386.805,303.889,126.134,1.9761,41.4102,39.9951,2.49112,5.89078e-05,47.5657,49.2487,14,3,-4.57436,-1.27417
Al4Se8Zn2,227,cF56,1.5792,insulator-indirect,21.6121,4.77668,302.569,323.082,134.017,2.0499,41.1609,39.7408,2.41942,5.73374e-05,64.3302,66.6289,14,3,-3.96143,
Al4Sr2,227,cF24,0.0,metal,23.7299,3.30251,142.379,371.947,204.719,1.97968,17.4936,16.7402,5.50233,7.44256e-05,42.9113,44.8426,6,2,-3.31294,-0.256049
Al4Tb2,227,cF24,0.0,metal,20.47,5.75655,122.82,370.949,204.169,1.81811,17.1413,16.7207,9.39143,4.5716e-05,74.2207,76.0879,6,2,-4.56051,
Al4Tb8,62,oP12,0.0,metal,26.7167,7.1442,320.6,221.049,96.5306,1.61802,35.8806,35.0687,2.8517,4.70412e-05,51.8437,53.0439,12,2,-4.62017,
Al4Th2,227,cF24,0.0,metal,22.9614,6.89441,137.768,295.045,162.345,1.88857,17.5721,17.1785,6.0557,3.99188e-05,81.4972,83.3645,6,2,-5.05063,
Al4Th6,127,tP10,0.0,metal,29.4274,8.46514,294.274,191.952,89.1185,1.74761,29.9354,29.4047,2.40255,3.42347e-05,70.0387,71.3027,10,2,-5.71315,
Al4Y2,227,cF24,0.0,metal,20.3576,3.88454,122.145,466.07,256.45,1.86883,16.446,16.0368,11.7594,4.51062e-05,74.378,76.276,6,2,-5.18421,-0.534111
Al4Y8,62,oP12,0.0,metal,26.7232,4.24186,320.678,296.975,129.727,1.62563,35.1058,34.3341,4.07048,4.55713e-05,52.5187,53.699,12,2,-5.87305,-0.31642
Al4Yb2,227,cF24,0.0,metal,21.1868,5.93055,127.121,335.002,184.358,1.9888,17.7148,16.9694,6.13651,7.22106e-05,50.6131,52.8362,6,2,-3.2062,
Al5Ba5Sn1,187,hP11,0.0,metal,32.9622,4.30608,362.584,215.036,96.6735,1.91745,33.7198,32.2152,1.53304,7.92388e-05,29.6723,31.0582,11,3,-3.26818,
Al5Ca5Si5,187,hP15,0.0,metal,22.302,2.36146,334.53,490.05,198.685,2.00129,41.0405,39.6362,4.38548,5.83744e-05,55.5485,57.5166,15,3,-4.11192,-0.389131
Al6B4Ru8,123,tP18,0.0,metal,11.8709,7.87768,213.676,559.035,213.298,2.04845,46.4826,45.7395,7.86864,2.63465e-05,228.266,231.974,18,3,-5.93447,
Al6C2Zr10,193,hP18,0.0,metal,18.8361,5.37814,339.05,457.03,174.378,1.76407,49.0516,48.2803,7.52648,3.00676e-05,114.516,116.346,18,3,-7.5273,-0.508486
Al6C6Dy2,194,hP14,0.0,metal,12.6594,5.23704,177.231,701.17,290.854,1.87522,33.027,32.4582,16.1469,3.11242e-05,150.287,152.921,14,3,-6.50935,
Al6C6Er2,194,hP14,0.0,metal,12.4992,5.39447,174.989,698.875,290.024,1.86946,33.0772,32.5099,16.322,3.10827e-05,152.188,154.843,14,3,-6.52745,
Al6C6Gd2,194,hP14,0.0,metal,12.8403,5.06624,179.765,694.148,287.95,1.86965,33.195,32.6175,15.5586,3.154e-05,146.187,148.776,14,3,-7.78842,
Al6C6Ho2,194,hP14,0.0,metal,12.5735,5.31866,176.029,698.916,290.024,1.87268,33.078,32.509,16.161,3.1126e-05,151.287,153.935,14,3,-6.51813,-0.309507
Al6C6Sc2,186,hP14,0.3017,insulator-indirect,11.8792,3.23372,166.308,908.122,376.741,1.85914,27.9855,27.5762,20.3263,2.66798e-05,156.263,158.582,14,3,-6.6315,
Al6C6Tb2,194,hP14,0.0,metal,12.7463,5.1348,178.448,700.91,290.854,1.88092,33.0269,32.4551,15.871,3.12082e-05,149.237,151.866,14,3,-6.49936,
Al6C6Y2,194,hP14,0.0,metal,12.667,3.85566,177.338,807.855,335.25,1.87716,30.4389,29.9524,18.1961,2.88798e-05,148.99,151.409,14,3,-6.77266,-0.293395
Al6C8Hf4,194,hP18,0.0,metal,11.8599,7.56024,213.478,648.856,247.64,1.8741,43.9123,43.2552,14.3452,2.69725e-05,192.325,195.247,18,3,-8.05527,-0.497724
Al6C8Zr4,194,hP18,0.0,metal,12.1551,4.72722,218.792,789.912,301.441,1.89667,39.6229,39.0662,16.2974,2.50622e-05,183.981,186.603,18,3,-7.7039,-0.459525
Al6Ca6Si6,186,hP18,0.0,metal,22.29,2.36273,401.22,480.143,183.154,1.99001,49.4662,47.7968,3.69663,5.78599e-05,55.9255,57.8788,18,3,-4.11023,-0.387439
Al6Hf10N2,193,hP18,0.0,metal,17.8395,10.2122,321.111,305.021,116.379,1.74696,52.147,51.348,4.03278,2.94985e-05,130.311,132.339,18,3,-8.37989,-0.678324
Al6Hf2,139,tI16,0.0,metal,17.1938,6.26392,137.55,445.946,223.0,1.90758,22.094,21.5832,10.4611,4.1076e-05,99.7348,102.095,8,2,-5.6922,-0.396289
Al6Hf6Pt6,190,hP18,0.0,metal,17.4055,12.7383,313.3,296.936,113.327,2.04532,52.4284,51.493,3.18944,2.93906e-05,157.025,159.878,18,3,-6.78963,
Al6Ir2,194,hP8,0.0,metal,15.3866,7.37004,123.093,330.042,165.0,2.06135,23.1577,22.6404,3.62527,3.65354e-05,143.11,146.38,8,2,-4.99589,
Al6Os2U4,194,hP12,0.0,metal,19.9591,10.3609,239.509,294.082,128.416,2.00565,35.2312,34.3731,4.12965,4.09884e-05,96.7818,99.1979,12,3,-6.47555,
Al6Pt10,55,oP16,0.0,metal,14.5744,15.045,233.191,268.068,106.356,2.33615,47.2773,46.1887,1.77203,3.32687e-05,190.966,195.467,16,2,-4.60085,
Al6Pt6Zr6,190,hP18,0.0,metal,17.8208,9.73079,320.775,317.944,121.34,2.03216,52.0751,51.1321,3.13026,3.00475e-05,147.884,150.611,18,3,-6.31921,
Al6Th2,194,hP8,0.0,metal,21.8297,5.95198,174.638,312.933,156.5,1.97783,23.3749,22.7756,4.35912,4.38776e-05,80.8766,83.0049,8,2,-4.81349,
Al6Zr2,139,tI16,0.0,metal,17.4356,4.09918,139.485,555.826,278.0,1.90959,20.8358,20.3748,13.5073,3.9322e-05,96.5078,98.6916,8,2,-5.4312,-0.487618
Al7Cu16Yb6,225,cF116,0.0,metal,16.6792,7.70318,483.696,285.897,93.0894,2.1593,87.6372,83.3809,1.05698,7.71853e-05,65.5944,68.9427,29,3,-2.56987,
Al7Cu16Zr6,225,cF116,0.0,metal,14.7097,6.82356,426.582,415.099,135.077,2.12993,81.8275,79.3859,2.49352,4.76973e-05,112.406,115.864,29,3,-4.19363,
Al8B4Re12,227,cF96,0.0,metal,13.0282,13.2423,312.676,364.973,126.538,2.05659,68.0406,67.008,3.4084,2.48347e-05,244.232,247.996,24,3,-6.89392,
Al8Ba4Ge8,62,oP20,0.0,metal,24.5217,4.55701,490.433,301.037,110.889,2.11674,59.838,57.2157,1.62676,7.08103e-05,47.7451,49.9333,20,3,-4.08254,-0.398826
Al8Ba4Si8,62,oP20,0.0,metal,23.6466,3.47554,472.932,369.844,136.309,2.01048,57.8604,55.8145,2.4526,5.98479e-05,54.5043,56.5022,20,3,-4.34849,-0.296768
Al8C2O8,36,oS36,3.816,insulator-indirect,12.7059,2.67094,228.707,745.098,284.271,1.87543,41.13,40.4067,8.40465,3.18323e-05,141.262,143.79,18,3,-7.17942,-2.29951
Al8C4Mo12,213,cP24,0.0,metal,13.7488,7.1217,329.971,424.961,147.339,2.00211,66.3523,65.3491,3.29673,2.54263e-05,214.485,217.777,24,3,-6.95509,
Al8C4Nb12,213,cP24,0.0,metal,15.1392,6.30126,363.341,565.996,196.221,1.92329,61.545,60.7047,8.56073,2.39422e-05,183.641,186.183,24,3,-7.49625,
Al8C4Ta12,213,cP24,0.0,metal,15.1268,11.1388,363.044,434.022,150.459,1.91205,65.9774,65.0779,6.89445,2.39775e-05,196.644,199.362,24,3,-8.28079,
Al8C8Si2,186,hP18,0.0,metal,11.6721,2.90941,210.098,684.953,261.376,1.87184,43.0266,42.2047,6.37861,3.46386e-05,147.654,150.529,18,3,-6.26083,0.103543
Al8Ce2Ni2,63,oS24,0.0,metal,17.4797,4.85657,209.756,464.136,202.671,2.00241,32.9792,32.1083,6.4118,4.49915e-05,92.7308,95.2459,12,3,-3.97408,
Al8Co2La2,51,oP12,0.0,metal,18.1807,4.65452,218.168,453.032,197.866,1.9531,33.14,32.277,6.36347,4.5265e-05,87.2581,89.5914,12,3,-4.2158,
Al8Dy12,136,tP20,0.0,metal,25.7607,6.98055,515.215,236.044,86.9431,1.66544,59.5916,58.2302,2.15715,4.60621e-05,56.5184,57.8398,20,2,-4.58238,
Al8Dy1Mn4,139,tI26,0.0,metal,14.7141,5.19216,191.284,543.126,230.933,2.02307,34.1523,33.3492,8.09772,3.94791e-05,121.877,124.812,13,3,-4.36421,
Al8Er12,136,tP20,0.0,metal,25.0969,7.35416,501.938,249.993,92.1008,1.72833,59.4392,58.02,2.40611,4.66459e-05,58.9605,60.4027,20,2,-4.56547,
Al8Er1Mn4,139,tI26,0.0,metal,14.6134,5.26956,189.974,542.034,230.507,2.02401,34.1752,33.371,8.09491,3.94845e-05,122.598,125.552,13,3,-4.36066,
Al8Er2Ni2,63,oS24,0.0,metal,16.9154,5.46263,202.984,416.999,182.142,1.98023,33.7731,32.8191,5.1415,4.84481e-05,89.9899,92.6057,12,3,-4.12208,
Al8Er8,57,oP16,0.0,metal,22.9426,7.02942,367.081,289.008,114.69,1.76054,47.0559,45.8986,3.5155,4.71938e-05,64.163,65.7809,16,2,-4.56732,
Al8Fe4La1,139,tI26,0.0,metal,16.51,4.47298,214.63,444.641,189.254,2.6699,37.8312,35.1706,2.4668,8.79078e-05,71.0777,76.4548,13,3,-4.49852,
Al8Fe4Y1,139,tI26,0.0,metal,15.8824,4.24759,206.472,396.973,168.84,2.11244,37.3441,35.8911,2.61203,6.25345e-05,80.7367,84.0054,13,3,-4.64304,
Al8Hf12,136,tP20,0.0,metal,19.8012,9.88605,396.023,303.955,111.995,1.77201,58.0328,57.074,4.01457,3.14133e-05,111.735,113.612,20,2,-7.79891,-0.329721
Al8Hf4,194,hP12,0.0,metal,17.335,7.42231,208.02,428.108,186.946,1.9081,33.328,32.641,8.44045,3.64702e-05,112.649,115.02,12,2,-6.2567,-0.443346
Al8Ho12,136,tP20,0.0,metal,25.4175,7.17009,508.35,244.976,90.2588,1.70989,59.507,58.0963,2.29906,4.66819e-05,57.7681,59.1709,20,2,-4.57154,-0.332917
Al8In6Sr22,225,cF144,0.0,metal,37.6291,3.472,1354.65,200.089,60.5707,1.85995,111.197,105.784,0.575649,8.91196e-05,22.4817,23.6323,36,3,-2.55556,
Al8Mg4,141,tI24,0.0,metal,18.3894,2.35584,220.672,350.734,153.313,2.18559,35.8211,33.7751,1.19206,9.05266e-05,50.5579,53.6206,12,2,-2.95503,0.00123717
Al8Mo3,12,mS22,0.0,metal,15.2828,4.97511,168.11,594.866,267.538,1.96181,27.8878,27.3599,12.8291,3.26848e-05,133.346,135.918,11,2,-5.247,
Al8N4Nb12,213,cP24,0.0,metal,14.7858,6.48923,354.859,559.908,194.141,1.96307,61.8196,60.9379,7.91366,2.45011e-05,188.267,190.991,24,3,-7.56326,
Al8Ni2Tb2,63,oS24,0.0,metal,17.1937,5.24006,206.324,424.031,185.199,1.9559,33.6326,32.7118,5.44106,4.75679e-05,88.8014,91.3012,12,3,-4.14552,
Al8O12,60,oP20,5.3126,insulator-direct,8.56129,3.95526,171.226,956.022,352.193,1.92314,38.3429,37.7814,13.7281,2.5837e-05,221.85,225.147,20,2,-7.38854,-2.93243
Al8O20Si4,58,oP32,4.8388,insulator-direct,10.9951,3.05912,351.843,898.82,283.167,1.92413,64.4979,63.5567,8.99218,2.57078e-05,182.943,185.652,32,3,-7.65246,-2.95664
Al8Sb8,205,cP16,0.0,metal,27.54,4.48392,440.641,293.938,116.674,2.15016,47.7872,45.8694,1.94949,6.37151e-05,48.3552,50.377,16,2,-3.98417,-0.167731
Al8Tb12,136,tP20,0.0,metal,26.1,6.75335,522.001,233.009,85.8379,1.61996,59.5945,58.2798,2.17162,4.55088e-05,55.1683,56.4128,20,2,-4.59424,
Al8Tb8,57,oP16,0.0,metal,23.6817,6.5178,378.908,290.934,115.483,1.7412,47.0132,45.8684,3.55813,4.72323e-05,61.3108,62.8411,16,2,-4.60304,
Al8Y12,136,tP20,0.0,metal,26.0114,4.09439,520.227,325.071,119.731,1.70276,58.0211,56.6937,3.19249,4.53362e-05,56.2494,57.5664,20,2,-5.73337,-0.358038
Al8Zr10,193,hP18,0.0,metal,19.9756,5.20961,359.561,365.97,139.655,1.74432,51.155,50.254,4.15339,3.3927e-05,98.7643,100.535,18,2,-6.82904,-0.418764
Al8Zr12,136,tP20,0.0,metal,20.5479,5.29525,410.958,388.076,142.94,1.77673,56.2914,55.3306,4.67496,3.23549e-05,101.443,103.204,20,2,-7.0252,-0.401585
Al8Zr4,194,hP12,0.0,metal,17.8107,4.51193,213.729,540.951,236.304,1.92133,31.4447,30.8125,10.5841,3.54324e-05,107.021,109.216,12,2,-5.8835,-0.539907
Al8Zr4,194,hP12,0.0,metal,17.814,4.51109,213.768,540.972,236.304,1.91935,31.4488,30.8173,10.6079,3.541e-05,107.044,109.237,12,2,-5.8835,-0.539906
Al8Zr4,194,hP12,0.0,metal,17.8035,4.51377,213.641,540.924,236.304,1.92535,31.4478,30.8127,10.5362,3.55257e-05,106.952,109.157,12,2,-5.88385,-0.540259
Al8Zr4,194,hP12,0.0,metal,17.8098,4.51216,213.718,541.033,236.304,1.91879,31.4476,30.8164,10.6146,3.54073e-05,107.019,109.211,12,2,-5.88348,-0.539889
Al9Ba1Co2,191,hP12,0.0,metal,17.6313,3.90877,211.575,512.099,223.637,2.00832,32.2545,31.3344,6.98161,4.83629e-05,83.6187,86.074,12,3,-3.82381,
Al9Ba1Ni2,191,hP12,0.0,metal,18.0297,3.81866,216.356,443.015,193.498,2.09742,33.6431,32.4532,4.13762,5.75359e-05,74.7367,77.4768,12,3,-3.65692,
Al9Co2Sr1,191,hP12,0.0,metal,17.2622,3.59385,207.147,540.816,236.304,1.99602,31.7099,30.8348,7.46179,4.70918e-05,85.7442,88.1776,12,3,-3.79586,
Al9Er3Ni6,191,hP18,0.0,metal,15.6127,6.4805,281.028,426.044,162.549,1.98511,50.3245,49.0247,4.43042,4.41663e-05,106.966,109.802,18,3,-3.9402,
As1,221,cP1,0.0,metal,20.4262,6.09072,20.4262,264.919,265.0,2.2444,3.01188,2.89137,7.55152,5.96025e-05,74.8834,78.0047,1,1,-4.5407,0.111726
As12Co4,204,cI32,0.0,metal,17.5386,6.71507,280.618,428.996,170.249,2.24098,44.9571,43.54,4.54874,4.80406e-05,98.7734,101.988,16,2,-4.4943,
As12Co4,204,cI32,0.0,metal,17.5448,6.71269,280.717,428.012,169.852,2.24546,44.9832,43.5594,4.49766,4.81554e-05,98.7601,101.988,16,2,-4.49439,
As12Co4,204,cI32,0.0,metal,17.5434,6.71322,280.695,429.981,170.646,2.24218,44.93,43.5137,4.57531,4.80384e-05,98.7258,101.939,16,2,-4.49428,
As12Co4,204,cI32,0.0,metal,17.5448,6.71269,280.717,428.012,169.852,2.24546,44.9832,43.5594,4.49766,4.81554e-05,98.7601,101.988,16,2,-4.49439,
As12Co4,204,cI32,0.0,metal,17.5469,6.71189,280.751,435.123,172.63,2.24582,44.8166,43.4054,4.72015,4.79345e-05,98.7997,102.012,16,2,-4.49425,
As12Co4,204,cI32,0.0,metal,17.5412,6.71407,280.66,430.025,170.646,2.24555,44.9242,43.5062,4.56055,4.80586e-05,98.7517,101.97,16,2,-4.49434,
As12Co4,204,cI32,0.0,metal,17.5276,6.71928,280.442,427.047,169.455,2.24499,44.9848,43.5646,4.46794,4.80823e-05,98.8215,102.043,16,2,-4.49432,
As12Ir4,204,cI32,0.0,metal,19.6431,8.81253,314.289,372.088,147.628,2.29992,45.7244,44.5781,4.27218,3.69613e-05,121.155,124.27,16,2,-5.45868,
As12Ir4,204,cI32,0.0,metal,19.6341,8.81654,314.146,372.073,147.628,2.29842,45.7341,44.5866,4.27824,3.69837e-05,121.14,124.257,16,2,-5.45874,
As12Ir4,204,cI32,0.0,metal,19.6431,8.81252,314.289,372.114,147.628,2.29812,45.7219,44.5773,4.27943,3.69367e-05,121.143,124.253,16,2,-5.45868,
As12Os4Th1,204,cI34,0.0827,insulator-indirect,18.976,9.73855,322.591,382.042,148.564,2.25601,48.2414,47.1598,4.88737,3.36749e-05,134.353,137.434,17,3,-5.91651,
As12Rh4,204,cI32,0.0,metal,19.647,6.92356,314.352,382.906,151.994,2.28163,45.6804,44.3927,3.73202,4.20118e-05,104.956,108.0,16,2,-4.939,
As12Rh4,204,cI32,0.0,metal,19.6633,6.91782,314.613,382.934,151.994,2.28234,45.6718,44.386,3.72947,4.19696e-05,105.019,108.061,16,2,-4.93896,
As14Re6,229,cI40,0.0,metal,17.4038,10.3337,348.075,350.04,128.941,2.19048,57.3721,56.1815,3.40014,3.20126e-05,151.636,154.85,20,2,-6.17653,
As16Mg24,206,cI80,1.4442,insulator-direct,24.1965,3.05745,967.861,331.993,97.0774,1.91353,117.691,113.221,1.12848,6.78077e-05,45.0842,46.8641,40,2,-3.44932,-0.632256
As16Mg24,206,cI80,1.4399,insulator-direct,24.2152,3.0551,968.607,335.905,98.247,1.91452,117.509,113.057,1.16847,6.7649e-05,45.1151,46.8916,40,2,-3.44938,-0.632318
As16Mg4,92,tP20,0.8107,insulator-indirect,24.0914,4.46633,481.828,310.031,114.205,2.03559,59.1876,57.0202,1.84899,6.15124e-05,53.6079,55.6455,20,2,-4.27147,-0.230833
As1B1,216,cF8,1.2021,insulator-indirect,13.9755,5.09322,27.9511,651.136,516.699,1.96331,4.90384,4.7986,47.6931,3.71673e-05,123.416,126.123,2,2,-5.69281,-0.019969
As1B2P1,115,tP4,1.0623,insulator-indirect,12.8141,4.13108,51.2564,792.836,499.559,1.87371,8.80802,8.65716,43.4143,3.10505e-05,138.227,140.636,4,3,-6.05931,-0.218534
As1Ba1Li1,187,hP3,0.5946,insulator-direct,27.6508,4.38779,82.9525,243.866,169.18,1.92501,9.20011,8.72781,4.2689,9.17708e-05,30.2214,31.8568,3,3,-3.7721,-0.944944
As1Ba1Pd1,187,hP3,0.0,metal,26.6925,6.60776,80.0776,207.946,144.219,2.25754,9.19135,8.79988,2.68432,6.43656e-05,52.9486,55.304,3,3,-4.02933,
As1Br3Ca3,221,cP7,1.665,insulator-direct,30.278,3.40712,211.946,265.154,138.531,1.98612,21.2871,20.2459,2.54234,8.48498e-05,30.5555,32.127,7,3,-4.01348,-1.8099
As1Ca3Cl3,221,cP7,1.838,insulator-direct,27.6449,2.58734,193.514,330.983,173.033,1.96516,20.8105,19.8348,3.41371,8.21141e-05,33.4761,35.1227,7,3,-4.31763,-2.02945
As1Ca3N1,221,cP5,0.716,insulator-direct,21.7063,3.2003,108.531,459.154,268.425,1.93384,13.8743,13.4153,10.5807,5.85184e-05,55.6045,57.5069,5,3,-4.88987,-1.095
As1Cd1Li1,216,cF12,0.0,metal,21.1037,5.09542,63.3112,278.91,193.448,2.12251,9.20145,8.64689,4.19656,9.84797e-05,39.9161,42.4761,3,3,-2.82536,
As1Cd1Li1,216,cF12,0.0,metal,19.0758,5.63711,57.2274,85.9258,59.6291,2.15013,9.6713,8.96688,0.115071,0.000117423,39.3191,42.4079,3,3,-2.56224,
As1Cd1Pd5,123,tP7,0.0,metal,16.3721,10.4226,114.605,251.925,131.735,2.59842,21.1584,20.3112,1.64888,5.26702e-05,119.041,124.005,7,3,-3.05375,
As1Cd1Pt5,123,tP7,0.0,metal,16.5383,16.6785,115.768,238.03,124.416,2.57511,20.968,20.3763,2.28711,3.71189e-05,168.313,173.201,7,3,-3.61037,
As1Cu3S4,215,cP8,0.0,metal,18.7292,4.36431,149.834,301.869,151.0,2.18244,23.9705,22.8845,1.89862,7.17759e-05,62.6291,65.6013,8,3,-3.69464,
As1Dy1,225,cF8,0.0,metal,24.7178,7.97498,49.4356,281.992,223.824,1.86107,5.88014,5.74893,14.5115,4.0559e-05,73.3105,74.9837,2,2,-6.16144,
As1Er1,225,cF8,0.0,metal,24.0825,8.34946,48.1651,282.079,223.824,1.85146,5.87928,5.74874,14.8379,4.05779e-05,74.8389,76.5383,2,2,-6.1253,
As1F6Na1,225,cF32,4.9175,insulator-direct,17.117,2.56961,136.936,420.734,210.5,2.28353,23.0639,21.8827,2.43343,7.76826e-05,63.9339,67.385,8,3,-4.53507,-2.39445
As1Fe1Li1,107,tI6,0.214,insulator-indirect,11.939,6.38444,35.8171,555.364,384.816,2.30326,8.01268,7.65588,16.2594,6.6784e-05,99.5278,104.166,3,3,-3.45617,
As1Ga1,44,oI4,0.0,metal,19.1574,6.26943,38.3147,235.874,187.313,2.17594,6.12675,5.82939,3.39934,7.64712e-05,59.3279,62.3542,2,2,-3.54116,
As1Ga1,216,cF8,0.2947,insulator-direct,23.5803,5.09348,47.1605,312.888,248.428,2.23918,5.96342,5.69934,8.00236,6.78854e-05,54.2597,56.7739,2,2,-3.89672,
As1Gd1,225,cF8,0.0,metal,25.7445,7.48761,51.4891,286.955,227.792,1.84896,5.87401,5.74065,15.3852,4.13953e-05,68.6458,70.2405,2,2,-10.7727,
As1Ge1,107,tI4,0.0,metal,20.9484,5.84649,41.8967,307.951,244.46,2.13092,5.93834,5.70772,8.30883,6.26229e-05,62.9951,65.5404,2,2,-4.52527,0.05281
As1Hg1Pd5,123,tP7,0.0,metal,16.6221,11.5243,116.355,232.111,121.28,2.67732,21.3188,20.4156,1.35903,5.41229e-05,118.817,124.074,7,3,-2.94819,
As1Ho1,225,cF8,0.0,metal,24.379,8.16858,48.758,281.979,223.824,1.85645,5.88056,5.74951,14.6724,4.05914e-05,74.1131,75.8023,2,2,-6.14147,-1.53092
As1In1,225,cF8,0.0,metal,23.4292,6.72394,46.8585,223.068,176.995,2.26686,6.13439,5.84773,3.68176,7.05232e-05,54.9441,57.6374,2,2,-3.68575,
As1In1,216,cF8,0.0,metal,29.2851,5.37942,58.5702,228.945,181.757,2.25699,6.12502,5.83869,4.3321,7.0858e-05,43.5953,45.7332,2,2,-3.88526,
As1In1Pt5,123,tP7,0.0,metal,16.4412,16.8119,115.088,250.975,131.212,2.53869,20.8518,20.3044,2.77195,3.50065e-05,175.253,179.978,7,3,-4.02348,
As1K1Zn1,187,hP3,0.3912,insulator-indirect,27.1693,3.65487,81.5079,264.77,183.741,2.14562,9.31092,8.68354,3.52403,0.000109214,28.5679,30.6319,3,3,-2.56296,
As1La1,225,cF8,0.0,metal,29.9999,5.91782,59.9998,274.931,218.268,1.8949,5.89577,5.76111,12.4377,4.07528e-05,61.2854,62.7178,2,2,-6.21644,
As1Li1Mg1,216,cF12,1.3689,insulator-indirect,19.9066,2.95205,59.7198,407.794,282.891,1.89115,8.65636,8.24836,9.04879,8.59834e-05,41.1323,43.1668,3,3,-3.46707,-0.750095
As1Li1Zn1,216,cF12,0.9409,insulator-direct,17.4309,4.67564,52.2928,366.834,254.464,2.03316,8.88941,8.39263,7.46853,9.52836e-05,46.3206,49.0624,3,3,-2.89835,
As1Mg1Pt5,123,tP7,0.0,metal,16.0179,15.9156,112.125,269.936,141.145,2.50298,20.7666,20.1994,3.24756,3.69848e-05,167.736,172.446,7,3,-4.00372,
As1Mn1Pd2,225,cF16,0.0,metal,15.8424,8.97908,63.3695,205.024,129.142,2.33207,12.1953,11.7372,1.34173,5.50063e-05,106.911,111.084,4,3,-4.68317,
As1Na1,123,tP2,0.0,metal,20.383,3.98827,40.766,296.79,235.729,2.01058,6.11567,5.73487,5.58813,0.000107588,35.6031,37.9672,2,2,-3.23147,-0.247566
As1Na3,225,cF16,0.185,insulator-direct,22.6315,2.63943,90.526,245.745,154.97,1.97451,12.9016,11.6509,1.58923,0.000175038,19.3249,21.3995,4,2,-2.52926,-0.379625
As1Nd1,225,cF8,0.0,metal,27.8463,6.53456,55.6926,279.055,221.442,1.86199,5.8888,5.75535,13.4709,4.10693e-05,64.7325,66.2335,2,2,-7.13615,
As1Pa1,225,cF8,0.0,metal,24.3368,10.4381,48.6736,266.066,211.124,2.1974,5.90316,5.77652,10.8664,3.29371e-05,109.24,111.635,2,2,-8.13205,
As1Pd5Tl1,123,tP7,0.0,metal,16.7888,11.4633,117.522,255.06,133.303,2.65459,21.1818,20.2962,1.85416,5.38482e-05,116.357,121.434,7,3,-3.29596,
As1Pt5Tl1,123,tP7,0.0,metal,16.8317,17.6839,117.822,229.036,119.712,2.62371,21.0359,20.4208,2.12786,3.77493e-05,165.33,170.31,7,3,-3.77713,
As1Pt5Zn1,123,tP7,0.0,metal,15.7364,16.8195,110.155,261.082,136.44,2.54558,20.8133,20.2505,2.91769,3.59521e-05,179.609,184.6,7,3,-3.70375,
As1Pu1,225,cF8,0.0,metal,24.6734,10.7339,49.3468,224.019,177.789,2.0681,6.01972,5.84207,7.80575,4.82714e-05,68.7925,70.8844,2,2,-10.4869,
As1Pu1,221,cP2,0.0,metal,21.9451,12.0683,43.8902,139.938,111.118,2.31457,6.19159,5.93874,1.42466,5.98365e-05,72.8939,75.9975,2,2,-10.2949,
As1Rh2,225,cF12,0.0,metal,15.5065,10.0209,46.5196,353.018,244.757,2.42106,8.6242,8.41814,8.29395,3.34802e-05,178.483,182.852,3,2,-4.6929,
As1Sc1,225,cF8,0.0,metal,21.4501,4.6401,42.9002,387.105,307.162,1.85162,5.66616,5.53718,18.3405,4.164e-05,78.0989,79.9181,2,2,-6.26319,
As1Sn1,225,cF8,0.0,metal,25.1597,6.38918,50.3194,259.05,205.568,2.2893,6.05368,5.79214,5.88588,6.4698e-05,56.0223,58.552,2,2,-4.20313,
As1Tb1,225,cF8,0.0,metal,25.0648,7.74618,50.1295,282.94,224.617,1.86207,5.87969,5.74812,14.4989,4.05764e-05,72.3859,74.0427,2,2,-6.18087,
As1Te1,225,cF8,0.0,metal,26.1427,6.43193,52.2853,215.911,171.439,2.16692,6.07906,5.85429,4.06999,5.81225e-05,57.5425,59.7517,2,2,-3.79868,0.098243
As1Th1,225,cF8,0.0,metal,28.5685,8.92098,57.1371,226.997,180.17,2.06885,5.95286,5.83639,8.14544,3.17921e-05,91.8679,93.7012,2,2,-6.7861,
As1Th1,221,cP2,0.0,metal,26.2135,9.72246,52.4269,208.982,165.883,2.04841,5.98808,5.86121,6.31044,3.47495e-05,91.3205,93.2972,2,2,-6.51755,
As1Tl1,216,cF8,0.0,metal,31.9374,7.26069,63.8748,162.926,129.373,2.40713,6.34167,5.92067,2.06005,9.50443e-05,32.3871,34.6901,2,2,-3.39915,0.10843
As1U1,221,cP2,0.0,metal,23.9985,10.8271,47.9971,107.017,84.926,2.11524,6.16291,5.9639,0.781781,5.18527e-05,69.8165,72.1461,2,2,-7.54706,
As1Y1,225,cF8,0.0,metal,24.7851,5.48803,49.5701,334.036,265.096,1.87494,5.78087,5.65067,16.4124,4.06779e-05,71.9131,73.57,2,2,-7.11383,-1.55603
As1Zr1,225,cF8,0.0,metal,20.5404,6.71565,41.0809,346.011,274.62,2.00887,5.74165,5.62627,14.9441,3.37692e-05,111.757,114.049,2,2,-7.67633,-1.07829
As2Au2Ba2,194,hP6,0.0,metal,28.1539,8.04533,168.924,206.9,113.916,2.22724,18.4459,17.6036,2.24609,7.02295e-05,45.1068,47.2651,6,3,-3.5475,
As2Au2Ca2,194,hP6,0.0,metal,22.8754,7.54867,137.252,232.919,128.225,2.19584,18.2707,17.4977,2.34639,6.59444e-05,58.174,60.7439,6,3,-3.51804,
As2Ba1Cu2,139,tI10,0.0,metal,20.7496,6.63053,103.748,244.914,143.277,2.1418,15.2158,14.5386,2.51726,7.12382e-05,57.1234,59.7841,5,3,-3.65329,
As2Ba1Pd2,139,tI10,0.0,metal,21.4723,7.73298,107.362,259.947,152.049,2.36305,15.1111,14.4803,2.96232,6.04079e-05,72.0169,75.1544,5,3,-4.08484,
As2Ba1Rh2,139,tI10,0.0,metal,21.5153,7.60964,107.577,316.094,184.798,2.34783,14.6881,14.2262,5.31157,4.52284e-05,94.724,97.7997,5,3,-4.64338,
As2Ba1Ru2,139,tI10,0.0,metal,21.6616,7.50197,108.308,329.914,192.985,2.22892,14.5146,14.1518,6.72884,3.80255e-05,105.051,107.744,5,3,-5.25625,
As2Ba1Zn2,139,tI10,0.0,metal,23.2714,5.96435,116.357,250.03,146.201,2.03624,15.152,14.5163,3.12369,7.04497e-05,49.1779,51.3315,5,3,-3.1369,
As2Ba2Cu2,194,hP6,0.0,metal,25.7276,5.93361,154.366,257.911,141.983,2.15515,18.238,17.3865,3.06018,7.45325e-05,44.1335,46.2948,6,3,-3.70296,
As2Be2Na2,194,hP6,1.2805,insulator-indirect,18.9933,3.11602,113.96,417.832,230.034,1.84231,17.1439,16.4235,6.42497,7.83486e-05,45.8845,47.8971,6,3,-3.63161,-0.395338
As2Bi2O8,88,tI24,2.7352,insulator-indirect,13.165,7.31361,157.98,362.903,158.555,2.21221,34.5238,33.5525,2.54877,4.32997e-05,148.437,152.734,12,3,-6.04535,-1.30965
As2C2Nb4,194,hP8,0.0,metal,14.6055,7.75228,116.844,533.895,267.0,2.00241,20.9038,20.6122,16.0713,2.34893e-05,205.847,208.759,8,3,-8.34729,
As2C2V6,63,oS20,0.0,metal,12.4628,6.38906,124.628,482.069,223.725,1.99407,26.9596,26.4894,6.85339,2.95636e-05,196.358,199.843,10,3,-7.06565,
As2Ca1Cd2,164,hP5,0.3132,insulator-direct,24.6563,5.58639,123.281,266.924,156.143,2.11887,15.1143,14.4515,3.53399,7.095e-05,47.6047,49.7882,5,3,-3.04894,
As2Ca1Fe2,139,tI10,0.0,metal,16.2339,6.1704,81.1694,459.994,269.01,2.18205,13.8066,13.408,10.7168,4.50351e-05,109.076,112.318,5,3,-4.1358,
As2Ca1Mg2,164,hP5,1.2626,insulator-indirect,23.6996,3.34262,118.498,374.014,218.717,1.89915,14.4394,13.9289,6.99156,6.36312e-05,47.757,49.507,5,3,-3.84766,-0.949084
As2Ca1Pd2,139,tI10,0.0,metal,19.2896,6.93368,96.4478,247.025,144.446,2.29137,15.1004,14.5266,2.1064,5.66675e-05,83.2999,86.5904,5,3,-4.08892,
As2Ca1Ru2,139,tI10,0.0,metal,18.306,7.11283,91.5298,397.946,232.752,2.24303,14.1273,13.7799,8.82452,3.7235e-05,124.155,127.285,5,3,-5.2532,
As2Ca2Rb2,129,tP6,1.3057,insulator-indirect,35.7271,3.10583,214.363,199.921,110.064,1.96656,18.6976,17.6336,1.4068,0.000100075,22.0765,23.4085,6,3,-3.39356,-0.854938
As2Ca4,139,tI12,0.0,metal,27.7261,3.09599,166.357,337.97,186.009,1.77816,17.5624,16.9475,6.01471,6.77565e-05,36.2358,37.5506,6,2,-3.83197,-0.947106
As2Cd2K2,129,tP6,0.2566,insulator-indirect,28.1999,4.44441,169.2,233.011,128.225,2.19111,18.7407,17.5114,1.84183,0.000103876,29.7177,31.8038,6,3,-2.50441,
As2Co2S2,31,oP6,0.0,metal,14.9348,6.14914,89.6087,505.157,277.912,2.2212,16.2368,15.7285,10.7794,4.82371e-05,109.673,113.218,6,3,-4.36758,
As2Cr2,194,hP4,0.0,metal,17.9905,5.8573,71.962,338.825,213.557,2.35184,11.8409,11.2984,4.611,6.69502e-05,75.1826,78.7929,4,2,-6.16411,
As2Cs1Rh2,139,tI10,0.0,metal,24.0987,6.73291,120.494,327.033,191.231,2.34096,14.6553,14.1715,6.10291,4.80601e-05,78.1871,80.8561,5,3,-4.23553,
As2Cu2K4,63,oS16,1.1223,insulator-indirect,28.465,3.15984,227.72,212.143,106.0,2.13395,25.5528,23.4692,0.875228,0.000133964,22.2006,24.1715,8,3,-2.63966,
As2Cu2Sr2,194,hP6,0.1807,insulator-indirect,22.8734,5.4711,137.24,311.171,171.15,2.13961,17.9163,17.1144,4.28626,7.17405e-05,50.7783,53.1576,6,3,-3.68055,
As2Dy2O8,141,tI24,3.629,insulator-indirect,13.5558,6.15381,162.67,468.138,204.418,2.15806,32.8239,32.0267,5.04372,3.82436e-05,151.905,155.687,12,3,-7.23251,
As2Fe2Li2,129,tP6,0.0,metal,14.602,5.22013,87.6117,483.107,265.805,2.16737,16.5455,15.9184,8.19299,6.00091e-05,89.3877,92.9094,6,3,-3.71591,
As2Ga2,186,hP4,0.3078,insulator-direct,23.5464,5.1008,94.1857,313.023,197.178,2.23426,11.9307,11.4008,5.05936,6.81218e-05,54.0756,56.5888,4,2,-3.88527,
As2Hg1O6,162,hP9,0.7446,insulator-indirect,12.0764,6.82062,108.687,391.014,187.973,2.33928,25.7497,24.8914,2.8438,4.87477e-05,150.121,155.297,9,3,-5.37663,-1.0219
As2Hg2K2,194,hP6,0.0,metal,31.3785,5.54968,188.271,179.144,98.5075,2.33893,19.3069,17.7184,1.04089,0.00012334,24.5191,26.7173,6,3,-2.37827,-0.361694
As2K2Mg2,129,tP6,1.146,insulator-indirect,27.4434,2.78991,164.661,302.935,166.747,1.95354,18.1346,17.1652,3.14272,9.44949e-05,29.3752,31.034,6,3,-3.13888,-0.691422
As2La1Ni2,139,tI10,0.0,metal,17.3684,7.76576,86.8419,357.861,209.36,2.2341,14.4671,14.0153,6.61124,4.76114e-05,103.04,106.361,5,3,-4.44116,
As2Mg2Na2,129,tP6,0.9766,insulator-indirect,23.2915,2.90443,139.749,315.165,173.351,1.92183,18.0173,17.0959,3.06517,9.17822e-05,34.7543,36.6275,6,3,-3.16444,-0.644012
As2Na6,194,hP8,0.1374,insulator-direct,25.0486,2.38473,200.389,261.861,131.0,1.9711,25.6029,23.2056,1.2544,0.000168697,18.0491,19.9138,8,2,-2.57371,-0.42408
As2Nb2,109,tI8,0.0,metal,17.8949,7.78674,71.5794,419.934,264.583,2.08788,11.1111,10.918,14.9346,2.80538e-05,155.567,158.318,4,2,-7.22666,
As2Nb6Te6,176,hP14,0.0,metal,24.6034,7.10057,344.448,348.918,144.805,2.09242,40.173,39.3375,5.15097,3.36203e-05,97.4212,99.4903,14,3,-6.17526,
As2Ni2,194,hP4,0.0,metal,14.1936,7.81577,56.7743,333.021,209.777,2.27549,11.7167,11.3163,4.56621,5.11733e-05,120.586,124.853,4,2,-3.64543,
As2O8Sc2,141,tI24,3.5213,insulator-indirect,12.2652,4.14902,147.183,632.186,276.051,2.1371,29.8189,29.1562,7.49817,3.53772e-05,162.705,166.403,12,3,-7.18643,-2.06824
As2O8Tb2,141,tI24,3.6548,insulator-indirect,13.7037,6.01518,164.445,463.031,202.234,2.15877,32.9147,32.1121,4.84113,3.8367e-05,150.192,153.946,12,3,-7.23412,
As2Pb6Zr10,193,hP18,0.0,metal,22.5177,9.44431,405.318,302.006,115.235,2.09586,52.616,51.4169,3.32607,3.67906e-05,98.9865,101.295,18,3,-7.02261,-0.524298
As2Pd2Sr2,194,hP6,0.0,metal,24.0375,6.19294,144.225,240.098,132.077,2.22157,18.185,17.4638,2.19356,6.09057e-05,60.3966,62.8909,6,3,-3.98169,
As2Pt2Sr2,194,hP6,0.0,metal,23.94,8.26875,143.64,217.019,119.42,2.29787,18.2208,17.5592,1.99819,5.37998e-05,71.6781,74.3787,6,3,-4.35646,
As2Rb6Se32,203,cF160,0.9046,insulator-indirect,31.3148,4.22809,1252.59,177.999,52.0475,2.12362,124.269,118.046,0.269721,8.08819e-05,34.1227,35.9217,40,3,-3.50327,-0.340164
As2Rh2Sr1,139,tI10,0.0,metal,20.0599,7.33878,100.299,308.019,180.119,2.24325,14.702,14.2605,4.76811,4.55193e-05,95.9477,98.9184,5,3,-4.58809,
As2Ru2Sr1,139,tI10,0.0,metal,19.7603,7.38834,98.8015,383.117,223.98,2.22415,14.2167,13.8662,9.21503,3.76656e-05,113.247,116.11,5,3,-5.20072,
As2Sb6Zr10,193,hP18,0.0,metal,21.5191,7.68461,387.344,321.961,122.866,2.06729,52.1748,51.0734,3.17827,3.45227e-05,108.389,110.727,18,3,-7.46992,-0.910066
As2Sr4,139,tI12,0.0,metal,33.4129,4.14415,200.477,234.991,129.325,1.84892,18.2579,17.4877,3.18423,7.7764e-05,28.5129,29.7686,6,2,-3.5401,-0.866925
As2Ti2,194,hP4,0.0,metal,18.5776,5.48915,74.3103,396.138,249.464,2.47964,11.4981,11.0453,6.39553,5.37945e-05,95.1211,99.0206,4,2,-5.61271,
As2Ti6,223,cP8,0.0,metal,17.3944,5.21763,139.155,382.104,191.0,2.15714,22.9102,22.2047,4.25998,4.85604e-05,96.8061,99.8817,8,2,-5.19864,
As2V6,223,cP8,0.0,metal,13.6398,6.9316,109.118,516.956,258.5,2.04409,21.1981,20.8077,11.4027,3.04802e-05,174.21,177.479,8,2,-6.32521,
As3Cr3Ni3,189,hP9,0.0,metal,12.579,8.16731,113.211,387.894,186.531,2.39636,25.7046,24.9217,3.33409,4.35597e-05,164.839,170.017,9,3,-4.19681,
As3Hf3Ru3,189,hP9,0.0,metal,16.2838,12.0494,146.555,338.022,162.493,2.19958,25.8678,25.3906,5.51468,2.82634e-05,185.401,188.885,9,3,-7.58859,
As3Mn3Ru3,189,hP9,0.0,metal,15.515,8.23867,139.635,367.118,176.435,2.25602,25.8443,25.1295,4.28864,4.15766e-05,134.12,137.935,9,3,-6.13494,
As3Na3Sr3,189,hP9,0.8249,insulator-direct,27.5063,3.73347,247.557,280.007,134.61,1.96481,27.3661,25.927,2.50784,9.241e-05,30.2775,31.9581,9,3,-3.42896,-0.878515
As3Ru3Zr3,189,hP9,0.0,metal,16.6225,8.8979,149.602,394.924,189.896,2.17995,25.2838,24.8282,6.81657,2.7901e-05,177.701,180.961,9,3,-7.18221,
As4Ba4Cd2,36,oS20,0.4143,insulator-direct,33.6035,5.30639,336.035,203.045,94.2243,2.06602,30.7422,29.3658,1.47876,7.40425e-05,33.4767,35.0458,10,3,-3.66813,
As4Ba4Pt4,198,cP12,0.0,metal,26.1598,8.6189,313.918,182.996,79.9326,2.30979,36.7619,35.3747,0.875519,5.56039e-05,64.3044,66.8261,12,3,-4.40994,
As4Ca12N4,62,oP20,0.8564,insulator-direct,21.7193,3.19838,434.385,431.885,159.15,1.93167,56.2214,54.3433,3.50373,5.91628e-05,55.579,57.4998,20,3,-4.89597,-1.1011
As4Ca4Cd2,36,oS20,0.9227,insulator-direct,25.8091,4.40613,258.091,291.064,135.07,1.98275,29.8734,28.6977,2.78753,6.77857e-05,44.3555,46.1727,10,3,-3.691,
As4Cd2,98,tI12,0.2198,insulator-indirect,26.1287,5.5556,156.772,239.072,131.527,2.20194,18.3194,17.4715,2.21396,7.21063e-05,46.5397,48.7984,6,2,-3.34546,
As4Cd2Si2,122,tI16,0.4578,insulator-direct,24.7941,4.86122,198.353,281.131,140.5,2.20869,24.0564,23.0301,2.4051,6.60618e-05,53.3063,55.6817,8,3,-3.92463,
As4Cd2Sr4,36,oS20,0.5788,insulator-direct,29.4645,4.9312,294.645,242.101,112.326,2.02248,30.374,29.0965,2.04813,7.11113e-05,38.402,40.0882,10,3,-3.58588,
As4Cd6,224,cP10,0.0,metal,26.7077,6.05671,267.077,166.062,77.0504,2.29957,31.4662,29.5846,0.540605,8.95714e-05,38.7285,41.1916,10,2,-2.08583,
As4Co2,58,oP6,0.0,metal,15.3833,7.51205,92.3001,444.905,244.893,2.31979,16.7608,16.2095,8.52199,4.84679e-05,114.486,118.379,6,2,-4.34551,
As4Co4Nb4,62,oP12,0.0,metal,14.3773,8.73011,172.528,415.929,181.705,2.09796,33.4822,32.8133,5.77787,3.25448e-05,166.03,169.414,12,3,-5.86957,
As4Co4S4,29,oP12,1.0895,insulator-indirect,14.6086,6.28644,175.303,527.891,230.625,2.22346,32.0637,31.071,7.6791,4.76764e-05,112.176,115.76,12,3,-4.36195,
As4Co4S4,198,cP12,0.8677,insulator-indirect,14.5881,6.29528,175.057,528.861,231.062,2.22391,32.0389,31.0461,7.71781,4.773e-05,111.995,115.576,12,3,-4.35801,
As4Cu2Er2,129,tP8,0.0,metal,18.5641,8.51218,148.513,317.091,158.5,2.08336,23.4844,22.7547,4.67038,5.06353e-05,86.2319,88.9972,8,3,-4.83223,
As4Cu2Y2,129,tP8,0.0,metal,18.9342,6.62788,151.473,348.933,174.5,2.07126,23.2023,22.495,5.05027,5.00566e-05,83.6807,86.3118,8,3,-5.32806,
As4Cu4S4,62,oP12,0.0439,insulator-indirect,20.0061,4.71803,240.073,299.839,131.037,2.15808,35.8734,34.3401,1.71639,6.80495e-05,61.5243,64.2713,12,3,-3.87361,
As4Dy4Ni2,194,hP10,0.0,metal,20.7015,8.55933,207.015,290.936,135.07,2.02648,29.4192,28.6719,3.83688,4.24646e-05,90.7483,93.1134,10,3,-5.35627,
As4Dy4Pd4,62,oP12,0.0,metal,19.406,9.80676,232.872,281.912,123.175,2.23955,35.5757,34.508,2.61748,4.5547e-05,99.8172,102.906,12,3,-5.17891,
As4Er4Pt4,194,hP12,0.0,metal,19.8273,12.2072,237.927,249.043,108.761,2.22554,35.7314,34.8239,2.33779,3.86974e-05,115.445,118.453,12,3,-5.49994,
As4Fe4Nb4,62,oP12,0.0,metal,15.793,7.83937,189.516,358.984,156.808,2.1852,34.469,33.5971,3.46112,3.93334e-05,134.484,137.974,12,3,-6.40964,
As4Ge2Mg2,122,tI16,0.5511,insulator-direct,25.5639,4.00681,204.511,280.922,140.5,2.10206,24.0181,23.0227,2.299,6.75474e-05,47.9716,50.0458,8,3,-4.12166,-0.271143
As4Ge2Zn2,122,tI16,0.1386,insulator-direct,23.3574,5.11536,186.859,306.859,153.5,2.17092,23.8649,22.8439,3.16403,6.76042e-05,53.7869,56.191,8,3,-3.76006,
As4Ge2Zn2,122,tI16,0.1711,insulator-direct,23.2566,5.13753,186.052,303.868,152.0,2.16733,23.889,22.8676,3.08327,6.76279e-05,53.7487,56.1494,8,3,-3.76016,
As4Ge3,215,cP7,0.1408,insulator-indirect,23.9461,5.12614,167.623,298.903,156.305,2.0673,20.8103,20.0331,3.68437,6.16936e-05,54.7197,56.8425,7,2,-4.58553,0.00316257
As4Hf4,194,hP8,0.0,metal,19.9989,10.5206,159.992,292.985,146.5,1.9757,23.3477,22.912,5.63464,3.18683e-05,121.949,124.267,8,2,-8.30818,-1.00549
As4Ho2Ni8,136,tP14,0.0,metal,13.9513,9.34397,195.318,339.063,140.656,2.74561,41.9219,39.571,1.62541,7.02302e-05,109.069,115.549,14,3,-3.74242,
As4Ho4Ni2,194,hP10,0.0,metal,20.5184,8.71438,205.184,288.919,134.142,2.02581,29.4371,28.6883,3.77976,4.2554e-05,91.6013,93.992,10,3,-5.34035,
As4Ir4La2,129,tP10,0.0,metal,18.8506,11.8602,188.506,290.078,134.606,2.30526,29.3387,28.6742,3.50875,3.32729e-05,144.583,147.933,10,3,-6.0347,
As4K12S12,198,cP28,2.5973,insulator-indirect,30.8378,2.21849,863.459,262.117,86.281,2.02977,86.5099,81.0996,0.620319,0.000106471,24.6131,26.2552,28,3,-3.86571,-0.962725
As4K12Se12,198,cP28,2.1054,insulator-indirect,34.5802,2.9436,968.245,208.076,68.4979,2.05036,87.9868,82.1772,0.46922,0.000112137,21.1963,22.6948,28,3,-3.55785,-0.930729
As4K4Ni2,63,oS20,0.7764,insulator-indirect,26.934,3.5355,269.34,255.945,118.825,2.14213,30.8172,29.0096,1.36354,9.47766e-05,33.1573,35.2232,10,3,-3.18118,
As4La2Rh4,129,tP10,0.0,metal,18.9383,8.67276,189.383,307.943,142.961,2.29109,29.284,28.5157,3.14009,3.88789e-05,121.189,124.454,10,3,-5.36123,
As4La4Te4,62,oP12,0.1031,insulator-indirect,29.2064,6.47064,350.477,252.021,110.071,1.98965,35.8138,34.8027,2.74677,4.80455e-05,56.551,58.1938,12,3,-5.43696,
As4Mg6,224,cP10,0.5419,insulator-indirect,24.078,3.07251,240.78,359.013,166.633,1.98097,29.248,28.0312,3.33101,7.20224e-05,43.7447,45.6436,10,2,-3.28424,-0.46718
As4Mo5,87,tI18,0.0,metal,16.0137,8.97982,144.123,424.08,203.838,2.13889,24.9551,24.5223,8.43969,2.73436e-05,182.333,185.551,9,2,-6.60584,
As4Mo5,87,tI18,0.0,metal,17.3231,8.30108,155.908,442.965,212.972,2.13736,24.7111,24.2981,9.89648,2.64081e-05,172.532,175.464,9,2,-6.80619,
As4Na12S12,198,cP28,2.5147,insulator-indirect,22.6904,2.50986,635.331,326.976,107.687,2.02088,84.2923,79.4736,0.917617,9.81957e-05,34.8357,36.9478,28,3,-3.85516,-0.858353
As4Na12Se12,198,cP28,2.0059,insulator-indirect,25.6757,3.51798,718.919,245.86,81.012,2.01209,86.7387,81.4501,0.651693,0.000104746,29.6072,31.5296,28,3,-3.52992,-0.808986
As4Nb4Ni4,62,oP12,0.0,metal,14.3275,8.75104,171.93,389.998,170.348,2.19366,33.8906,33.1829,4.31348,3.2192e-05,179.89,183.726,12,3,-5.58538,
As4Ni2,58,oP6,0.0,metal,16.4695,7.00846,98.8171,309.041,170.049,2.19596,17.6905,17.1097,3.28618,5.09033e-05,101.568,105.016,6,2,-4.02274,
As4Ni2Tb4,194,hP10,0.0,metal,20.8957,8.36614,208.957,286.993,133.214,2.03111,29.4576,28.7059,3.6281,4.25814e-05,89.6504,91.998,10,3,-5.37118,
As4Ni4S4,198,cP12,0.0,metal,15.3069,5.99086,183.683,407.875,178.21,2.18426,34.0818,32.9596,3.73886,5.14917e-05,103.15,106.662,12,3,-3.92876,
As4Ni4Se4,198,cP12,0.0,metal,16.8069,7.00076,201.683,358.001,156.371,2.21031,34.8352,33.6339,3.25275,5.3337e-05,94.106,97.4671,12,3,-3.6792,
As4Ni4U2,129,tP10,0.0,metal,16.2824,10.3055,162.824,282.943,131.357,2.27552,29.6251,28.7441,2.40052,4.41573e-05,125.318,129.159,10,3,-5.07109,
As4O12Sr2,193,hP18,3.2419,insulator-indirect,12.9814,4.73947,233.665,546.954,208.72,2.28067,47.5068,46.0913,3.96712,4.46925e-05,136.939,141.144,18,3,-6.296,-1.78764
As4Os2,58,oP6,0.892,insulator-indirect,17.4001,10.8171,104.401,423.071,232.786,2.28211,16.6946,16.3552,12.8316,3.01377e-05,162.772,166.15,6,2,-6.05795,
As4Pd20Sb4,227,cF112,0.0,metal,16.7873,10.2968,470.044,168.047,55.3252,2.56641,86.0619,82.7705,0.202881,5.06847e-05,122.432,127.3,28,3,-3.58255,
As4Pd4Se4,198,cP12,0.0,metal,19.6892,7.31718,236.27,260.928,114.002,2.30619,35.9988,34.7302,1.48111,5.20114e-05,89.5402,92.8108,12,3,-3.9451,
As4Pd4Tb4,62,oP12,0.0,metal,19.5711,9.6229,234.854,281.997,123.175,2.23233,35.5797,34.5134,2.61692,4.55383e-05,98.7507,101.802,12,3,-5.18923,
As4Pd8,36,oS24,0.0,metal,15.6949,10.1471,188.339,245.994,107.45,2.54327,36.2143,34.8717,1.02986,4.97117e-05,129.653,134.644,12,2,-3.72653,
As4Rh4Ti4,62,oP12,0.0,metal,15.4085,8.10869,184.902,398.898,174.279,2.23726,33.7757,33.0485,4.51782,3.26036e-05,167.656,171.345,12,3,-5.33982,
As4Rh8,62,oP12,0.0,metal,14.4561,10.7491,173.473,292.025,127.543,2.42789,35.259,34.3876,1.80675,3.44968e-05,190.723,195.556,12,2,-4.60137,
As4Ru2,58,oP6,0.4776,insulator-indirect,17.1578,8.09452,102.947,456.889,251.497,2.2693,16.4772,16.1027,12.0448,3.39693e-05,142.966,146.291,6,2,-5.46535,
As4Sn2Zn2,122,tI16,0.0,metal,26.4317,5.24443,211.454,262.939,131.5,2.18548,24.2126,23.1503,2.37036,6.87242e-05,47.7847,49.9774,8,3,-3.55861,
As4Zn6,224,cP10,0.0,metal,20.2509,5.674,202.509,247.952,115.111,2.21008,30.7682,29.0658,1.27106,8.65058e-05,49.9085,52.8316,10,2,-2.21302,
As4Zr4,194,hP8,0.0,metal,20.6939,6.66585,165.551,372.976,186.5,1.99373,22.7125,22.2755,7.56445,3.25634e-05,113.059,115.278,8,2,-7.74665,-1.14861
As6Ru7U4,229,cI34,0.0,metal,17.6271,11.6876,299.66,342.986,133.397,2.71001,49.4995,47.9038,2.59012,4.00395e-05,150.765,155.787,17,3,-6.76196,
As6Sr6,189,hP12,0.0,metal,31.3639,4.30283,376.366,247.965,108.324,1.97204,36.2428,34.8536,1.95293,6.63191e-05,37.7929,39.2992,12,2,-4.25141,-1.08343
As6V10,140,tI32,0.0,metal,14.1179,7.04943,225.886,458.125,181.757,2.12356,43.8464,42.9121,4.88944,3.3983e-05,162.116,165.645,16,2,-6.10133,
As6Yb8,220,cI28,0.0,metal,25.3886,8.56733,355.441,184.971,76.759,1.97241,43.0411,41.254,1.09881,7.20194e-05,43.4683,45.3514,14,2,-3.74798,
As7Ho2Ni12,174,hP21,0.0,metal,13.5373,9.10395,284.284,326.983,118.524,2.27598,61.4839,59.528,1.56181,4.75547e-05,136.459,140.942,21,3,-3.68391,
As7Mg6Ni16,225,cF116,0.0,metal,12.9654,7.10735,375.997,380.804,124.011,2.33173,83.7555,80.5698,1.39471,5.58481e-05,121.334,126.131,29,3,-2.94221,
As8Ba4Ge8,105,tP20,0.0,metal,27.6562,5.19189,553.124,262.98,96.89,2.14857,60.4509,57.8639,1.40407,6.82024e-05,45.1213,47.1387,20,3,-4.55189,-0.504632
As8Ba4Zn8,62,oP20,0.3336,insulator-direct,23.4799,5.91139,469.599,261.149,96.1532,2.09897,60.6538,57.906,1.32349,7.39599e-05,47.7234,49.988,20,3,-3.14884,
As8Ca6In4,58,oP18,0.2153,insulator-direct,26.3338,4.55111,474.008,290.032,110.656,2.04493,53.7939,51.6682,1.84501,6.59879e-05,46.375,48.283,18,3,-4.1617,
As8Cu24,220,cI64,0.0,metal,14.0041,7.87223,448.13,289.929,91.3443,2.38512,96.8404,91.8956,0.67521,7.37902e-05,89.2963,94.1012,32,2,-2.84174,
As8Ga8,205,cP16,0.0,metal,21.6969,5.53562,347.15,323.009,128.183,2.24948,47.6524,45.4473,2.11284,7.06226e-05,56.7869,59.5423,16,2,-3.752,
As8Hf12,62,oP20,0.0,metal,19.5948,11.6152,391.896,292.993,107.942,1.99648,58.3461,57.2844,3.21159,3.07211e-05,130.553,132.973,20,2,-8.74041,-0.907672
As8Hf4,62,oP12,0.0,metal,19.0326,9.54871,228.391,344.023,150.256,1.99466,34.5393,33.7903,5.79361,3.67864e-05,109.998,112.436,12,2,-7.17715,-0.757879
As8In8,205,cP16,0.0,metal,26.6484,5.91167,426.375,236.15,93.6567,2.2652,48.9885,46.6301,1.1384,7.27249e-05,46.7209,49.0839,16,2,-3.77252,
As8Na16Ti2,227,cF104,1.0531,insulator-direct,25.3555,2.67757,659.242,267.128,90.1267,1.94729,80.1892,75.2067,0.705101,0.000110569,27.1425,28.9408,26,3,-3.15013,
As8Ni4,205,cP12,0.0,metal,16.095,7.17153,193.14,333.113,145.451,2.2423,35.1393,33.9486,2.4538,5.15164e-05,104.346,108.005,12,2,-4.00752,
As8O12,227,cF80,4.0171,insulator-indirect,19.3982,3.38715,387.965,604.907,222.884,2.02312,50.7266,49.453,7.92942,4.23084e-05,82.7675,84.8991,20,2,-6.03556,-1.2159
As8O12,227,cF80,4.021,insulator-indirect,19.0701,3.44543,381.402,656.941,242.041,2.02575,48.9973,47.8089,10.0756,4.08331e-05,84.2395,86.3335,20,2,-6.03487,-1.21521
As8O20,19,oP28,,,12.9068,4.22433,361.391,540.987,178.16,2.45216,74.5935,71.9864,2.16116,4.89451e-05,135.775,140.692,28,2,-5.93154,-1.08003
As8Pa6,220,cI28,0.0,metal,22.4817,10.4758,314.744,266.945,110.782,2.12871,41.3162,40.4174,2.90416,3.45649e-05,108.65,111.066,14,2,-7.76298,
As8Pd4,205,cP12,0.0,metal,18.6655,7.59873,223.986,290.937,127.106,2.36138,35.6549,34.4218,1.88834,4.99833e-05,99.1793,102.732,12,2,-4.28124,
As8Pt4,205,cP12,0.0,metal,18.4068,10.3725,220.882,346.992,151.566,2.43026,34.7837,33.768,4.02786,4.08498e-05,124.635,128.383,12,2,-4.81608,
As8Sc12,62,oP20,0.0,metal,21.6081,4.37589,432.163,395.131,145.519,1.96098,56.6388,55.1995,3.52077,4.39817e-05,77.6907,79.7165,20,2,-6.05935,
As8Si4,205,cP12,0.0,metal,18.9999,5.1835,227.999,358.079,156.371,2.29217,35.127,33.6578,2.61752,6.2472e-05,74.4649,77.7154,12,2,-4.86538,0.04415
As8Th4,62,oP12,0.0,metal,25.5356,8.27771,306.427,275.054,120.117,2.03567,35.3412,34.5673,3.62787,3.63353e-05,87.0575,89.0065,12,2,-6.18411,
As8Th6,220,cI28,0.0924,insulator-indirect,26.5499,8.89737,371.698,267.046,110.782,2.01559,41.2337,40.4195,3.46542,3.30262e-05,91.4866,93.3297,14,2,-6.59466,
As8Zn8,61,oP16,0.5037,insulator-indirect,19.6697,5.92221,314.715,308.09,122.23,2.15659,47.858,45.6759,1.88182,7.25546e-05,58.9141,61.7287,16,2,-2.74468,
As8Zr12,62,oP20,0.0,metal,20.3989,6.89492,407.978,360.025,132.625,1.99812,57.0049,55.9545,3.72625,3.11243e-05,120.749,123.016,20,2,-8.04574,-1.05857
As8Zr4,71,oI12,0.0,metal,23.8131,5.60329,285.757,320.954,176.653,2.23801,17.6096,17.0397,4.6084,4.92222e-05,74.4298,76.9191,12,2,-6.44702,-0.497512
As8Zr4,62,oP12,0.0,metal,19.4633,6.85554,233.56,394.057,172.095,2.01063,33.8761,33.1282,6.32943,3.71701e-05,105.189,107.563,12,2,-6.79426,-0.844754
Au12Zn4,64,oS32,0.0,metal,16.8792,16.1409,270.067,172.986,68.6551,2.82925,50.183,47.2748,0.411514,7.0539e-05,97.0973,103.07,16,2,-1.27177,
Au16Hf4,62,oP20,0.0,metal,17.9686,17.8609,359.371,187.915,69.2598,2.58548,61.0305,58.8925,0.666121,4.60719e-05,125.41,129.962,20,2,-3.35493,
Au16Zr4,62,oP20,0.0,metal,18.2438,16.0028,364.876,194.096,71.4702,2.59578,61.0714,58.8219,0.663948,4.82587e-05,118.176,122.695,20,2,-3.09629,
Au18In15Na6,200,cP39,0.0,metal,21.7146,10.5993,846.871,167.831,49.5398,3.00429,129.198,115.431,0.168054,0.000125504,45.8103,51.274,39,3,-2.08996,
Au1Be5,216,cF24,0.0,metal,9.53047,7.02827,57.1828,610.79,336.246,1.83739,15.2085,14.7846,18.1344,5.18479e-05,124.156,127.716,6,2,-3.3699,
Au1Bi1Ca1,216,cF12,0.0,metal,28.3355,8.7128,85.0066,169.984,117.871,2.15574,9.27483,8.86576,2.30919,7.00292e-05,44.1785,46.2169,3,3,-3.16816,
Au1Bi1Li2,216,cF16,0.0,metal,19.7396,8.82922,78.9586,130.973,82.5248,2.21422,12.8763,11.8984,0.516167,0.000119771,38.1351,41.2695,4,3,-2.72939,
Au1C2Cs1,123,tP4,2.3925,insulator-indirect,31.056,4.73061,124.224,225.985,142.371,1.97247,12.0977,11.6813,3.33356,5.92031e-05,43.2081,44.7483,4,3,-4.97416,
Au1C2K1,123,tP4,2.4192,insulator-indirect,24.7453,4.36329,98.9813,291.042,183.319,1.96023,11.8721,11.4744,4.92026,5.80582e-05,53.7927,55.6568,4,3,-5.02841,
Au1C2Li1,187,hP4,1.8595,insulator-indirect,17.1502,5.51724,68.6006,346.13,217.966,1.93746,11.6419,11.2628,6.58631,5.72024e-05,76.1443,78.7073,4,3,-5.17456,
Au1C2Rb1,123,tP4,2.5761,insulator-indirect,27.4722,4.63089,109.889,256.065,161.27,1.96421,11.9986,11.5914,4.06764,5.8677e-05,48.5769,50.2835,4,3,-4.99094,
Au1Ca3N1,221,cP5,0.0,metal,22.8277,4.81865,114.138,289.113,169.008,1.97702,14.9785,14.3568,4.04562,7.18793e-05,47.3733,49.4248,5,3,-3.87261,
Au1Cd1,221,cP2,0.0,metal,19.2687,13.3308,38.5373,122.017,96.8315,2.75426,6.38546,5.95564,0.60503,8.40046e-05,69.9977,75.0495,2,2,-1.06443,
Au1Cd1Sb1,216,cF12,0.0,metal,24.6504,9.68076,73.9511,124.925,86.6702,2.52503,9.43218,8.92822,0.602338,7.27141e-05,57.6164,60.8686,3,3,-2.06539,
Au1Cl3Cs1,221,cP5,0.0,metal,28.2007,5.13731,141.004,162.033,94.7382,2.52834,16.4641,14.8126,0.590329,0.000139314,26.7053,29.6827,5,3,-2.52468,
Au1Cs1,221,cP2,0.7517,insulator-indirect,40.5406,6.75577,81.0811,87.9,69.8456,2.22582,7.65258,5.98162,0.500054,0.000376464,5.80095,7.42144,2,2,-1.46886,
Au1Cu3,221,cP4,0.0,metal,13.4052,12.0035,53.6206,279.145,175.759,2.53829,12.1456,11.5263,3.02242,6.89284e-05,107.885,113.682,4,2,-2.03267,
Au1Cu4Dy1,216,cF24,0.0,metal,15.1023,11.2454,90.6141,184.066,101.259,2.3213,18.5048,17.6856,0.878584,6.52672e-05,94.7103,99.0975,6,3,-2.76631,
Au1Cu4Tb1,216,cF24,0.0,metal,15.2327,11.0842,91.3961,157.039,86.4004,2.33624,18.6123,17.771,0.535983,6.63026e-05,93.7068,98.1432,6,3,-2.76807,
Au1Dy1,221,cP2,0.0,metal,23.2011,12.8638,46.4022,173.03,137.31,2.10462,6.09044,5.9051,3.80521,4.87681e-05,75.5941,77.9667,2,2,-3.71811,
Au1Dy1Pb1,216,cF12,0.0,metal,26.4162,11.8737,79.2487,173.945,120.645,2.31725,9.21093,8.85806,2.63378,5.64423e-05,62.5712,65.0638,3,3,-3.81938,
Au1Er1,221,cP2,0.0,metal,22.5673,13.4002,45.1346,178.017,141.279,2.20676,6.10328,5.90023,3.75609,5.08966e-05,78.0029,80.6873,2,2,-3.7145,
Au1Er1Ni4,216,cF24,0.0,metal,13.8401,11.9778,83.0406,319.161,175.552,2.46374,17.844,17.0655,3.82708,6.05766e-05,113.627,118.809,6,3,-2.70143,
Au1Er1Pb1,216,cF12,0.0,metal,26.0027,12.1638,78.0082,172.991,119.952,2.32551,9.21565,8.8596,2.57804,5.67e-05,63.4652,66.0157,3,3,-3.78341,
Au1Er1Sn1,216,cF12,0.0,metal,25.0836,10.6564,75.2509,201.984,140.059,2.33205,9.13278,8.8079,3.40276,5.19178e-05,71.935,74.5883,3,3,-3.94885,
Au1Ga2,225,cF12,0.0,metal,19.7177,9.44453,59.1531,153.916,106.778,2.6105,9.69538,8.89483,0.763058,0.000108507,50.5035,55.0488,3,2,-2.23368,
Au1Gd1,221,cP2,0.0,metal,24.2235,12.1409,48.4471,144.958,115.087,2.06011,6.11755,5.93294,2.34303,4.97733e-05,69.4852,71.6473,2,2,-8.31583,
Au1Ge1Ho1,216,cF12,0.0,metal,22.923,10.4914,68.769,193.025,133.819,2.24342,9.133,8.8241,2.81341,5.13533e-05,76.9138,79.6063,3,3,-4.15099,
Au1Hf2,139,tI6,0.0,metal,20.4559,14.9892,61.3677,230.996,160.166,1.9789,8.90703,8.74343,7.7815,3.13081e-05,123.178,125.483,3,2,-7.4381,
Au1Ho1,221,cP2,0.0,metal,22.8676,13.1396,45.7353,175.974,139.691,2.16812,6.09883,5.90199,3.76495,5.02168e-05,76.6901,79.2477,2,2,-3.71381,
Au1Ho1Ni4,216,cF24,0.0,metal,14.0035,11.792,84.021,315.988,173.902,2.45455,17.8576,17.0821,3.74243,6.05836e-05,112.498,117.605,6,3,-2.70051,
Au1Ho1Pb1,216,cF12,0.0,metal,26.2292,12.0096,78.6877,172.959,119.952,2.32583,9.21514,8.8594,2.57263,5.66743e-05,63.029,65.5599,3,3,-3.8,
Au1Ho1Sn1,216,cF12,0.0,metal,25.375,10.4832,76.125,200.921,139.366,2.32658,9.13281,8.80939,3.36219,5.18434e-05,71.2809,73.8978,3,3,-3.9625,
Au1In1Li2,216,cF16,0.0,metal,17.4307,7.75624,69.7227,192.995,121.582,2.36542,13.01,11.7834,1.06687,0.000139031,40.0392,44.2069,4,3,-2.37781,
Au1In2,225,cF12,0.0,metal,24.5408,9.62204,73.6223,155.939,108.164,2.7716,9.77544,8.89449,0.950417,0.000113956,40.4874,44.4974,3,2,-2.36828,
Au1K3O1,221,cP5,0.6417,insulator-indirect,30.1247,3.64094,150.624,183.242,107.019,2.1008,16.7494,14.7663,0.987767,0.000202359,13.9467,15.8197,5,3,-2.70726,
Au1Li1Sb1,216,cF12,0.0,metal,22.3293,8.07262,66.9878,80.9592,56.1623,2.42003,9.67256,8.97102,0.131085,0.000104444,42.7504,46.0935,3,3,-2.75253,
Au1Li2Sb1,216,cF16,0.0,metal,18.195,7.58853,72.78,198.865,125.362,2.2559,12.7207,11.7655,1.33941,0.000116248,43.1695,46.6741,4,3,-2.83927,
Au1Li2Sn1,216,cF16,0.0,metal,17.955,7.61921,71.82,197.026,124.102,2.4251,12.9212,11.7731,1.09616,0.000129686,42.102,46.2077,4,3,-2.69241,
Au1Li2Tl1,216,cF16,0.0,metal,18.6472,9.24384,74.5888,130.955,82.5248,2.62879,13.7976,11.9077,0.34524,0.000188844,31.1318,36.0728,4,3,-2.21382,
Au1Li3,225,cF16,0.0,metal,15.801,5.72192,63.204,159.934,100.794,1.90196,13.2591,11.8554,0.632118,0.00019662,24.9336,27.8857,4,2,-2.1363,
Au1Lu1Sn1,216,cF12,0.0,metal,24.6577,11.0135,73.973,204.022,141.446,2.32805,9.13182,8.80404,3.55069,5.24748e-05,72.481,75.1795,3,3,-3.91841,
Au1Mg1,221,cP2,0.0,metal,17.9455,10.2374,35.891,208.086,165.09,2.29775,6.18862,5.86837,3.09628,7.7055e-05,66.9933,70.6493,2,2,-2.01735,
Au1Mg1Sn1,216,cF12,0.0,metal,23.3133,8.0715,69.9399,205.939,142.832,2.49887,9.34489,8.80632,2.13756,8.01452e-05,53.4452,56.7137,3,3,-2.57546,
Au1Mn1,221,cP2,0.0,metal,17.7486,11.784,35.4972,201.084,159.534,2.49667,6.19847,5.87656,2.64704,7.16341e-05,78.8691,83.1894,2,2,-4.45141,
Au1Mn1Sb1,216,cF12,0.0,metal,23.2105,8.91072,69.6316,161.931,112.325,2.20673,9.2465,8.87736,1.49086,6.1674e-05,62.5349,65.1352,3,3,-4.34185,
Au1Mn1Sn1,216,cF12,0.0,metal,22.9796,8.92658,68.9387,163.096,113.018,2.50956,9.39762,8.87835,1.13732,7.61754e-05,57.9247,61.3125,3,3,-4.20624,
Au1Mn2,139,tI6,0.0,metal,18.2852,9.28845,54.8557,210.103,145.606,2.13432,9.21268,8.79551,2.6582,7.12669e-05,66.4981,69.652,3,2,-5.17184,
Au1Ni4Tb1,216,cF24,0.0,metal,14.0953,11.5973,84.5718,308.001,169.499,2.4341,17.8952,17.1254,3.50802,6.05643e-05,110.328,115.287,6,3,-2.69867,
Au1O1Rb3,221,cP5,0.2744,insulator-indirect,35.558,4.38386,177.79,143.902,84.2117,2.12885,16.9922,14.8583,0.700436,0.000212999,11.487,13.1368,5,3,-2.55323,
Au1Pb1Tb1,216,cF12,0.0,metal,26.6264,11.7056,79.8791,175.99,122.032,2.31439,9.20752,8.85533,2.72298,5.63808e-05,62.0892,64.5586,3,3,-3.83905,
Au1Pb1Y1,216,cF12,0.0,metal,26.5585,10.2762,79.6756,184.905,128.272,2.29254,9.18598,8.83932,2.82587,5.62204e-05,61.5533,63.9672,3,3,-4.45153,
Au1Pd3,221,cP4,0.0,metal,15.8587,13.5118,63.4348,244.98,154.34,2.70448,12.1436,11.6308,2.50825,5.31793e-05,127.798,133.432,4,2,-2.36349,
Au1Rb1,221,cP2,0.0736,insulator-indirect,35.9105,6.53004,71.8209,100.967,80.1638,2.15882,7.47847,5.97519,0.662629,0.000348903,6.97012,8.72371,2,2,-1.47549,
Au1Sc1,221,cP2,0.0,metal,20.1973,9.94496,40.3945,241.985,192.076,2.24689,6.01302,5.81654,5.82201,4.94292e-05,89.1118,92.122,2,2,-3.96019,
Au1Sc1Sn1,216,cF12,0.0,metal,23.6593,8.43659,70.9779,231.078,160.166,2.35228,9.08568,8.75049,3.66029,5.33503e-05,74.4161,77.2666,3,3,-4.03337,
Au1Si1Th1,187,hP3,0.0,metal,23.1193,10.9435,69.3579,271.997,188.594,2.19871,8.84426,8.64835,8.67995,3.39911e-05,110.88,113.392,3,3,-5.04555,
Au1Tb1,221,cP2,0.0,metal,23.524,12.561,47.048,171.019,135.723,2.10084,6.09358,5.90797,3.66941,4.90572e-05,73.8016,76.1202,2,2,-3.7229,
Au1Ti1,221,cP2,0.0,metal,18.6867,10.8797,37.3733,230.935,183.345,3.20978,6.44402,5.84457,2.31474,0.000100623,70.7655,78.0235,2,2,-3.52956,
Au1Y1,221,cP2,0.0,metal,23.3563,10.1622,46.7126,199.016,157.946,2.09711,6.0596,5.87558,4.65739,4.8558e-05,75.0295,77.3793,2,2,-4.64873,
Au1Yb1,221,cP2,0.0,metal,24.6011,12.4874,49.2023,119.947,95.2441,2.50098,6.47999,5.95782,0.915115,0.000112682,37.3605,40.6349,2,2,-1.96858,
Au1Zn1,221,cP2,0.0,metal,15.6362,13.9304,31.2724,167.029,132.548,2.62025,6.27419,5.91553,1.36482,7.48328e-05,91.3501,96.8887,2,2,-1.14263,
Au1Zr2,139,tI6,0.0,metal,21.2533,9.88114,63.7598,252.987,175.42,2.00663,8.87668,8.69576,6.88627,3.41452e-05,109.91,112.196,3,2,-6.4843,
Au24Ge8Na8,205,cP40,0.1229,insulator-indirect,19.4636,11.7134,778.543,171.981,50.2931,2.67366,127.47,118.245,0.217615,9.39302e-05,59.8878,64.5605,40,3,-2.20053,
Au24Na8Si8,205,cP40,0.0492,insulator-indirect,18.7334,11.381,749.338,194.136,56.7259,2.59405,125.424,117.714,0.307479,8.17678e-05,68.982,73.4999,40,3,-2.39307,
Au2Ba1,191,hP3,0.0,metal,28.8086,10.2074,86.4258,142.004,98.4573,2.41136,9.50368,8.90913,1.27186,8.92337e-05,38.0305,40.5684,3,2,-2.25044,
Au2Ba2P2,194,hP6,0.0,metal,26.4612,7.64071,158.767,227.933,125.473,2.25266,18.3312,17.518,2.5545,6.78184e-05,50.1169,52.4431,6,3,-3.74224,
Au2Ba2Sb2,194,hP6,0.0,metal,31.8721,7.92002,191.233,189.979,104.561,2.26163,18.5372,17.6669,1.94955,7.12496e-05,40.0698,42.0436,6,3,-3.36903,
Au2Be1,139,tI6,0.0,metal,14.5825,15.2948,43.7475,197.034,136.592,2.50751,9.2188,8.8193,1.87419,5.90899e-05,118.296,123.654,3,2,-2.20591,
Au2Br6Cs2,139,tI20,0.6574,insulator-indirect,36.2884,5.21277,362.884,155.118,71.9446,2.55699,33.2392,29.6573,0.452325,0.0001485,19.6407,22.0129,10,3,-2.32712,
Au2Ca1Ge2,139,tI10,0.0,metal,21.193,9.07634,105.965,182.027,106.434,2.47775,15.5987,14.7487,1.05432,7.569e-05,62.9415,66.5688,5,3,-3.1427,
Au2Ca1Si2,139,tI10,0.0,metal,19.2652,8.45016,96.326,254.885,149.125,2.39735,15.1656,14.5001,2.55545,6.24661e-05,79.7654,83.4266,5,3,-3.52867,
Au2Ca2,63,oS8,0.0,metal,25.941,7.58692,103.764,164.017,103.314,2.15006,12.4682,11.8345,1.33299,8.14779e-05,41.2189,43.426,4,2,-2.42757,
Au2Ca2In4,63,oS16,0.0,metal,24.4112,7.93642,195.29,209.116,104.5,2.55799,25.2725,23.4798,1.15196,9.607e-05,44.3274,47.7117,8,3,-2.62372,
Au2Ca2P2,194,hP6,0.0,metal,21.1669,7.00872,127.001,268.901,148.036,2.17253,18.0352,17.3291,3.09323,6.17037e-05,65.7426,68.4214,6,3,-3.76815,
Au2Ca2Sb2,194,hP6,0.0,metal,26.0976,7.60984,156.586,201.06,110.615,2.256,18.4604,17.6247,1.70586,6.87709e-05,50.7182,53.1231,6,3,-3.2784,
Au2Ca4N2,63,oS16,0.0,metal,20.1922,5.98547,161.537,282.944,141.5,2.02877,23.9688,23.0071,2.76581,6.76915e-05,58.5097,60.9552,8,3,-4.22798,
Au2Cd2,51,oP4,0.0,metal,19.2711,13.3291,77.0844,140.029,88.1945,2.8371,12.7979,11.8834,0.540213,8.70037e-05,69.4198,74.7622,4,2,-1.06364,
Au2Dy1,139,tI6,0.0,metal,20.9741,14.6844,62.9224,185.993,128.965,2.43799,9.20202,8.83942,2.62348,5.48926e-05,85.4157,88.9195,3,2,-3.18408,
Au2Dy1In1,225,cF16,0.0,metal,21.0999,13.2067,84.3995,153.956,97.0139,2.48267,12.4172,11.8543,1.0706,6.20197e-05,77.409,81.0848,4,3,-3.12281,
Au2Dy1Si2,139,tI10,0.0,metal,18.4686,11.016,92.343,251.033,146.786,2.36212,15.0189,14.5064,3.10321,4.91299e-05,103.475,107.13,5,3,-4.11847,
Au2Dy2Ge2,186,hP6,0.0,metal,21.1573,11.3034,126.944,238.045,130.976,2.27499,18.086,17.4701,3.12127,5.08627e-05,84.7337,87.7207,6,3,-4.25237,
Au2Dy2Sn2,194,hP6,0.0,metal,24.0335,11.0124,144.201,205.091,112.816,2.35863,18.293,17.6056,2.13215,5.41848e-05,73.0208,75.872,6,3,-3.86332,
Au2Dy2Sn2,186,hP6,0.0,metal,24.0318,11.0131,144.191,223.06,122.722,2.34836,18.1997,17.5335,2.77216,5.31288e-05,73.4984,76.2911,6,3,-3.94879,
Au2Er1,139,tI6,0.0,metal,20.4938,15.1572,61.4814,190.055,131.739,2.41845,9.17992,8.83201,2.8501,5.33249e-05,88.6954,92.1893,3,2,-3.18246,
Au2Er1In1,225,cF16,0.0,metal,20.8129,13.4838,83.2517,144.91,91.3443,2.50532,12.4372,11.8695,0.877964,6.21259e-05,78.9725,82.75,4,3,-3.10399,
Au2Er2Sn2,186,hP6,0.0,metal,23.8275,11.2181,142.965,222.09,122.171,2.35942,18.2142,17.5391,2.72302,5.34827e-05,74.4484,77.314,6,3,-3.91069,
Au2F8K2,140,tI24,2.8813,insulator-indirect,18.2311,4.7372,218.773,297.901,130.163,2.42627,37.0633,34.4145,1.15775,0.000102467,51.1716,55.11,12,3,-3.45016,
Au2Ga2O4,194,hP8,0.2012,insulator-indirect,12.4255,9.97958,99.4044,332.88,166.5,2.32568,23.457,22.6333,2.9255,5.14896e-05,140.834,145.959,8,3,-4.63535,
Au2Ga2Zr2,187,hP6,0.0,metal,18.5344,10.6891,111.206,284.991,156.842,2.2567,17.7297,17.2374,4.32467,4.16986e-05,115.252,118.544,6,3,-4.6188,
Au2Gd2,63,oS8,0.0,metal,25.1811,11.6792,100.724,140.943,88.8244,2.1802,12.284,11.8742,1.21337,5.18919e-05,68.5134,70.8779,4,2,-8.32555,
Au2Ge2Sc2,186,hP6,0.0,metal,19.565,8.89785,117.39,267.918,147.486,2.30418,17.9703,17.328,3.07262,5.28996e-05,88.5732,91.8563,6,3,-4.30228,
Au2Ge2Tb2,186,hP6,0.0,metal,21.3561,11.1055,128.137,239.919,132.077,2.26754,18.0715,17.461,3.20744,5.06186e-05,83.9742,86.9102,6,3,-4.26864,
Au2Ge2Th1,139,tI10,0.0,metal,21.3097,12.0183,106.548,140.006,81.8725,2.40328,15.3918,14.847,0.682441,4.99691e-05,92.8802,96.2887,5,3,-4.00548,
Au2Ge2Y2,186,hP6,0.0,metal,21.3096,9.31101,127.857,261.076,143.634,2.26633,17.9715,17.363,3.45205,5.08003e-05,83.359,86.2803,6,3,-4.88227,
Au2Ge8Rb6,59,oP16,0.8887,insulator-indirect,34.1091,4.5259,545.745,176.055,69.8456,2.18492,50.8439,47.2622,0.543366,0.000112319,23.0157,24.7599,16,3,-3.04386,
Au2H6Ti6,223,cP14,0.0,metal,11.1482,7.31329,156.075,436.945,181.317,2.03035,39.3209,37.9624,3.88707,5.81575e-05,115.143,119.263,14,3,-4.09924,
Au2Hf1In1,225,cF16,0.0,metal,19.2388,14.8293,76.9554,169.003,106.463,2.45081,12.226,11.8208,1.44263,4.57386e-05,113.233,117.115,4,3,-4.12202,
Au2Hf2,129,tP4,0.0,metal,19.385,16.081,77.54,230.991,145.521,2.17226,11.9293,11.6623,5.24308,3.47693e-05,128.363,131.301,4,2,-6.07577,
Au2Ho1,139,tI6,0.0,metal,20.8119,14.8636,62.4356,187.007,129.659,2.43476,9.19119,8.83629,2.67566,5.4109e-05,86.983,90.4766,3,2,-3.18192,
Au2Ho1In1,225,cF16,0.0,metal,20.9608,13.3425,83.8432,149.084,93.8641,2.487,12.4243,11.8625,0.966895,6.18573e-05,78.2443,81.9496,4,3,-3.11245,
Au2Ho1Si2,139,tI10,0.0,metal,18.3872,11.1087,91.9359,244.961,143.277,2.35953,15.0446,14.5306,2.90027,4.91839e-05,103.944,107.621,5,3,-4.09794,
Au2Ho2Sn2,186,hP6,0.0,metal,23.9262,11.118,143.557,224.068,123.272,2.34582,18.1997,17.5322,2.82432,5.31802e-05,74.021,76.8393,6,3,-3.92848,
Au2Ho2Sn2,194,hP6,0.0,metal,23.8222,11.1665,142.933,200.951,110.615,2.36697,18.3184,17.6222,1.99889,5.46256e-05,73.3789,76.2779,6,3,-3.83819,
Au2In1Tb1,225,cF16,0.0,metal,21.2553,13.0404,85.0212,159.023,100.164,2.48157,12.4048,11.844,1.17634,6.20235e-05,76.4942,80.1165,4,3,-3.13339,
Au2In1Th1,225,cF16,0.0,metal,23.788,12.9279,95.1521,123.012,77.4851,2.54112,12.3899,11.906,0.595008,5.2108e-05,84.0658,87.4832,4,3,-3.4175,
Au2In1Ti1,225,cF16,0.0,metal,18.5542,12.4547,74.2167,150.058,94.4941,2.50533,12.3353,11.8584,0.768261,5.24157e-05,105.612,109.859,4,3,-2.78019,
Au2In1U1,225,cF16,0.0,metal,22.9285,13.521,91.7139,131.985,83.1548,2.65649,12.5827,11.8941,0.665201,7.03992e-05,67.8302,71.7569,4,3,-3.92164,
Au2In1Y1,225,cF16,0.0,metal,21.2236,11.6903,84.8943,157.954,99.5338,2.461,12.3979,11.8449,1.0512,6.17818e-05,76.1882,79.7453,4,3,-3.59028,
Au2In1Zr1,225,cF16,0.0,metal,19.5552,12.7368,78.2208,181.984,114.653,2.42576,12.2002,11.7928,1.61793,4.65651e-05,107.816,111.541,4,3,-3.84224,
Au2In2O4,194,hP8,0.1328,insulator-indirect,15.1917,9.39442,121.534,260.889,130.5,2.34264,24.0558,23.1512,1.704,5.4812e-05,111.913,116.286,8,3,-4.51476,
Au2K2Se2,63,oS12,1.8977,insulator-indirect,31.3071,5.56968,187.842,171.024,94.1049,2.33847,19.1683,17.7403,0.907973,0.000110854,27.4159,29.6227,6,3,-2.745,
Au2K2Se4,127,tP8,0.919,insulator-indirect,28.9976,5.64035,231.981,202.078,101.0,2.36833,24.9897,23.5053,1.09795,8.64328e-05,38.2892,40.7073,8,3,-2.9144,
Au2K2Te2,194,hP6,0.0,metal,32.7158,6.15278,196.295,167.936,92.454,2.38521,19.2725,17.7516,0.96442,0.000115408,25.923,28.144,6,3,-2.56731,
Au2La2,63,oS8,0.0,metal,28.3776,9.82693,113.51,115.98,73.0754,2.1904,12.3562,11.9154,0.662441,5.5188e-05,57.03,59.1401,4,2,-3.72313,
Au2La2Pb2,194,hP6,0.0,metal,28.1184,10.6904,168.711,186.922,102.91,2.37605,18.453,17.6743,1.90867,6.07659e-05,55.8765,58.3381,6,3,-3.85245,
Au2Mn1,139,tI6,0.0,metal,17.7596,13.99,53.2788,161.987,112.325,2.5277,9.34702,8.87873,1.22095,6.80295e-05,85.059,89.5452,3,2,-3.49168,
Au2Nb1,191,hP3,0.0,metal,17.5734,15.3341,52.7203,246.967,171.26,2.49906,8.95419,8.71036,4.78683,3.69975e-05,153.268,157.559,3,2,-3.72121,
Au2Nb3,139,tI10,0.0,metal,18.0928,12.3471,90.4638,276.036,161.406,2.1594,14.6743,14.3958,5.45603,2.96044e-05,159.511,162.597,5,2,-5.69262,
Au2Nb6,223,cP8,0.0,metal,18.2298,10.8325,145.838,298.039,149.0,2.00576,23.2297,22.8738,5.22147,2.57089e-05,167.947,170.56,8,2,-6.6616,
Au2O4Rb2,63,oS16,1.7621,insulator-indirect,22.9857,5.67883,183.886,257.057,128.5,2.36253,24.4057,23.1892,1.67784,7.24858e-05,56.65,59.6218,8,3,-3.82005,
Au2O4Sc2,194,hP8,2.2382,insulator-indirect,14.6522,7.76088,117.218,310.975,155.5,2.14139,23.49,22.7969,2.75783,4.68233e-05,122.147,125.86,8,3,-6.33583,
Au2O4Y2,194,hP8,2.8141,insulator-indirect,17.0498,7.73964,136.399,253.07,126.5,2.14774,23.9149,23.1978,1.79906,4.74034e-05,106.112,109.392,8,3,-6.66859,
Au2Pb8Rb6,59,oP16,0.3355,insulator-indirect,42.8629,6.20902,685.807,116.044,46.0346,2.21403,52.0037,47.6884,0.281087,0.000130664,16.2383,17.7077,16,3,-2.64801,
Au2Rb2Te2,194,hP6,0.0,metal,34.7761,6.5263,208.657,153.878,84.7495,2.41433,19.3658,17.7917,0.835683,0.000117657,23.996,26.1191,6,3,-2.51547,
Au2S4V2,194,hP8,0.0,metal,17.4176,7.43693,139.341,338.064,169.0,2.21776,23.3277,22.5871,3.96334,4.87617e-05,100.908,104.216,8,3,-4.67974,
Au2Sb2Yb2,186,hP6,0.0,metal,25.6818,10.5987,154.091,183.953,101.259,2.28286,18.5639,17.6876,1.73282,7.10285e-05,51.1286,53.6618,6,3,-2.96942,
Au2Sc1,139,tI6,0.0,metal,18.9035,12.8511,56.7104,224.952,156.006,2.40204,9.09474,8.76375,3.6584,5.15297e-05,98.0044,101.706,3,2,-3.31526,
Au2Sc2Si2,187,hP6,0.0,metal,18.3006,8.16657,109.803,333.986,183.807,2.22529,17.4922,16.962,5.39991,4.63066e-05,101.365,104.534,6,3,-4.59448,
Au2Sc2Sn2,186,hP6,0.0,metal,22.5686,8.8443,135.412,235.984,129.876,2.36949,18.1787,17.4802,2.38023,5.52111e-05,75.9852,79.0217,6,3,-3.98041,
Au2Si2Sr1,139,tI10,0.0,metal,20.1745,8.85189,100.873,256.001,149.71,2.4103,15.1959,14.4983,2.85255,6.50909e-05,73.0374,76.5514,5,3,-3.47681,
Au2Si2Tb1,139,tI10,0.0,metal,18.5474,10.9052,92.7371,256.019,149.71,2.36925,15.0018,14.4872,3.25656,4.926e-05,102.923,106.579,5,3,-4.13867,
Au2Si2Th1,139,tI10,0.0,metal,19.7093,11.4943,98.5467,212.925,124.563,2.4088,15.1182,14.643,2.0651,4.42948e-05,111.184,114.792,5,3,-4.42188,
Au2Si2Y2,186,hP6,0.0,metal,20.5897,8.44013,123.538,266.984,146.936,2.16991,17.8406,17.3269,3.51909,4.50374e-05,92.5877,95.333,6,3,-5.15854,
Au2Si2Yb1,139,tI10,0.0,metal,19.1747,10.7929,95.8734,229.035,133.92,2.40368,15.2734,14.5949,2.33444,6.3023e-05,80.3022,84.0354,5,3,-3.35063,
Au2Sn1U1,225,cF16,0.0,metal,23.4602,13.283,93.841,121.993,76.8552,2.43395,12.4422,11.9077,0.642032,6.04682e-05,70.0347,73.1785,4,3,-4.19797,
Au2Sn2,194,hP4,0.0,metal,24.2183,10.8216,96.8731,132.95,83.7847,2.57494,12.5849,11.8922,0.627925,7.44105e-05,57.3588,60.6996,4,2,-2.6288,
Au2Sn2Tb2,194,hP6,0.0,metal,24.2662,10.8252,145.597,209.031,115.017,2.34641,18.2704,17.5923,2.27551,5.36748e-05,72.7143,75.5173,6,3,-3.88861,
Au2Sn2Tb2,186,hP6,0.0,metal,24.1987,10.8554,145.192,223.917,123.272,2.34018,18.192,17.5297,2.81761,5.30104e-05,72.7883,75.5384,6,3,-3.96901,
Au2Sn2Y2,194,hP6,0.0,metal,24.1749,9.26293,145.05,220.916,121.621,2.33867,18.2204,17.544,2.30734,5.40063e-05,71.8345,74.6037,6,3,-4.50736,
Au2Sn2Y2,186,hP6,0.0,metal,24.1311,9.27976,144.787,240.998,132.627,2.32777,18.1177,17.4593,3.02233,5.3082e-05,72.4525,75.1845,6,3,-4.58587,
Au2Sn8,68,oS20,0.0,metal,27.2343,8.19135,272.343,144.991,67.303,2.38598,31.3235,29.6785,0.459713,7.55426e-05,47.3948,50.0217,10,2,-3.25802,
Au2Ta6,223,cP8,0.0,metal,18.3374,16.7484,146.699,236.002,118.0,1.97953,23.6139,23.2844,4.16073,2.36628e-05,182.136,184.713,8,2,-7.83415,
Au2Tb1,139,tI6,0.0,metal,21.1741,14.4523,63.5224,181.063,125.498,2.43318,9.20936,8.84648,2.42162,5.51163e-05,83.8134,87.2514,3,2,-3.18704,
Au2Th1,191,hP3,0.0,metal,23.9481,14.4681,71.8443,182.991,126.885,2.4028,9.11754,8.84162,3.02712,4.25404e-05,95.3953,98.3722,3,2,-3.5787,
Au2Th2,63,oS8,0.0,metal,27.4958,12.9543,109.983,144.965,91.3443,2.22769,12.1669,11.865,1.57494,3.77425e-05,86.8605,89.0707,4,2,-4.3599,
Au2Ti1,139,tI6,0.0,metal,18.0773,13.5286,54.2318,206.979,143.526,2.43955,9.13867,8.79837,2.71885,5.14273e-05,107.317,111.468,3,2,-2.95573,
Au2Ti2,129,tP4,0.0,metal,17.5985,11.5524,70.3938,264.969,166.94,2.32099,11.8993,11.5575,4.32526,4.19853e-05,124.582,128.267,4,2,-3.42927,
Au2Ti6,223,cP8,0.0,metal,18.0197,7.84821,144.158,376.979,188.5,2.06388,22.8591,22.2494,7.10722,4.35428e-05,100.535,103.29,8,2,-4.2116,
Au2Y1,139,tI6,0.0,metal,21.1056,12.6629,63.3169,197.995,137.286,2.39734,9.16863,8.81686,2.85512,5.43409e-05,83.9687,87.3188,3,2,-3.80036,
Au2Yb1,139,tI6,0.0,metal,22.2057,14.1327,66.6172,136.994,94.9905,2.46767,9.52264,8.916,1.05593,8.9291e-05,51.272,54.7605,3,2,-1.91287,
Au2Zr6,223,cP8,0.0,metal,21.1552,9.23525,169.242,250.032,125.0,2.02352,23.7091,23.2047,3.14792,3.5564e-05,106.588,108.905,8,2,-6.9774,
Au36In16,215,cP52,0.0,metal,19.1632,14.8774,996.487,152.134,40.7233,3.07674,167.824,154.225,0.116457,9.09792e-05,72.761,79.1769,52,2,-1.84417,
Au3Cd3La3,189,hP9,0.0,metal,26.0126,9.53884,234.113,140.073,67.305,2.28134,27.8968,26.7238,0.535871,6.31884e-05,56.3189,58.791,9,3,-2.75655,
Au3Cu1,221,cP4,0.0,metal,16.5702,16.3959,66.2807,202.904,127.882,2.85252,12.4554,11.7487,1.63267,6.82086e-05,103.0,109.196,4,2,-1.58866,
Au3Dy3In3,189,hP9,0.0,metal,23.0251,11.4016,207.226,210.93,101.438,2.31137,27.3882,26.372,1.81321,5.46449e-05,73.7441,76.5856,9,3,-3.51097,
Au3Er3In3,189,hP9,0.0,metal,22.6138,11.7255,203.524,212.061,101.919,2.29764,27.3732,26.3705,1.87062,5.41198e-05,75.4921,78.3626,9,3,-3.4883,
Au3Ho3In3,189,hP9,0.0,metal,22.7516,11.5978,204.765,209.096,100.477,2.29508,27.3906,26.3847,1.79303,5.4343e-05,74.4687,77.3076,9,3,-3.4982,
Au3In3La3,189,hP9,0.0,metal,26.0181,9.5881,234.163,185.045,88.9387,2.30402,27.6402,26.5212,1.21836,5.96988e-05,60.0383,62.5714,9,3,-3.55368,
Au3In3Tb3,189,hP9,0.0,metal,23.2419,11.2101,209.177,213.076,102.4,2.30429,27.3801,26.3639,1.86926,5.47072e-05,72.9105,75.7208,9,3,-3.52411,
Au3In3Y3,189,hP9,0.0,metal,23.0878,9.60631,207.79,231.981,111.534,2.31446,27.2704,26.2462,2.03425,5.5142e-05,72.579,75.4111,9,3,-4.14776,
Au3In3Yb3,189,hP9,0.0,metal,24.6117,10.9037,221.505,164.032,78.843,2.44369,28.5194,26.6362,0.788106,9.31488e-05,43.7597,46.8536,9,3,-2.29429,
Au3K2,71,oI10,0.0,metal,28.1361,7.89777,140.68,140.078,81.8725,2.6601,16.8806,14.8652,0.525211,0.000159746,24.4666,27.7836,5,2,-1.58235,
Au3Li1,221,cP4,0.0,metal,16.8143,14.7603,67.2572,133.06,83.7847,2.78194,12.8424,11.8948,0.445481,9.27686e-05,72.6327,78.4187,4,2,-1.81273,
Au3Rb2,71,oI10,0.0,metal,29.901,8.46163,149.505,129.098,75.4397,2.64383,17.0071,14.8852,0.486594,0.000169086,21.2257,24.2514,5,2,-1.48201,
Au4Ba4,62,oP8,0.0,metal,34.3057,8.09067,274.446,129.034,64.5,2.08236,25.2838,23.7995,0.682268,9.70387e-05,25.1295,26.6968,8,2,-2.31341,
Au4Bi2,227,cF24,0.0,metal,21.7998,15.3084,130.799,152.063,83.6488,2.6183,18.6429,17.7856,0.848172,6.00823e-05,80.9568,84.8591,6,2,-2.27519,
Au4Bi2Dy10,140,tI32,0.0,metal,27.0975,10.8421,433.561,154.975,61.5118,1.98745,48.7628,47.387,0.801565,4.81316e-05,61.9275,63.7254,16,3,-4.33479,
Au4Bi2Tb10,140,tI32,0.0,metal,27.3718,10.5979,437.949,157.991,62.7023,1.98584,48.7433,47.3625,0.843526,4.84069e-05,60.621,62.3882,16,3,-4.35001,
Au4Ca12,62,oP16,0.0,metal,33.3627,3.94702,533.804,179.065,71.0362,1.88035,49.6414,47.2081,0.669899,8.92625e-05,25.5797,26.8982,16,2,-2.28069,
Au4Ca2,74,oI12,0.0,metal,23.0093,10.4406,138.056,139.012,76.4946,2.42963,18.8428,17.8239,0.557281,7.63398e-05,56.7213,59.9639,6,2,-2.23724,
Au4Ca4Cd4,62,oP12,0.0,metal,24.2251,7.98465,290.701,168.05,73.3808,2.33681,37.8039,35.4912,0.553511,9.02464e-05,43.3338,46.1575,12,3,-1.84376,
Au4Ca4Ga4,62,oP12,0.0,metal,21.8379,7.77586,262.055,207.069,90.4156,2.36628,37.4112,35.2235,0.854193,8.48495e-05,51.6372,54.8443,12,3,-2.56272,
Au4Ca4In4,62,oP12,0.0,metal,24.5986,7.91765,295.183,173.887,76.0015,2.43227,37.7804,35.4504,0.569401,8.72773e-05,46.3611,49.4082,12,3,-2.6021,
Au4Ca4Pb2,127,tP10,0.0,metal,25.7078,8.80132,257.078,170.984,79.3712,2.2242,31.2673,29.5532,0.873753,8.50496e-05,41.1907,43.5798,10,3,-2.7533,
Au4Cd4Yb4,62,oP12,0.0,metal,24.4651,10.9145,293.581,143.076,62.461,2.39321,38.1593,35.6325,0.448128,9.53613e-05,42.1698,45.1602,12,3,-1.54226,
Au4Cr1,87,tI10,0.0,metal,17.766,15.7,88.8298,164.04,95.9078,2.76517,15.6609,14.7942,0.833799,6.87664e-05,92.4157,97.8301,5,2,-2.6086,
Au4Dy8,62,oP12,0.0,metal,26.2777,10.9947,315.333,157.001,68.5761,1.9732,36.5922,35.5335,0.998892,4.94427e-05,61.8845,63.7285,12,2,-4.0366,
Au4Er8,62,oP12,0.0,metal,25.5018,11.5358,306.022,158.038,69.0129,1.99422,36.5837,35.5262,1.00377,4.90763e-05,64.4921,66.4119,12,2,-4.02727,
Au4Ga4Sr2,129,tP10,0.0,metal,22.0688,9.34567,220.688,174.119,80.7636,2.49926,31.5201,29.5422,0.620202,8.6337e-05,53.5459,57.131,10,3,-2.37699,
Au4Ho1,87,tI10,0.0,metal,19.1753,16.502,95.8765,156.049,91.2294,2.639,15.5411,14.8122,0.925799,6.08959e-05,91.1706,95.6573,5,2,-2.5035,
Au4Ho10Sb2,140,tI32,0.0,metal,26.1121,10.6544,417.793,166.971,66.274,1.98283,48.6141,47.2876,0.942801,4.66657e-05,65.8887,67.7369,16,3,-4.39555,
Au4Ho8,62,oP12,0.0,metal,25.9063,11.2562,310.876,157.037,68.5761,2.00306,36.6056,35.5299,0.971274,4.96632e-05,63.1783,65.0912,12,2,-4.02859,
Au4In2Tb4,127,tP10,0.0,metal,23.7712,11.5485,237.712,182.087,84.4769,2.22827,30.5446,29.4796,1.24114,5.31947e-05,71.0183,73.584,10,3,-3.63142,
Au4In8Na12,227,cF96,0.0,metal,26.6967,5.13749,640.721,148.82,51.6554,2.46855,81.3348,71.2644,0.158287,0.00018131,20.7923,23.7305,24,3,-1.96859,
Au4La4,62,oP8,0.0,metal,28.2371,9.87582,225.897,129.982,65.0,2.18072,24.6525,23.7862,0.591976,5.47956e-05,57.1235,59.2037,8,2,-3.73254,
Au4La4O12,57,oP20,1.9733,insulator-indirect,15.7905,8.07361,315.81,354.064,130.415,2.22988,57.7636,56.1149,2.32446,4.35796e-05,124.411,128.066,20,3,-5.98298,
Au4La8,62,oP12,0.0,metal,31.4849,8.34673,377.819,139.003,60.7138,2.01892,36.8739,35.6365,0.637761,5.63875e-05,46.1727,47.776,12,2,-4.06444,
Au4Mg4Yb4,62,oP12,0.0,metal,24.1561,9.03526,289.873,168.079,73.3808,2.11069,37.5401,35.4828,0.776776,8.89302e-05,40.0481,42.37,12,3,-1.94761,
Au4O4Rb4,139,tI24,1.683,insulator-indirect,25.3506,6.51611,304.207,191.987,83.8637,2.405,38.0423,35.3422,0.672033,0.000102381,37.7032,40.5837,12,3,-3.26175,
Au4P6,12,mS20,0.1467,insulator-indirect,19.6576,8.22524,196.576,243.902,113.255,2.34243,30.3095,29.0753,1.48105,5.94537e-05,80.1783,83.5819,10,2,-3.87822,
Au4S2,224,cP6,1.9593,insulator-direct,25.6209,9.20313,153.726,90.0114,49.5289,2.51431,19.0367,17.9268,0.142596,7.9391e-05,51.5164,54.7061,6,2,-2.38987,
Au4S4Ta20,216,cF112,0.0,metal,18.2509,14.7364,511.025,288.017,94.8433,2.02465,81.4744,80.3204,2.72587,2.34843e-05,186.84,189.524,28,3,-8.28246,
Au4Sb8,205,cP12,0.0,metal,25.9284,9.40298,311.141,163.015,71.1968,2.40952,37.0473,35.5051,0.608544,5.9069e-05,63.8783,66.653,12,2,-3.19597,
Au4Tb8,62,oP12,0.0,metal,26.5729,10.7236,318.875,154.944,67.7025,1.95684,36.5809,35.5407,0.969947,4.91692e-05,60.6185,62.3927,12,2,-4.04665,
Au4Ti1,87,tI10,0.0,metal,17.5178,15.8447,87.5889,176.948,103.51,2.75924,15.4738,14.7585,1.0409,5.65267e-05,115.492,121.09,5,2,-2.24608,
Au4V2,63,oS12,0.0,metal,17.8257,13.814,106.954,193.068,106.212,2.44822,18.4908,17.6551,1.38202,6.2735e-05,89.2277,93.4513,6,2,-3.24004,
Au4Y8,62,oP12,0.0,metal,26.6444,7.78568,319.733,187.029,81.6798,1.96678,36.379,35.3383,1.2269,4.91392e-05,60.6675,62.4541,12,2,-5.29097,
Au4Yb1,87,tI10,0.0,metal,19.9809,15.9715,99.9044,130.067,76.0245,2.67255,15.8494,14.8725,0.530069,7.94686e-05,69.7644,74.347,5,2,-1.7292,
Au4Yb4,62,oP8,0.0,metal,25.9563,11.8355,207.651,146.954,73.5,2.22381,25.1479,23.738,0.876301,8.65942e-05,40.6054,43.0172,8,2,-1.99661,
Au5Ca1,216,cF24,0.0,metal,20.3202,13.9591,121.921,229.975,126.574,2.68475,18.5065,17.516,2.30785,6.88241e-05,76.9324,81.2826,6,2,-1.84053,
Au5K1,191,hP6,0.0,metal,22.105,12.8197,132.63,156.129,85.8501,2.79098,19.1454,17.7821,0.681375,8.80721e-05,58.9192,63.4363,6,2,-1.51476,
Au5Rb1,191,hP6,0.0,metal,22.5215,13.1525,135.129,148.07,81.4475,2.79338,19.1784,17.8039,0.612997,8.93096e-05,56.0889,60.4188,6,2,-1.44476,
Au6Ca10,140,tI32,0.0,metal,28.5373,5.75556,456.596,175.996,69.8456,2.02268,49.7907,47.2441,0.642865,8.65502e-05,33.3362,35.1331,16,2,-2.38312,
Au6Dy6Sb8,220,cI40,0.4624,insulator-indirect,24.3429,10.6783,486.858,217.03,79.9435,2.25686,60.4941,58.5163,1.22942,4.93284e-05,75.1581,77.6983,20,3,-4.19354,
Au6Er6Sb8,220,cI40,0.4738,insulator-indirect,24.0648,10.9002,481.296,218.086,80.3119,2.25692,60.487,58.5045,1.25255,4.94221e-05,76.0004,78.5757,20,3,-4.14781,
Au6Ho6Sb8,220,cI40,0.4628,insulator-indirect,24.2025,10.7903,484.051,217.971,80.3119,2.25697,60.5024,58.5133,1.24937,4.95008e-05,75.5686,78.1374,20,3,-4.16928,
Au6K2Sn6,59,oP14,0.0,metal,25.9892,9.00047,363.849,141.046,58.5028,2.56651,44.7002,41.5878,0.297897,9.51635e-05,42.0784,45.2276,14,3,-2.55985,
Au6La6Sb8,220,cI40,0.3921,insulator-indirect,26.9691,9.20264,539.382,215.073,79.2067,2.28237,60.6325,58.5551,1.15258,5.10371e-05,66.5949,68.9576,20,3,-4.35359,
Au6Sb8Tb6,220,cI40,0.4553,insulator-indirect,24.5158,10.5303,490.317,218.048,80.3119,2.25247,60.4834,58.5076,1.24604,4.93227e-05,74.5835,77.102,20,3,-4.21792,
Au6Sb8Y6,220,cI40,0.4792,insulator-indirect,24.5563,9.09254,491.126,232.962,85.8379,2.24634,60.256,58.2912,1.32398,4.94013e-05,73.9053,76.3964,20,3,-4.76162,
Au6Sr14,186,hP20,0.0,metal,38.5089,5.19279,770.179,124.929,46.0504,1.88751,62.9372,59.5238,0.312061,9.81895e-05,20.1906,21.3484,20,2,-2.0729,
Au7Cd16Na6,225,cF116,0.0,metal,22.9913,8.25671,666.746,150.855,49.1486,2.8019,98.0302,86.076,0.145186,0.000153523,33.574,38.2368,29,3,-1.05337,
Au7I1P10,162,hP18,0.8428,insulator-indirect,21.4276,7.81586,385.697,252.129,96.156,2.40615,54.6788,52.2328,1.10904,6.37654e-05,70.3155,73.6083,18,3,-3.74509,
Au7I1P10,189,hP18,0.7518,insulator-indirect,21.6106,7.7497,388.99,251.085,95.7744,2.41506,54.7375,52.2486,1.09036,6.46098e-05,69.0677,72.3578,18,3,-3.73258,
Au8Cl24Cs8,221,cP5,0.0,metal,28.2177,5.13422,1128.71,161.884,94.7382,2.53684,16.4647,14.8122,0.58608,0.000139217,26.7583,29.7436,40,3,-2.52572,
Au8Er8Sn4,136,tP20,0.0,metal,23.1125,12.1727,462.251,190.072,69.9966,2.27782,60.9954,58.8631,0.860742,5.22589e-05,75.8794,78.6281,20,3,-3.85477,
Au8Ga4,36,oS24,0.0,metal,17.6617,14.5313,211.941,165.884,72.5072,3.05132,38.6479,35.5137,0.358585,9.2339e-05,77.2639,84.0826,12,2,-1.82958,
Au8In4K2,140,tI28,0.0,metal,23.6865,10.5819,331.611,152.027,63.0668,2.84349,45.5368,41.5298,0.311537,0.000107374,46.3621,50.8353,14,3,-1.93506,
Au8In8Sr4,62,oP20,0.0,metal,25.2646,9.34876,505.293,139.913,51.5764,2.63876,64.0759,59.4187,0.217179,9.49305e-05,45.1768,48.7177,20,3,-2.41891,
Au8Li30,220,cI76,0.0,metal,16.7497,4.65419,636.489,213.999,63.6531,1.90037,125.439,111.541,0.296593,0.000207459,21.9739,24.7118,38,2,-2.11084,
Au8Nb12,213,cP20,0.0,metal,18.1332,12.3196,362.664,264.982,97.6268,2.21794,58.9195,57.7788,1.80702,2.94017e-05,165.715,168.986,20,2,-5.53436,
Au8Zn24,223,cP32,0.0,metal,15.2012,10.7355,486.44,209.89,66.1459,2.64172,101.646,93.9049,0.311753,9.93963e-05,71.264,77.1386,32,2,-0.841076,
B12Dy1,225,cF52,0.0,metal,8.09139,4.6131,105.188,1066.21,453.36,1.65984,22.4497,22.2004,37.876,2.26299e-05,209.155,211.504,13,2,-6.78223,
B12Er1,225,cF52,0.0,metal,8.03449,4.72144,104.448,1053.06,447.831,1.65278,22.74,22.485,37.3594,2.29421e-05,209.635,212.013,13,2,-6.78081,
B12H12Tl2,202,cF104,4.5325,insulator-indirect,12.3068,2.85714,319.977,428.177,144.473,1.56692,73.0699,70.7769,1.89286,6.84343e-05,68.692,70.9176,26,3,-5.06033,-0.226452
B12Hf1,225,cF52,0.0,metal,7.73302,5.09101,100.529,987.19,419.762,1.65148,24.1758,23.8977,31.5612,2.35502e-05,225.615,228.24,13,2,-7.1375,-0.193498
B12Ho1,225,cF52,0.0,metal,8.0622,4.6683,104.809,1063.12,452.084,1.65611,22.5034,22.2535,38.01,2.26856e-05,209.356,211.707,13,2,-6.78139,-0.251559
B12Ni1,225,cF52,0.2542,insulator-indirect_spin-polarized,7.81978,3.07762,101.657,1075.23,457.187,1.63288,22.2683,22.0079,25.6914,2.42475e-05,196.359,198.682,13,2,-6.16426,
B12Sc1,225,cF52,0.0,metal,7.87623,2.83283,102.391,1319.7,561.383,1.6463,17.3282,17.1771,43.4633,1.79262e-05,206.706,208.524,13,2,-6.77778,
B12Sc1,139,tI26,0.0,metal,7.87018,2.83501,102.312,1285.07,546.498,1.64579,17.9876,17.8248,40.1159,1.86e-05,206.915,208.803,13,2,-6.77665,
B12Tb1,225,cF52,0.0,metal,8.12189,4.53956,105.585,1071.14,455.486,1.66326,22.3456,22.0981,37.8246,2.25225e-05,208.768,211.106,13,2,-6.78225,
B12Th1,225,cF52,0.0,metal,8.66698,5.33159,112.671,947.934,403.175,1.72894,25.0486,24.7471,30.819,2.3553e-05,218.646,221.31,13,2,-6.82356,
B12U1,225,cF52,0.0,metal,7.96903,5.89458,103.597,975.918,415.083,1.74932,24.4217,24.1222,32.4242,2.37378e-05,232.222,235.105,13,2,-7.03493,
B12Y1,225,cF52,0.0,metal,8.1043,3.44582,105.356,1220.84,519.28,1.66934,19.2198,19.0342,42.1339,1.95796e-05,207.135,209.155,13,2,-6.91926,-0.243699
B12Yb1,225,cF52,0.0,metal,8.11217,4.76724,105.458,987.096,419.762,1.61858,24.1809,23.8832,32.9105,2.57412e-05,192.908,195.312,13,2,-6.41713,
B12Zr1,225,cF52,0.0,metal,7.8138,3.61175,101.579,1192.86,507.371,1.67445,19.7799,19.5882,38.9539,1.95936e-05,221.986,224.159,13,2,-7.04773,-0.212139
B14Mn2Y6,63,oS44,0.0,metal,11.5221,5.20559,253.487,769.196,274.443,1.80842,49.2552,48.5149,14.9724,2.81365e-05,167.051,169.6,22,3,-7.03704,
B14Re2Y6,63,oS44,0.0,metal,11.9647,6.66916,263.224,681.933,243.394,1.82107,52.4407,51.6811,13.8413,2.68848e-05,181.318,183.983,22,3,-7.49435,
B14W2Y6,63,oS44,0.0,metal,12.0425,6.59661,264.936,690.024,246.249,1.8162,52.1702,51.418,14.3809,2.68117e-05,179.564,182.19,22,3,-7.55789,
B16C16Mg8,64,oS80,1.015,insulator-indirect,9.64607,2.40823,385.843,1059.87,309.946,1.67398,69.4976,68.707,11.3868,2.30002e-05,175.086,177.1,40,3,-6.83833,-0.154191
B16C8Sc8,135,tP32,0.0,metal,9.6607,3.377,309.142,1019.91,321.28,1.7294,57.6915,57.0332,15.3997,2.23297e-05,193.313,195.545,32,3,-7.46607,
B18Li2,185,hP20,0.0,metal,7.16166,2.41676,143.233,1462.38,538.605,1.6412,22.8087,22.6224,33.5665,1.68704e-05,204.838,206.524,20,2,-6.17813,0.0363037
B1Be2,225,cF12,0.0,metal,7.94969,2.00765,23.8491,1273.16,882.649,1.60106,4.20005,4.14603,79.8454,2.73797e-05,134.748,136.504,3,2,-4.68167,0.0434323
B1Bi1,216,cF8,0.2191,insulator-direct,20.968,8.70304,41.936,306.084,242.872,2.15813,5.93931,5.71152,11.8118,6.06642e-05,66.285,68.9286,2,2,-4.57422,0.790986
B1C2N1,25,oP4,1.6679,insulator-indirect,5.93384,3.41678,23.7354,1875.33,1181.18,1.7974,2.86891,2.85644,187.621,8.18259e-06,352.409,353.948,4,3,-8.48037,-0.117214
B1C2Sc2,139,tI10,0.0,metal,12.3877,3.34431,61.9387,702.054,410.532,1.76854,11.7672,11.5871,22.7385,2.9262e-05,154.06,156.455,5,3,-7.60742,
B1C5,44,oI12,0.0,metal,6.01782,3.25905,36.1069,1827.93,1005.99,1.74765,4.5469,4.52755,136.777,8.23417e-06,355.539,357.059,6,2,-8.55934,0.23982
B1C7,115,tP8,0.0,metal,5.9323,3.32004,47.4584,1993.74,997.0,1.75439,5.02607,5.00862,145.22,6.69267e-06,368.679,369.964,8,2,-8.71668,0.187775
B1C7,25,oP8,0.0,metal,5.93375,3.31922,47.47,1898.79,949.5,1.75927,5.59554,5.57369,124.608,7.50305e-06,367.607,369.048,8,2,-8.68677,0.217686
B1C7,215,cP8,0.0,metal,5.93031,3.32115,47.4425,1762.7,881.5,1.7624,6.52666,6.49666,99.2224,8.81989e-06,365.901,367.591,8,2,-8.65023,0.254228
B1Ce1Rh3,221,cP5,0.0,metal,15.0894,10.1165,75.4471,320.043,187.137,2.18589,14.4862,14.1947,5.31949,3.11295e-05,181.896,185.632,5,3,-5.23429,
B1Dy1Rh3,221,cP5,0.0,metal,14.7346,10.8646,73.6729,384.897,225.149,2.15434,14.1496,13.8555,9.96102,3.26213e-05,170.64,174.262,5,3,-5.47795,
B1Er1Rh3,221,cP5,0.0,metal,14.592,11.079,72.9602,382.081,223.395,2.15136,14.1659,13.8722,9.82296,3.25422e-05,172.867,176.526,5,3,-5.48712,
B1H4Na1,216,cF24,6.6252,insulator-direct,9.4961,1.10257,56.9766,734.611,404.486,1.53076,14.3087,13.5892,7.46572,0.000115167,41.2671,43.4523,6,3,-3.90994,-0.317606
B1Hf1,225,cF8,0.0,metal,14.1548,11.1036,28.3096,383.037,303.987,1.76396,5.62877,5.54434,27.0666,2.8618e-05,165.859,168.385,2,2,-8.73737,-0.41427
B1Hf1Rh3,221,cP5,0.0,metal,13.8547,11.9378,69.2735,396.946,232.167,2.13797,14.0262,13.7832,11.2408,2.733e-05,213.6,217.365,5,3,-6.49267,
B1Ho1Rh3,221,cP5,0.0,metal,14.667,10.9697,73.3351,382.035,223.395,2.15028,14.1647,13.8714,9.80238,3.25476e-05,171.798,175.431,5,3,-5.48152,
B1In1La3,221,cP5,0.0,metal,31.0204,5.80643,155.102,229.037,133.92,1.63664,14.9318,14.5835,5.50418,4.82844e-05,43.6141,44.6556,5,3,-4.84429,
B1In1Sc3,221,cP5,0.0,metal,21.55,4.01453,107.75,428.977,250.881,1.84396,13.9339,13.5978,11.883,4.43833e-05,71.7317,73.5049,5,3,-5.33814,
B1Ir3Sc1,221,cP5,0.0,metal,14.1464,14.8472,70.7318,373.961,218.717,2.14448,14.1401,13.9101,11.9249,2.55753e-05,226.871,230.621,5,3,-6.70408,
B1La1Rh3,221,cP5,0.0,metal,15.7963,9.63829,78.9813,309.021,180.704,2.13133,14.5662,14.2529,5.12828,3.41038e-05,155.126,158.536,5,3,-5.33256,
B1Lu1Rh3,221,cP5,0.0,metal,14.3256,11.4637,71.6281,382.95,223.98,2.1456,14.1585,13.8662,10.0724,3.24923e-05,174.813,178.498,5,3,-5.50356,
B1N1,216,cF8,4.4558,insulator-indirect,5.95797,3.45832,11.9159,1792.98,1423.11,1.74957,1.57603,1.56889,281.785,8.76068e-06,351.541,353.143,2,2,-8.72636,-1.22038
B1Ni6Si2,189,hP9,0.0,metal,10.1088,7.64974,90.9792,491.068,236.048,2.17669,24.3605,23.7494,5.82174,3.91984e-05,198.345,203.449,9,3,-3.75316,
B1Os1,187,hP2,0.0,metal,10.4344,15.9944,20.8688,553.042,438.916,2.06072,5.16222,5.09851,55.6781,2.01584e-05,343.066,347.353,2,2,-7.64813,
B1P1,216,cF8,1.2476,insulator-indirect,11.7468,2.95331,23.4935,1024.95,813.543,1.78836,3.59345,3.54823,105.321,2.38619e-05,152.873,154.821,2,2,-6.4602,-0.451502
B1Pb1Sc3,221,cP5,0.0,metal,21.5984,5.42602,107.992,399.888,233.921,1.84851,14.1209,13.7726,12.9809,4.52494e-05,71.4146,73.2208,5,3,-5.66256,
B1Pd3Yb1,221,cP5,0.0,metal,16.0304,10.4219,80.1521,171.952,100.586,2.28299,15.3224,14.769,0.839139,5.37518e-05,108.395,112.456,5,3,-3.71827,
B1Rh3Sc1,221,cP5,0.0,metal,14.1017,8.58389,70.5085,449.943,263.162,2.1362,13.7332,13.4621,12.0816,3.12083e-05,179.3,182.909,5,3,-5.53719,
B1Rh3Tb1,221,cP5,0.0,metal,14.8099,10.7292,74.0493,383.008,223.98,2.15504,14.1628,13.8672,9.7425,3.27272e-05,169.536,173.15,5,3,-5.4741,
B1Rh3Y1,221,cP5,0.0,metal,14.8074,9.16055,74.0368,406.052,237.43,2.1585,14.0232,13.7313,9.87521,3.26299e-05,168.388,171.968,5,3,-5.82597,
B1Rh3Zr1,221,cP5,0.0,metal,14.0653,9.69848,70.3266,430.083,251.466,2.14781,13.8243,13.5823,11.7181,2.75347e-05,206.862,210.549,5,3,-6.16594,
B1Rh6Ti2,225,cF36,0.0,metal,13.7356,9.72577,123.62,447.011,214.895,2.22902,24.7113,24.2573,7.97306,2.7862e-05,215.409,219.441,9,3,-5.14195,
B1Sb1,216,cF8,0.7522,insulator-indirect,18.4157,5.97647,36.8313,453.925,360.34,2.08004,5.53123,5.37691,24.123,4.56291e-05,91.1714,93.7882,2,2,-5.03812,0.253173
B1Sc3Sn1,221,cP5,0.0,metal,21.2708,4.12766,106.354,470.144,274.858,1.83252,13.64,13.3321,16.0004,4.17636e-05,75.3094,77.0488,5,3,-5.75046,
B1Sc3Tl1,221,cP5,0.0,metal,21.5753,5.38827,107.877,366.088,214.038,1.8987,14.3494,13.9624,9.29973,4.82594e-05,69.7745,71.7085,5,3,-5.2525,
B1Tc1,187,hP2,0.0,metal,10.597,8.59625,21.1939,661.081,524.636,1.98438,4.82779,4.76758,56.7175,2.11762e-05,288.602,292.247,2,2,-7.13114,
B1Zr1,225,cF8,0.0,metal,14.816,5.71763,29.632,513.936,407.962,1.85161,5.29519,5.2106,32.2494,2.91557e-05,152.759,155.239,2,2,-7.99307,-0.374621
B24Os4Y8,55,oP36,0.0,metal,10.7784,7.4099,388.022,742.062,224.717,1.86532,82.1919,81.0203,11.7724,2.58412e-05,205.403,208.373,36,3,-7.45148,
B24Re4Y8,55,oP36,0.0,metal,10.9255,7.24255,393.32,738.138,223.506,1.82024,82.4181,81.2911,12.161,2.53698e-05,202.202,205.005,36,3,-7.57654,
B24Ru4Y8,55,oP36,0.0,metal,10.769,5.8893,387.684,808.988,245.008,1.86416,78.129,77.0139,12.1372,2.59008e-05,194.53,197.347,36,3,-7.21549,
B28,58,oP28,1.5403,insulator-indirect,6.9882,2.56868,195.67,1622.02,534.152,1.63537,26.7431,26.5769,37.9524,1.28663e-05,230.155,231.594,28,1,-6.66565,0.0276072
B28Mo12Y4,62,oP44,0.0,metal,10.1369,6.73707,446.023,782.912,221.791,1.88103,97.2193,96.0128,9.9522,2.22807e-05,247.748,250.861,44,3,-7.57226,
B2Ba1Rh2,139,tI10,0.0,metal,17.7281,6.83323,88.6404,398.029,232.752,2.04443,14.0888,13.7812,9.93763,3.61229e-05,120.516,123.206,5,3,-5.11899,
B2C2Li2,194,hP6,0.8521,insulator-indirect,7.70347,2.13847,46.2208,1336.09,735.229,1.67767,7.84736,7.76139,53.3418,2.22024e-05,168.838,170.708,6,3,-6.32131,-0.381771
B2C2Mo4,63,oS16,0.0,metal,10.6124,8.39864,84.8994,698.934,349.5,1.99934,18.7953,18.5764,25.5812,1.96268e-05,305.574,309.174,8,3,-8.2046,
B2C4N2,17,oP8,2.1069,insulator-direct,5.92641,3.42107,47.4113,1886.63,943.5,1.80077,5.66094,5.6366,119.645,8.08201e-06,352.855,354.379,8,3,-8.47529,-0.112135
B2Ca1,191,hP3,0.0,metal,12.1914,2.8013,36.5742,840.287,582.423,1.79557,6.3771,6.25467,43.6953,3.63982e-05,113.715,115.941,3,2,-5.2632,-0.134003
B2Ca1Rh3,191,hP6,0.0,metal,13.1504,7.79558,78.9026,497.874,274.06,2.12811,16.1,15.7719,12.1029,3.24473e-05,179.238,182.967,6,3,-5.18893,
B2Ce1Ir3,191,hP6,0.0,metal,13.5489,15.0829,81.2934,378.969,208.572,2.20089,16.9491,16.664,9.95806,2.57403e-05,241.823,245.961,6,3,-6.56166,
B2Co2Y1,139,tI10,0.0,metal,11.7223,6.47067,58.6113,646.024,377.783,1.92793,12.2537,12.0395,26.3414,3.07047e-05,176.564,179.705,5,3,-5.58592,
B2Co3Y1,191,hP6,0.0,metal,10.7705,7.38306,64.623,621.934,342.3,1.22341,14.758,14.6593,57.2399,1.84846e-05,202.88,204.247,6,3,-5.1968,
B2Cr1,191,hP3,0.0,metal,8.40603,4.8474,25.2181,922.275,639.279,2.17878,5.97355,5.82833,40.0569,3.82806e-05,176.352,180.746,3,2,-6.96674,
B2F10Li4,141,tI32,7.534,insulator-indirect,10.5915,2.34552,169.464,661.179,262.318,1.90612,39.7555,38.186,4.24081,7.16345e-05,80.4493,83.756,16,3,-5.42515,-2.95003
B2Fe1,191,hP3,0.0,metal,8.56623,5.00559,25.6987,747.784,518.634,2.10498,6.88148,6.72629,24.2745,3.65691e-05,204.322,209.036,3,2,-6.20758,
B2Fe4,123,tP3,0.0,metal,11.4115,5.94206,68.4687,434.096,300.919,1.83993,8.36629,8.14043,11.0313,4.96313e-05,121.158,124.519,6,2,-5.45504,
B2Gd1,191,hP3,0.0,metal,12.5156,7.91068,37.5468,553.074,383.429,1.61978,7.76794,7.64988,45.3575,3.16708e-05,142.582,144.782,3,2,-9.54393,
B2Ge6Nb10,193,hP18,0.0,metal,15.7363,8.12658,283.253,490.953,187.352,2.02154,48.1952,47.4592,8.24287,2.54865e-05,182.275,185.101,18,3,-7.50506,
B2Ge6Ta10,193,hP18,0.0,metal,15.7388,13.2858,283.299,378.054,144.234,2.00577,50.7565,49.9966,6.25204,2.5127e-05,193.761,196.706,18,3,-8.2826,
B2Hf1,191,hP3,0.0,metal,9.96579,11.1144,29.8974,699.987,485.353,1.80191,7.04718,6.95859,75.6007,2.35444e-05,243.343,246.441,3,2,-8.8015,-1.02168
B2Ho1Ru3,191,hP6,0.0,metal,13.1829,10.2818,79.0975,397.005,218.478,2.08974,16.847,16.5419,8.42641,2.92694e-05,205.119,208.902,6,3,-6.37077,
B2Ir3Th1,191,hP6,0.0,metal,14.259,16.1159,85.5537,385.046,211.874,2.12425,16.8686,16.6201,12.9078,2.33265e-05,243.126,246.76,6,3,-6.91518,
B2Ir6Sn5,189,hP13,0.0,metal,17.02,13.2717,221.259,270.017,114.828,2.3546,38.3786,37.51,2.21468,3.24417e-05,169.931,173.867,13,3,-5.49088,
B2Li6N4,136,tP12,3.4827,insulator-indirect,9.54649,1.72917,114.558,953.707,416.698,1.74339,23.205,22.6522,12.0855,4.69189e-05,97.6837,100.068,12,3,-5.68865,-0.847693
B2Mg1,191,hP3,0.0,metal,9.63626,2.63796,28.9088,995.811,690.588,1.70729,5.54489,5.46045,56.0154,3.03104e-05,143.246,145.461,3,2,-5.12323,-0.129895
B2Mg16Pt8,227,cF104,0.0,metal,17.8114,7.06828,463.096,284.104,95.8651,2.03223,77.1846,74.7233,1.26617,5.33747e-05,84.4334,87.2146,26,3,-3.29067,
B2Mg16Rh8,227,cF104,0.0,metal,17.4032,4.52763,452.484,339.045,114.431,1.96104,75.7622,73.3873,1.44628,5.43757e-05,80.2373,82.8338,26,3,-3.18309,
B2Mn1,191,hP3,0.0,metal,9.33928,4.53738,28.0178,774.954,537.355,1.09402,6.63838,6.5862,113.623,2.42442e-05,144.026,145.167,3,2,-6.84971,
B2Mo1,191,hP3,0.0,metal,8.92195,7.29336,26.7658,729.102,505.46,1.89039,6.90836,6.81984,43.5796,2.2866e-05,287.408,291.139,3,2,-7.38624,
B2Mo2,63,oS8,0.0,metal,10.5467,8.40372,42.1867,706.047,444.752,1.96263,9.34705,9.23881,43.3023,1.98931e-05,295.19,298.648,4,2,-7.83041,
B2Mo4,140,tI12,0.0,metal,12.4694,8.99737,74.8163,562.971,309.831,1.95833,15.3806,15.2042,22.5078,1.9711e-05,276.698,279.909,6,2,-7.87875,
B2N2,186,hP4,5.2102,insulator-indirect,5.97145,3.45051,23.8858,1800.87,1134.56,1.75436,3.12454,3.11045,178.38,8.68515e-06,351.5,353.091,4,2,-8.70899,-1.20302
B2N2,194,hP4,4.4656,insulator-indirect,11.0567,1.86353,44.2269,1238.99,780.521,1.66959,5.80579,5.76067,79.0912,1.57158e-05,186.942,188.406,4,2,-8.80393,-1.29795
B2N2,194,hP4,4.4656,insulator-indirect,10.4934,1.96357,41.9736,1262.22,795.01,1.67137,5.66684,5.62379,81.9493,1.53474e-05,197.126,198.635,4,2,-8.80302,-1.29704
B2N2,187,hP4,4.4977,insulator-indirect,10.8674,1.896,43.4695,1245.79,784.931,1.66837,5.76271,5.71833,80.1051,1.55848e-05,190.177,191.653,4,2,-8.80362,-1.29764
B2N2,194,hP4,4.2352,insulator-indirect,10.7791,1.91153,43.1163,1244.94,784.301,1.6702,5.77078,5.72616,79.4965,1.56261e-05,191.841,193.336,4,2,-8.80306,-1.29709
B2N2,194,hP4,4.0422,insulator-indirect,10.0884,2.0424,40.3536,1271.01,800.68,1.67128,5.61933,5.57696,82.6791,1.52239e-05,204.693,206.249,4,2,-8.80073,-1.29476
B2Nb2Ni2,63,oS12,0.0,metal,11.2782,7.97062,67.6691,614.908,338.448,1.97409,14.9647,14.7393,22.354,2.57651e-05,228.532,232.028,6,3,-6.26771,
B2Nb2O8,141,tI24,2.8001,insulator-indirect,9.12766,5.0852,109.532,874.141,381.755,1.98096,24.6585,24.3383,19.3308,2.21723e-05,269.705,273.253,12,3,-8.45028,
B2Ni8Tb2,191,hP12,0.0,metal,12.2999,9.10142,147.599,407.096,177.774,2.07559,33.8228,32.9494,4.69371,4.22977e-05,149.488,153.45,12,3,-3.64381,
B2O8Ta2,141,tI24,3.6319,insulator-indirect,9.18004,7.71043,110.161,731.956,319.73,1.97342,27.5858,27.2053,17.4699,2.36244e-05,281.655,285.595,12,3,-8.82655,
B2P2,186,hP4,1.0766,insulator-indirect,11.7443,2.95394,46.9771,1029.19,648.229,1.80057,7.15937,7.0687,65.9963,2.38452e-05,153.446,155.414,4,2,-6.44919,-0.440492
B2Pd4,58,oP6,0.0,metal,12.8301,9.6469,76.9809,343.074,188.76,2.34822,17.4128,16.908,3.82102,4.19075e-05,169.328,174.383,6,2,-4.26713,
B2Pt2,194,hP4,0.0,metal,11.0039,15.5356,44.0157,273.021,171.979,2.16661,11.7733,11.5302,3.94053,3.21096e-05,243.828,248.968,4,2,-5.11611,
B2Pt2,194,hP4,0.0,metal,11.6903,14.6234,46.7614,383.055,241.275,2.23045,11.3234,11.0931,10.4267,3.07755e-05,237.077,241.999,4,2,-5.09547,
B2Rh2,194,hP4,0.0,metal,10.1842,9.27073,40.7366,491.026,309.311,2.11353,10.7383,10.5481,13.0392,2.8329e-05,264.916,269.693,4,2,-5.72216,
B2Ru3Tb1,191,hP6,0.0,metal,13.2751,10.0852,79.6508,398.028,219.028,2.1056,16.8435,16.5338,8.26671,2.95054e-05,203.668,207.483,6,3,-6.37017,
B2Sc1,191,hP3,0.0,metal,10.4153,3.53811,31.246,1048.18,726.643,1.76313,5.27031,5.20863,90.2972,2.24739e-05,176.788,178.881,3,2,-6.93215,
B2Sn6Zr10,193,hP18,0.0,metal,20.9794,7.23774,377.63,391.013,149.194,1.98678,50.7177,49.7556,5.64874,3.22175e-05,111.684,113.844,18,3,-7.36546,
B2Ta1,191,hP3,0.0,metal,9.388,11.9433,28.164,609.958,422.95,1.82982,7.48285,7.38969,47.9423,2.29248e-05,287.162,290.783,3,2,-8.43885,
B2Ta2,63,oS8,0.0,metal,11.5831,13.7451,46.3322,557.941,351.518,1.86908,10.2816,10.1633,44.0279,2.07265e-05,271.013,274.168,4,2,-9.183,
B2Ta4,140,tI12,0.0,metal,14.0806,14.6512,84.4834,467.019,257.0,1.80164,16.1811,16.0079,29.4818,1.99587e-05,234.925,237.466,6,2,-9.47685,
B2Tc2,194,hP4,0.0,metal,10.6877,8.52328,42.7507,700.138,440.972,2.01945,9.39683,9.279,40.9345,2.0946e-05,286.291,289.927,4,2,-7.07679,
B2Tc6,63,oS16,0.0,metal,12.3435,10.3428,98.7481,528.975,264.5,2.08882,20.922,20.6633,15.1718,1.99324e-05,301.185,304.955,8,2,-7.19343,
B2Ti1,191,hP3,0.0,metal,8.8751,4.33575,26.6253,1133.27,785.578,1.78239,4.84846,4.80132,110.252,1.84377e-05,235.931,238.247,3,2,-7.04388,
B2V1,191,hP3,0.0,metal,7.99014,5.02666,23.9704,1081.17,749.524,1.80707,5.10058,5.04815,93.6017,1.92338e-05,267.957,270.74,3,2,-7.27239,
B2V2,63,oS8,0.0,metal,9.30902,5.50761,37.2361,962.125,606.022,1.86968,7.60748,7.52274,67.7273,2.01262e-05,255.355,258.232,4,2,-7.33734,
B2W2,63,oS8,0.0,metal,10.6619,15.1587,42.6475,520.019,327.579,1.93269,10.5024,10.3825,32.6847,1.98713e-05,325.072,328.825,4,2,-8.941,
B2Y1,191,hP3,0.0,metal,12.1441,5.03763,36.4324,760.997,527.648,1.7244,6.75173,6.65658,63.2266,2.76446e-05,154.926,157.141,3,2,-7.17678,-0.560221
B2Zr1,191,hP3,0.0,metal,10.354,6.03228,31.0621,898.825,623.332,1.83183,6.02803,5.95951,88.4071,2.09577e-05,228.081,230.704,3,2,-8.30006,-0.99
B3La3Pt6,180,hP12,0.0,metal,18.0524,12.4155,216.629,231.024,100.899,2.14521,35.786,34.9867,1.8117,3.5109e-05,136.271,139.384,12,3,-5.55026,
B3N3,160,hR2,4.4571,insulator-indirect,11.0826,1.85918,66.4957,1236.88,680.747,1.66917,8.73182,8.66375,60.0811,1.57616e-05,186.495,187.96,6,2,-8.80343,-1.29745
B3Pt6Y3,180,hP12,0.0,metal,16.3688,12.4244,196.426,275.995,120.554,2.12453,35.2809,34.5526,2.7724,3.28323e-05,156.647,159.949,12,3,-6.10837,
B48,134,tP48,0.0,metal,7.78591,2.3055,373.724,1158.1,318.636,1.62187,75.7397,74.954,10.1441,2.16509e-05,202.285,204.406,48,1,-6.53958,0.153672
B4C2U2,51,oP8,0.0,metal,11.5804,9.73856,92.6429,603.084,301.5,1.90906,20.1,19.7866,23.7043,2.74812e-05,203.159,206.376,8,3,-8.21326,
B4C4Ca2,140,tI20,0.4817,insulator-indirect,10.7058,2.65922,107.058,965.185,447.913,1.693,18.9796,18.74,26.8319,2.52371e-05,158.902,160.934,10,3,-7.10392,-0.338271
B4C4Ca2,131,tP10,0.0,metal,10.9178,2.60757,109.178,893.989,414.958,1.73005,20.2325,19.9429,20.4665,2.80342e-05,152.885,155.106,10,3,-6.9539,-0.188251
B4C4Dy2,127,tP10,0.0,metal,10.2291,6.75777,102.291,680.933,316.092,1.74261,23.855,23.5123,21.1098,2.7854e-05,196.279,199.14,10,3,-7.7397,
B4C4Er2,127,tP10,0.0,metal,10.0064,7.06611,100.064,667.861,310.058,1.73658,24.068,23.7205,20.3828,2.809e-05,200.021,202.951,10,3,-7.72706,
B4C4Gd2,131,tP10,0.0,metal,10.6936,6.30118,106.936,662.087,307.273,1.71734,24.1606,23.8119,19.8115,2.83885e-05,183.705,186.395,10,3,-9.43027,
B4C4La2,127,tP10,0.0,metal,11.8273,5.18204,118.273,696.038,323.055,1.77458,23.6223,23.2756,20.1604,2.79447e-05,170.509,173.049,10,3,-7.70059,
B4C4Tb2,131,tP10,0.0,metal,10.4841,6.48012,104.841,656.906,304.952,1.71696,24.2416,23.8937,19.4036,2.82347e-05,189.048,191.801,10,3,-7.60239,
B4C4Y2,131,tP10,0.0,metal,10.4459,4.27769,104.459,793.844,368.542,1.71363,21.9323,21.645,22.6142,2.58254e-05,187.099,189.582,10,3,-7.95886,-0.300788
B4Co4Re4,62,oP12,0.0,metal,10.5945,13.3718,127.134,448.116,195.682,2.16293,32.9661,32.3315,6.86801,3.01392e-05,251.321,256.254,12,3,-6.69347,
B4Co4W4,62,oP12,0.0,metal,10.2111,13.7465,122.533,569.068,248.534,2.02157,30.7067,30.3082,15.9685,2.16191e-05,317.819,321.997,12,3,-7.03257,
B4Cr1,71,oI10,0.0,metal,7.48688,4.22454,37.4344,1249.8,731.004,1.79363,7.17238,7.10586,80.6931,1.75156e-05,261.802,264.253,5,2,-6.73687,
B4Fe4W4,62,oP12,0.0,metal,11.259,12.3154,135.108,502.04,219.269,2.06605,32.0045,31.4661,10.6777,2.74586e-05,240.867,244.988,12,3,-7.60294,
B4H16Hf1,215,cP21,5.7212,insulator-direct,10.3844,1.81118,218.073,974.856,353.399,1.56821,40.0275,38.8306,13.1745,6.59591e-05,55.3823,57.0893,21,3,-4.5148,-0.185874
B4H16Na4,215,cP24,6.539,insulator-indirect,9.20682,1.13721,220.964,753.86,261.397,1.5363,56.3267,53.5484,3.12794,0.000112576,42.7992,45.0199,24,3,-3.91715,-0.324809
B4Hf6Ir10,127,tP20,0.0,metal,14.3734,17.5394,287.469,358.036,131.888,2.05791,56.7562,55.9933,5.47436,2.19536e-05,251.466,254.892,20,3,-8.21098,
B4In5Ir9,189,hP18,0.0,metal,15.6221,13.8615,281.198,335.988,128.208,2.24251,51.864,50.8292,3.55795,3.00145e-05,186.272,190.064,18,3,-5.5425,
B4Li4Rh6,55,oP14,0.0,metal,11.1362,7.33245,155.907,514.888,213.68,2.11945,37.4114,36.4815,5.78428,3.98889e-05,169.802,174.131,14,3,-4.6736,
B4Li8Pd12,212,cP24,0.0,metal,13.1902,7.21553,316.565,283.998,98.4573,2.25237,72.1235,69.0223,0.731396,6.54206e-05,102.971,107.597,24,3,-3.54286,
B4Mn1,71,oI10,0.0,metal,7.39703,4.40795,36.9851,1194.3,698.255,1.83509,7.60192,7.52102,68.7164,1.96693e-05,255.285,258.031,5,2,-6.54291,
B4Mo4,141,tI16,0.0,metal,10.5478,8.40281,84.3826,723.072,361.5,1.96623,18.4717,18.26,29.1569,1.96405e-05,296.253,299.687,8,2,-7.84102,
B4Mo4Nb2,127,tP10,0.0,metal,12.1066,8.40536,121.066,628.89,291.956,1.90261,24.6108,24.3323,21.3483,2.00249e-05,261.656,264.651,10,3,-8.00928,
B4Mo6,127,tP10,0.0,metal,11.681,8.79784,116.81,624.095,289.635,1.97083,24.6973,24.4104,19.2625,1.98543e-05,284.257,287.599,10,2,-7.85719,
B4N4,131,tP8,3.5744,insulator-indirect,27.3258,0.754034,218.606,824.982,412.5,1.56976,17.0807,16.8943,22.6644,2.34499e-05,70.3487,71.1249,8,2,-7.99088,-0.4849
B4N4,70,oF32,5.1279,insulator-direct,7.59373,2.71337,60.7498,1301.84,651.0,1.72244,10.8729,10.7865,47.6192,1.55843e-05,264.368,266.484,8,2,-8.31863,-0.812652
B4N4,62,oP8,5.7544,insulator-indirect,6.79105,3.03408,54.3284,1452.71,726.5,1.73203,9.24098,9.17944,63.0449,1.29912e-05,302.931,304.962,8,2,-8.5314,-1.02542
B4Nb3,71,oI14,0.0,metal,10.6399,7.17819,74.4793,781.037,408.274,1.86957,15.4756,15.3042,38.7651,1.99617e-05,263.128,266.074,7,2,-8.22918,
B4Nb6,127,tP10,0.0,metal,12.9772,7.68617,129.772,649.968,301.703,1.79804,24.2652,24.006,26.7366,1.99905e-05,228.101,230.564,10,2,-8.40018,
B4Ni12,62,oP16,0.0,metal,9.19312,8.43896,147.09,459.871,182.551,2.16427,44.0315,42.8888,3.21242,4.07778e-05,211.164,216.79,16,2,-3.37358,
B4Pd10,15,mS28,0.0,metal,12.6113,10.4136,176.559,324.126,134.432,2.42005,40.9185,39.7083,1.80894,4.15732e-05,179.725,185.203,14,2,-4.04957,
B4Re2,194,hP6,0.0,metal,9.24235,12.4461,55.4541,722.981,397.882,1.91018,13.8535,13.6983,46.7336,1.97575e-05,326.734,330.436,6,2,-8.05195,
B4Ru2,59,oP6,0.0,metal,9.02703,7.52303,54.1622,766.964,422.096,1.95029,13.4376,13.2609,31.2608,2.27787e-05,286.172,289.987,6,2,-6.67465,
B4S12Tb4,33,oP20,2.3148,insulator-indirect,19.48,4.53349,389.601,375.091,138.151,1.87633,57.0376,55.6487,2.98739,4.39954e-05,83.5116,85.5959,20,3,-5.96349,
B4Sc2,227,cF24,0.0,metal,10.0213,3.67724,60.1276,888.897,489.236,1.82929,12.211,12.0071,31.5851,3.10348e-05,158.803,161.5,6,2,-5.93976,
B4Si2V10,140,tI32,0.0,metal,11.4937,5.49745,183.9,789.972,313.512,1.91537,35.1937,34.7349,18.6293,2.29954e-05,214.172,217.001,16,3,-6.98792,
B4Ta3,71,oI14,0.0,metal,10.6294,13.0798,74.4061,578.969,302.677,1.85145,17.7795,17.5691,29.3237,2.15306e-05,278.476,281.812,7,2,-8.88853,
B4Ta6,127,tP10,0.0,metal,13.021,14.3969,130.21,490.059,227.438,1.80458,26.6622,26.3701,21.3692,2.04127e-05,245.722,248.444,10,2,-9.38496,
B4Tc2,194,hP6,0.0,metal,9.10239,7.32916,54.6143,892.973,491.437,1.92157,12.1192,11.9858,50.2164,1.93285e-05,297.418,300.728,6,2,-7.23699,
B4Ti3,71,oI14,0.0,metal,10.1444,4.37146,71.0109,1016.17,531.122,1.80543,12.6736,12.5352,52.7568,2.04316e-05,211.95,214.289,7,2,-6.76032,
B4Ti4,62,oP8,0.0,metal,11.1038,4.38996,88.8303,934.976,467.5,1.82574,15.5878,15.404,41.5771,2.18377e-05,196.861,199.21,8,2,-6.53916,
B4V3,71,oI14,0.0,metal,8.73368,5.32541,61.1358,1010.86,528.508,1.84193,12.7337,12.5965,49.6503,1.97681e-05,260.766,263.607,7,2,-7.32689,
B4W4,141,tI16,0.0,metal,10.6619,15.1587,85.295,534.92,267.5,1.93772,20.8331,20.5965,22.284,1.97208e-05,325.945,329.689,8,2,-8.95415,
B6Ba1,221,cP7,0.0,metal,11.1816,4.28949,78.2715,803.936,420.297,1.6982,15.2565,15.0228,33.4225,3.05671e-05,144.473,146.72,7,2,-6.41988,-0.407945
B6C2Nb6,63,oS28,0.0,metal,10.6421,7.2035,148.989,754.936,313.26,1.8933,31.5739,31.2183,21.5358,2.00479e-05,270.36,273.439,14,3,-8.52628,
B6Ca1,221,cP7,0.0,metal,10.2001,2.44055,71.4007,907.764,474.664,1.58483,13.9743,13.7906,28.2052,2.80899e-05,147.343,149.306,7,2,-6.43095,-0.408006
B6Ce2Ni21,225,cF116,0.0,metal,10.3947,8.69024,301.448,398.136,129.544,2.15035,82.1064,79.9483,1.71861,4.15249e-05,188.33,193.414,29,3,-3.3659,
B6Co2W6,63,oS28,0.0,metal,10.4165,14.6414,145.831,556.084,230.692,1.97242,36.0372,35.6102,15.5193,2.02298e-05,326.415,330.328,14,3,-8.19118,
B6Dy1,221,cP7,0.0,metal,9.79936,5.50386,68.5955,519.95,271.834,1.63463,18.4986,18.1847,10.5437,3.50404e-05,169.21,172.13,7,2,-6.79481,
B6Er1,221,cP7,0.0,metal,9.7371,5.65502,68.1597,512.097,267.652,1.62866,18.5752,18.2589,10.3357,3.53114e-05,168.994,171.922,7,2,-6.75564,
B6Gd1,221,cP7,0.0,metal,9.90429,5.31981,69.33,580.935,303.722,1.63419,17.8397,17.5508,14.4375,3.35158e-05,168.233,171.002,7,2,-8.1436,
B6H24Y2,226,cF128,4.4899,insulator-direct,10.4948,1.31951,335.832,731.63,230.566,1.57124,75.5146,72.6148,3.08241,8.4646e-05,53.2124,55.3374,32,3,-4.49381,-0.295118
B6H6K2,225,cF56,5.0161,insulator-indirect,12.6297,1.40029,176.816,827.165,343.133,1.57286,30.2836,29.4809,10.454,5.78165e-05,60.4313,62.0767,14,3,-4.78164,-0.305172
B6Hf2Ni21,225,cF116,0.0,metal,9.96206,9.50877,288.9,435.985,141.912,2.13924,80.5907,78.617,2.36458,3.88626e-05,204.839,209.982,29,3,-3.84648,
B6Hf3Ni20,225,cF116,0.0,metal,10.2548,9.90627,297.389,421.104,137.03,2.11443,81.0547,79.1391,2.36242,3.79122e-05,203.392,208.315,29,3,-4.18466,
B6Ho1,221,cP7,0.0,metal,9.77112,5.57878,68.3978,527.965,276.016,1.62974,18.4136,18.1035,11.2188,3.48961e-05,169.103,172.0,7,2,-6.77466,-0.384916
B6Ir6Mg6,180,hP18,0.0,metal,12.6332,9.96053,227.397,395.965,151.102,2.00548,50.646,49.6407,4.0235,3.34602e-05,179.63,183.268,18,3,-5.26636,
B6K1,221,cP7,0.0,metal,10.7723,2.28929,75.4064,978.275,511.257,1.65691,13.1519,12.9603,32.3132,2.98618e-05,128.391,130.289,7,2,-5.92047,-0.0267536
B6La1,221,cP7,0.0,metal,10.3519,4.66942,72.4631,724.938,379.0,1.698,16.1993,15.9541,24.037,3.015e-05,168.775,171.368,7,2,-6.92564,
B6Mg3Ni9,181,hP18,0.0,metal,9.87657,6.22064,177.778,562.018,214.443,2.04311,46.8221,45.6886,4.98024,4.02979e-05,177.539,181.943,18,3,-3.84701,
B6Nb4,63,oS20,0.0,metal,10.2434,7.07578,102.434,806.903,374.576,1.86248,21.6569,21.4186,31.8674,1.99258e-05,266.508,269.472,10,2,-8.1627,
B6Ni20Sc3,225,cF116,0.0,metal,10.3137,7.62561,299.097,480.961,156.559,2.11309,78.8886,76.9141,2.73832,4.02834e-05,184.445,189.18,29,3,-3.66402,
B6Ni20Ta3,225,cF116,0.0,metal,10.0572,10.1429,291.658,449.057,146.144,2.12764,79.8902,78.1253,2.8229,3.51824e-05,221.589,226.595,29,3,-4.11658,
B6Ni21U2,225,cF116,0.0,metal,10.2007,9.95478,295.819,380.028,123.685,2.16523,82.6337,80.5512,1.64721,3.9457e-05,204.771,210.065,29,3,-3.60115,
B6Ni21Zr2,225,cF116,0.0,metal,10.0358,8.44304,291.039,451.953,147.12,2.1432,79.9829,78.0169,2.3532,3.89675e-05,201.436,206.512,29,3,-3.72982,
B6Ni2W6,63,oS28,0.0,metal,10.5252,14.4848,147.352,546.939,226.958,1.98114,36.2496,35.805,14.6877,2.08452e-05,316.393,320.322,14,3,-8.07141,
B6O9,152,hP15,,,10.0478,2.30109,150.716,1389.66,563.617,1.78786,18.5264,18.3692,43.2888,1.60814e-05,181.56,183.114,15,2,-8.0444,-2.40841
B6Os4,194,hP10,0.0,metal,9.64829,14.2102,96.4829,588.932,273.39,2.00943,25.2757,24.9545,19.4407,2.13106e-05,334.179,338.481,10,2,-7.5092,
B6Pu1,221,cP7,0.0,metal,9.89679,7.40462,69.2775,584.096,305.291,1.62444,17.8187,17.5243,20.6604,3.43911e-05,162.898,165.635,7,2,-8.14686,
B6Ru4,194,hP10,0.0,metal,9.42225,8.26794,94.2225,716.045,332.338,2.0011,23.2483,22.9357,19.8776,2.26946e-05,293.484,297.484,10,2,-6.65485,
B6Sr1,221,cP7,0.0,metal,10.5696,3.42219,73.9875,848.043,443.299,1.63001,14.7187,14.5088,31.7532,2.9612e-05,146.236,148.352,7,2,-6.42749,-0.44991
B6Ta5,65,oS22,0.0,metal,10.9833,13.3266,120.816,575.056,258.545,1.86157,27.9972,27.6689,22.339,2.12175e-05,275.605,278.875,11,2,-8.99545,
B6Tb1,221,cP7,0.0,metal,9.83127,5.39975,68.8189,579.099,302.677,1.64448,17.8673,17.5731,14.1624,3.3846e-05,169.305,172.138,7,2,-6.81468,
B6Th1,221,cP7,0.0,metal,10.2727,6.85604,71.909,588.948,307.904,1.75597,17.7585,17.4727,17.3902,3.09831e-05,187.912,190.985,7,2,-6.98513,
B6V4,63,oS20,0.0,metal,8.50196,5.2466,85.0196,1027.14,476.691,1.83365,17.9124,17.7207,39.3806,1.97238e-05,262.819,265.662,10,2,-7.31159,
B6Y1,221,cP7,0.0,metal,9.85027,3.70308,68.9519,643.924,336.656,1.6355,17.1432,16.8729,13.567,3.26033e-05,167.284,169.964,7,2,-7.05971,-0.399321
B6Yb1,221,cP7,0.0,metal,10.1643,5.55222,71.1503,558.01,291.699,1.57377,18.1051,17.7971,14.9926,3.6567e-05,147.129,149.676,7,2,-6.31214,
B8Be4C8,59,oP20,0.22,insulator-indirect,7.83129,2.31777,156.626,1391.04,512.449,1.6292,24.7007,24.511,31.6826,1.59484e-05,214.412,216.072,20,3,-7.21581,-0.102169
B8C8Sc4,55,oP20,0.0,metal,9.5462,3.15186,190.924,1089.14,401.191,1.724,33.7473,33.4023,23.7205,2.00527e-05,203.575,205.678,20,3,-7.82659,
B8Cr2,58,oP10,0.0,metal,7.39861,4.27494,73.9861,1276.21,592.267,1.77774,13.9621,13.8387,54.8337,1.68275e-05,266.245,268.621,10,2,-6.75367,
B8Dy2Rh8,137,tP18,0.0,metal,11.6973,9.73777,210.552,448.921,171.326,2.07395,49.3828,48.4815,4.80935,2.97204e-05,220.75,224.854,18,3,-5.82057,
B8Dy4Os4,62,oP16,0.0,metal,12.497,12.4344,199.952,460.076,182.551,1.92887,43.5191,42.8437,9.13928,2.7148e-05,208.725,212.015,16,3,-7.08821,
B8Er2Rh8,137,tP18,0.0,metal,11.6292,9.87031,209.326,446.047,170.181,2.06954,49.4513,48.5514,4.76312,2.9682e-05,222.226,226.345,18,3,-5.81756,
B8Fe2,58,oP10,0.0,metal,7.37012,4.465,73.7012,992.506,460.446,2.4024,18.7036,18.1911,13.9531,3.95251e-05,199.139,204.749,10,2,-6.29435,
B8Fe4,62,oP12,0.6755,insulator-indirect,7.08807,6.04946,85.0569,1049.89,458.63,1.88658,21.0437,20.8034,31.7093,2.0488e-05,304.562,308.08,12,2,-5.83882,
B8Hf2Ir6,176,hP16,0.0,metal,10.9022,15.2006,174.435,416.997,165.487,2.02038,44.3578,43.7059,6.26813,2.45199e-05,283.542,287.772,16,3,-7.41349,
B8Ho2Rh8,137,tP18,0.0,metal,11.6546,9.81198,209.782,444.928,169.799,2.07271,49.4703,48.5675,4.70194,2.9743e-05,221.408,225.523,18,3,-5.8182,
B8Ho4Os4,62,oP16,0.0,metal,12.3965,12.6166,198.345,461.98,183.345,1.92726,43.4944,42.8206,9.31086,2.7085e-05,210.89,214.208,16,3,-7.09928,
B8Ir4Mo8,58,oP20,0.0,metal,11.3865,11.8335,227.731,511.044,188.254,2.0394,52.8682,52.1845,8.03588,2.13424e-05,300.663,304.602,20,3,-7.49336,
B8Ir4V8,58,oP20,0.0,metal,10.3703,10.111,207.406,590.963,217.726,1.98137,50.5518,49.8385,9.9933,2.40384e-05,271.024,274.903,20,3,-7.1045,
B8Ir6Zr2,176,hP16,0.0,metal,10.9917,13.4288,175.868,448.073,177.789,2.02816,43.7363,43.0916,6.88581,2.44894e-05,278.609,282.777,16,3,-7.22803,
B8Mo2U2,65,oS24,0.0,metal,10.9792,9.50848,131.75,657.004,286.971,1.91599,29.0943,28.6709,21.0859,2.56947e-05,221.521,224.793,12,3,-7.76785,
B8Mo8Os4,58,oP20,0.0,metal,11.3557,11.8065,227.115,536.993,197.832,2.03785,52.0736,51.4305,9.28589,2.04114e-05,310.19,314.069,20,3,-7.83697,
B8Mo8Ru4,58,oP20,0.0,metal,11.2774,9.2638,225.547,590.997,217.726,2.02805,50.4888,49.8475,9.72627,2.11014e-05,291.41,295.159,20,3,-7.40587,
B8Nb4Ni4,62,oP16,0.0,metal,9.66332,7.44136,154.613,736.172,292.082,1.95018,36.6722,36.1634,15.5525,2.40473e-05,258.422,262.058,16,3,-6.5788,
B8Nb7Ru6,175,hP21,0.0,metal,11.892,8.93163,249.732,622.906,225.813,1.9899,51.9348,51.295,11.9008,2.08692e-05,268.109,271.453,21,3,-7.65626,
B8Os4Tb4,62,oP16,0.0,metal,12.6146,12.2009,201.834,465.975,184.932,1.92439,43.4063,42.734,9.48568,2.71271e-05,206.293,209.538,16,3,-7.07548,
B8Os6Sc2,63,oS32,0.0,metal,10.8626,12.5886,173.802,555.987,220.649,1.99584,41.2608,40.7135,12.5849,2.23968e-05,286.06,289.905,16,3,-7.47192,
B8Re2Th2,65,oS24,0.0,metal,11.6905,10.9248,140.286,567.071,247.66,1.9158,30.7658,30.3381,16.923,2.44737e-05,231.926,235.195,12,3,-7.48861,
B8Rh8Tb2,137,tP18,0.0,metal,11.7396,9.64652,211.313,444.9,169.799,2.07605,49.4739,48.5677,4.64926,2.98087e-05,219.975,224.079,18,3,-5.82187,
B8Rh8Th2,137,tP18,0.0,metal,12.4101,10.2124,223.381,414.964,158.352,2.11732,50.1263,49.2319,4.11897,2.84564e-05,225.317,229.41,18,3,-5.93557,
B8Rh8Y2,137,tP18,0.0,metal,11.7084,8.56887,210.751,478.119,182.391,2.0717,48.6647,47.7894,5.12758,2.93399e-05,219.487,223.508,18,3,-6.02315,
B8Ru4Y4,62,oP16,0.0,metal,12.5925,6.97564,201.48,570.963,226.602,1.95007,41.0891,40.3703,9.68317,3.03753e-05,175.736,178.865,16,3,-6.99466,
B8Th2W2,65,oS24,0.0,metal,11.935,10.6466,143.22,587.093,256.396,1.8894,30.4028,29.989,19.3883,2.42734e-05,223.553,226.638,12,3,-7.6481,
B8W4,194,hP12,0.0,metal,9.3639,12.1456,112.367,651.884,284.787,1.86613,29.1127,28.7688,22.5317,2.13242e-05,306.993,310.662,12,2,-8.27803,
B8W4,194,hP12,0.0,metal,9.35353,12.1591,112.242,652.044,284.787,1.86482,29.109,28.7658,22.5661,2.13052e-05,307.026,310.689,12,2,-8.27836,
Ba1,225,cF4,0.0,metal,63.9243,3.56738,63.9243,83.9735,84.0,1.10473,3.08283,2.98859,3.00786,9.34997e-05,7.49546,7.73181,1,1,-1.9062,0.017804
Ba10Sb8,64,oS36,0.2541,insulator-indirect,42.1232,5.14072,758.218,160.958,61.433,1.99626,55.6075,53.2735,0.702012,7.18694e-05,26.8341,28.0098,18,2,-3.95381,-1.15633
Ba10Sn6,140,tI32,0.0,metal,44.8182,4.82917,717.091,163.02,64.6866,1.93898,49.6886,47.342,0.857093,8.27993e-05,21.4201,22.4818,16,2,-3.24101,
Ba1C2,139,tI6,1.6126,insulator-indirect,23.5318,3.79531,70.5954,302.946,210.088,1.87347,8.81777,8.57013,6.04298,5.09167e-05,61.1599,62.9272,3,2,-6.69316,0.0950653
Ba1Cd1,221,cP2,0.0,metal,38.5434,5.37969,77.0868,146.86,116.674,2.04788,6.41157,5.93579,2.05258,0.000127583,16.4909,17.8127,2,2,-1.49513,
Ba1Cd2Ge2,139,tI10,0.0,metal,26.0239,6.47438,130.119,182.015,106.434,2.23267,15.6925,14.7506,1.24185,9.25844e-05,37.5963,39.9969,5,3,-2.72166,
Ba1Ce1O3,221,cP5,2.9598,insulator-indirect,18.285,5.91108,91.4249,377.009,220.471,2.05685,14.2445,13.9025,7.51346,3.95508e-05,108.375,111.041,5,3,-7.20828,
Ba1Cl2,225,cF12,5.4354,insulator-indirect,33.8806,3.40199,101.642,191.923,133.125,2.19217,9.46367,8.83416,1.59276,0.000105549,24.7494,26.513,3,2,-4.43153,-2.59872
Ba1Cu2S2,139,tI10,0.698,insulator-direct,19.6002,5.56685,98.001,280.855,164.33,2.23454,15.144,14.3982,2.69242,7.58697e-05,58.9539,62.0077,5,3,-3.89738,
Ba1Cu2Se2,139,tI10,0.5466,insulator-direct,22.1092,6.3441,110.546,226.983,132.75,2.23959,15.4117,14.6059,1.89033,8.04159e-05,50.107,52.8715,5,3,-3.58666,
Ba1Cu3O4,65,oS16,0.6706,insulator-indirect_spin-polarized,15.4422,5.26864,123.538,431.178,215.5,2.57834,22.9837,21.7593,3.57166,7.01488e-05,91.6088,96.7633,8,3,-4.73709,-0.494643
Ba1F2,225,cF12,6.6145,insulator-indirect,20.6188,4.70666,61.8565,263.814,183.047,2.23784,9.23361,8.68423,2.8326,9.23724e-05,46.2644,49.1911,3,2,-5.77163,-3.89061
Ba1F3Li1,221,cP5,6.5663,insulator-direct,13.3036,5.02435,66.5181,380.999,222.81,2.16083,14.8877,13.9176,3.90182,0.00010577,57.5495,61.5609,5,3,-5.37894,-3.49742
Ba1Fe1O3,221,cP5,0.0,metal,13.0742,6.1263,65.3708,466.137,272.518,2.32479,13.9459,13.3835,7.22743,5.99274e-05,107.731,112.258,5,3,-6.38738,
Ba1Ga2,191,hP3,0.0,metal,29.3883,5.21345,88.165,219.888,152.539,2.12286,9.32405,8.77932,3.27235,9.52075e-05,30.0378,31.9015,3,2,-2.70983,
Ba1Ga4,139,tI10,0.0,metal,23.0362,6.0014,115.181,248.139,145.031,2.36646,15.687,14.5412,2.19296,0.000108002,37.4749,40.4279,5,2,-2.74961,
Ba1Ge12Pt4,204,cI34,0.0,metal,19.8323,8.81013,337.149,189.052,73.5042,2.35503,52.0209,50.0563,0.518243,5.44025e-05,88.4836,91.9565,17,3,-4.51984,
Ba1Ge3Ir1,107,tI10,0.0,metal,21.6032,8.41401,108.016,278.082,162.575,2.28288,14.9242,14.3979,4.27227,5.25837e-05,79.431,82.3348,5,3,-4.83099,
Ba1Ge3Pd1,107,tI10,0.0,metal,22.3196,6.86695,111.598,254.08,148.54,2.34269,15.2311,14.5058,2.62995,6.98788e-05,59.5347,62.5112,5,3,-4.18235,
Ba1Ge3Pt1,107,tI10,0.0,metal,22.1113,8.26376,110.557,255.086,149.125,2.35583,15.136,14.4975,3.12221,6.14015e-05,68.7569,71.785,5,3,-4.44522,
Ba1H3Li1,221,cP5,2.2141,insulator-indirect,12.8655,3.80223,64.3277,419.072,245.033,1.75978,14.8644,13.7139,5.92114,0.000156248,31.6188,34.2714,5,3,-3.30208,-0.504463
Ba1H3Li1,221,cP5,1.1459,insulator-indirect,25.3166,1.93224,126.583,195.039,114.037,1.7335,16.3383,14.7279,0.769721,0.000201215,13.3729,14.8352,5,3,-2.67911,0.118505
Ba1Hg1,221,cP2,0.0,metal,37.2222,7.53756,74.4445,131.009,103.975,2.26215,6.4833,5.94986,1.5592,0.000128589,19.0184,20.7235,2,2,-1.63883,-0.526419
Ba1In4,139,tI10,0.0,metal,30.8824,6.41592,154.412,177.894,104.095,2.41329,16.0132,14.7655,1.22572,0.000112742,27.9486,30.3103,5,2,-2.81067,
Ba1Ir2P2,139,tI10,0.0,metal,20.0432,9.672,100.216,332.063,194.155,2.2058,14.4475,14.1402,8.13818,3.25374e-05,131.792,134.656,5,3,-5.85056,
Ba1Li1P1,187,hP3,0.7021,insulator-direct,25.791,3.76102,77.3729,279.96,194.141,1.90822,9.07683,8.6394,5.13143,8.6845e-05,33.6919,35.3978,3,3,-3.95679,-0.905735
Ba1Li1Si1,187,hP3,0.0,metal,28.2102,3.38182,84.6305,250.075,173.34,1.78687,9.17208,8.7128,4.26982,9.60915e-05,26.3888,27.7799,3,3,-3.26319,-0.178933
Ba1Mg2Si2,139,tI10,0.0,metal,24.0157,3.3481,120.078,383.179,223.98,1.99344,14.4813,13.8864,6.89108,7.07076e-05,44.386,46.2874,5,3,-3.52872,-0.337036
Ba1Mg4Si3,123,tP8,0.0,metal,23.007,2.87625,184.056,428.136,214.0,1.96543,22.6863,21.7915,5.87975,6.86647e-05,46.2237,48.1219,8,3,-3.3515,-0.280357
Ba1Nb1O3,221,cP5,0.0,metal,14.1937,6.51022,70.9684,487.92,285.384,2.12842,13.5006,13.2095,11.8894,3.43684e-05,157.547,161.018,5,3,-7.90658,
Ba1Nb4O6,123,tP11,0.0,metal,13.487,6.77116,148.357,579.942,260.794,2.04514,28.0621,27.6054,12.4976,2.68932e-05,193.384,196.584,11,3,-8.41735,
Ba1Nb7O9,123,tP17,0.0,metal,13.2662,6.85988,225.525,600.967,233.736,2.03148,42.7573,42.1085,10.4578,2.5238e-05,205.255,208.417,17,3,-8.54905,
Ba1Ni1Sn3,107,tI10,0.0,metal,26.7161,6.86303,133.58,215.959,126.318,2.28525,15.3878,14.641,2.16947,7.2976e-05,46.7822,49.1685,5,3,-3.45691,
Ba1O1,225,cF8,,,22.122,5.75468,44.2439,294.127,233.348,2.14274,5.95958,5.73298,7.54804,6.0926e-05,62.1298,64.5855,2,2,-5.91402,-2.48645
Ba1O1,225,cF8,2.0888,insulator-direct,22.1121,5.75725,44.2242,287.913,228.586,2.14322,5.97004,5.74285,7.09175,6.10076e-05,62.1272,64.585,2,2,-5.91407,-2.48649
Ba1O2,139,tI6,2.2186,insulator-direct,17.3171,5.41233,51.9513,352.112,244.063,2.15098,8.80885,8.43356,6.66459,6.80887e-05,69.7963,72.9023,3,2,-5.79011,-1.86135
Ba1O2,139,tI6,,,17.3718,5.39528,52.1154,352.14,244.063,2.15081,8.80891,8.43373,6.66694,6.80788e-05,69.7554,72.8585,3,2,-5.79016,-1.86139
Ba1O3Pa1,221,cP5,0.0,metal,18.2811,7.56406,91.4054,254.056,148.54,1.82809,14.7831,14.4889,3.79553,3.67902e-05,107.976,110.168,5,3,-8.39826,
Ba1O3Pb1,221,cP5,0.0,metal,16.5532,7.87532,82.766,349.886,204.681,2.40375,14.7089,14.0684,5.00562,6.25205e-05,89.1805,93.241,5,3,-5.76312,-1.67869
Ba1O3Pb1,221,cP5,0.0,metal,20.3965,6.39138,101.983,185.98,108.773,2.52383,16.0339,14.7423,0.724576,0.000108476,47.9844,52.1884,5,3,-4.69309,-0.608662
Ba1O3Pr1,221,cP5,0.0,half-metal,17.9651,6.0309,89.8254,371.967,217.547,2.07806,14.2926,13.9288,7.03495,4.15349e-05,106.335,109.112,5,3,-7.22651,
Ba1O3Pu1,221,cP5,0.0,half-metal,17.1639,8.30831,85.8197,331.063,193.57,1.99449,14.4916,14.1463,7.02168,4.03618e-05,111.933,114.665,5,3,-9.19261,
Ba1O3Sn1,221,cP5,0.0,metal,15.266,6.61382,76.3302,450.086,263.162,2.45161,14.0148,13.4805,7.688,5.32843e-05,111.39,115.805,5,3,-6.11406,-2.01155
Ba1O3Tb1,221,cP5,0.0,half-metal,17.682,6.46587,88.41,337.042,197.079,1.83816,14.5037,14.1158,7.16706,4.94374e-05,81.3609,83.5963,5,3,-6.95938,
Ba1O3Th1,221,cP5,2.9236,insulator-direct,21.4807,6.4528,107.404,311.004,181.874,1.7397,14.493,14.2382,8.21256,3.39e-05,93.8571,95.5368,5,3,-7.45898,
Ba1O3Ti1,221,cP5,2.1335,insulator-indirect,13.3816,5.78831,66.9081,578.888,338.601,2.1084,12.846,12.5587,16.6821,3.60648e-05,149.509,152.929,5,3,-7.45659,-2.52537
Ba1O3Zr1,221,cP5,3.0367,insulator-indirect,15.4278,5.95313,77.1391,508.052,297.08,2.10688,13.3638,13.073,14.012,3.50494e-05,139.311,142.409,5,3,-8.2894,-3.23719
Ba1O4S1,216,cF24,4.5103,insulator-indirect,16.7873,3.84765,100.724,434.966,239.39,2.06817,16.775,16.2763,5.87666,4.90283e-05,92.8244,95.6691,6,3,-6.42346,-2.12764
Ba1Os2P2,139,tI10,0.0,metal,20.3745,9.44885,101.873,333.985,195.324,2.21996,14.4202,14.1252,8.15941,3.11467e-05,135.882,138.72,5,3,-6.4687,
Ba1Os4Sb12,204,cI34,0.0,metal,24.8358,9.27842,422.209,269.995,105.006,2.2828,50.3895,49.0592,2.2938,3.91243e-05,93.4038,95.9364,17,3,-5.10964,
Ba1P2Rh2,139,tI10,0.0,metal,19.7568,6.80946,98.7841,369.011,215.793,2.21415,14.3081,13.9457,7.68038,3.88106e-05,109.693,112.543,5,3,-5.07769,
Ba1P2Ru2,139,tI10,0.0,metal,20.0921,6.63515,100.46,391.935,229.243,2.17637,14.1278,13.8158,9.50025,3.43553e-05,119.561,122.261,5,3,-5.81088,
Ba1Pd1Si3,107,tI10,0.0,metal,20.1767,5.39864,100.884,349.945,204.681,2.18385,14.5872,14.061,5.50489,5.62418e-05,74.1571,76.9323,5,3,-4.6366,
Ba1Pd1Sn3,107,tI10,0.0,metal,28.7804,6.92131,143.902,184.991,108.189,2.36772,15.5101,14.7381,1.40064,7.22147e-05,46.3069,48.7325,5,3,-3.76042,
Ba1Pt1Sb1,187,hP3,0.0,metal,30.1292,8.34371,90.3875,174.947,121.338,2.29727,9.19667,8.85557,2.28195,5.50022e-05,56.1993,58.364,3,3,-4.19184,
Ba1Pt1Si3,107,tI10,0.0,metal,19.8955,6.95541,99.4777,342.973,200.588,2.1967,14.5512,14.0907,6.46168,4.90801e-05,86.7582,89.5937,5,3,-4.9547,
Ba1Pt1Sn3,107,tI10,0.0,metal,28.5008,8.0227,142.504,183.902,107.604,2.40179,15.4419,14.7384,1.52975,6.50977e-05,52.3943,54.8952,5,3,-3.97314,
Ba1Pt5,191,hP6,0.0,metal,19.4699,15.8177,116.819,235.988,129.876,2.53776,17.9869,17.4733,3.01352,3.81631e-05,136.001,139.998,6,2,-3.7927,
Ba1Ru2Sb2,139,tI10,0.0,metal,24.4699,7.91213,122.349,309.108,180.704,2.29157,14.6597,14.2523,6.45607,4.11475e-05,89.0403,91.5857,5,3,-4.8043,
Ba1S1,225,cF8,2.1522,insulator-indirect,33.6651,4.1776,67.3302,243.107,192.869,2.10301,6.06312,5.81633,5.63285,6.63233e-05,37.583,39.1777,2,2,-5.1059,-2.08072
Ba1Se1,225,cF8,1.9488,insulator-indirect,37.3566,4.80715,74.7133,204.903,162.709,2.081,6.12939,5.8699,4.57279,6.96418e-05,32.255,33.6809,2,2,-4.75482,-2.05149
Ba1Se1,221,cP2,1.2122,insulator-indirect,32.3593,5.54953,64.7187,182.047,144.453,2.04025,6.16258,5.89689,3.18191,7.23702e-05,35.3327,36.9247,2,2,-4.55448,-1.85115
Ba1Si2Zn2,139,tI10,0.0,metal,20.6755,5.20857,103.377,345.855,202.342,2.1839,14.8215,14.0905,5.31203,7.78308e-05,52.058,54.7586,5,3,-3.0312,
Ba1Te1,221,cP2,0.7815,insulator-indirect,38.7506,5.67639,77.5011,154.971,123.024,2.02374,6.19624,5.92513,2.6017,7.40477e-05,28.7267,30.0412,2,2,-4.15638,-1.62367
Ba1Te1,225,cF8,1.5922,insulator-indirect,44.5202,4.94076,89.0403,169.039,134.135,2.03554,6.17991,5.91196,3.48875,7.26851e-05,25.6436,26.8059,2,2,-4.32383,-1.79112
Ba1Zn1,221,cP2,0.0,metal,34.6673,4.85484,69.3346,168.951,134.135,1.91964,6.38832,5.91527,2.81468,0.000133973,16.5202,17.8414,2,2,-1.30937,
Ba2,194,hP2,0.0,metal,63.3043,3.60231,126.609,92.0006,73.0204,1.27614,6.24567,5.97341,1.81851,0.000114441,7.28221,7.61412,2,1,-1.91019,0.013807
Ba2Be26,226,cF112,0.0,metal,10.6693,2.82912,298.742,850.286,279.919,1.57309,59.1705,57.9007,11.4948,4.65567e-05,87.8499,89.7765,28,2,-3.56928,0.04195
Ba2Be4N4,140,tI20,1.1727,insulator-indirect,13.707,4.44283,137.07,521.929,242.291,1.82395,26.633,25.9576,8.3683,4.73357e-05,99.2502,101.833,10,3,-6.17801,-0.969322
Ba2Bi2O6,225,cF40,0.0,metal,17.2714,7.58207,172.714,337.016,156.422,2.26506,29.2553,28.246,3.25923,5.20501e-05,97.368,100.847,10,3,-5.96124,-1.81033
Ba2Bi3,71,oI10,0.0,metal,39.941,7.49679,199.705,139.992,81.8725,2.07941,15.552,14.8484,1.3491,7.42712e-05,28.6783,30.0372,5,2,-3.96529,-0.773396
Ba2Br2H2,129,tP6,3.1962,insulator-direct,25.9681,4.65185,155.809,200.885,110.615,2.08485,19.044,17.6408,1.23482,0.00012507,25.3058,27.3187,6,3,-3.73958,-1.43953
Ba2C8O8,140,tI36,2.5632,insulator-indirect,14.5267,3.16728,261.481,557.011,212.535,1.8444,46.7269,45.8009,5.15933,3.64036e-05,121.036,123.483,18,3,-7.70167,-1.19834
Ba2Cd1,139,tI6,0.0,metal,47.2524,4.53413,141.757,135.958,94.2971,1.76028,9.48329,8.91643,1.90106,0.000116418,12.9693,13.7938,3,2,-1.65292,
Ba2Cd2Ge2,194,hP6,0.0,metal,31.4024,5.68154,188.414,213.963,117.769,2.23364,18.6725,17.5826,2.01508,9.09294e-05,31.108,33.0363,6,3,-2.76163,
Ba2Cd4,74,oI12,0.0,metal,32.4986,6.1681,194.992,120.924,66.5889,2.32646,19.6356,17.8723,0.38081,0.00013535,21.3697,23.4781,6,2,-1.25586,
Ba2Ce2N4,194,hP8,0.5181,insulator-indirect,18.864,6.72224,150.912,348.001,174.0,2.06129,23.0479,22.4942,5.08917,3.94285e-05,107.22,109.859,8,3,-6.63432,
Ba2Cr2S4,59,oP8,0.3265,insulator-indirect,25.3831,4.14505,203.065,284.135,142.0,2.02434,23.914,23.0015,2.64122,6.446e-05,48.5851,50.5126,8,3,-5.80159,
Ba2Cu2Sb2,194,hP6,0.0,metal,29.6818,6.01641,178.091,230.053,126.574,2.15038,18.3764,17.5122,2.67353,7.51489e-05,38.13,40.0116,6,3,-3.47609,
Ba2Cu4Sb4,129,tP10,0.0,metal,24.2293,6.96203,242.293,234.003,108.613,2.24941,30.6663,29.1621,1.59952,7.48953e-05,49.4145,51.9635,10,3,-3.41078,
Ba2F8Mg2,36,oS24,6.7786,insulator-indirect,15.3677,4.27946,184.412,380.956,166.417,2.129,35.2111,33.3814,2.31105,8.44534e-05,62.0537,65.4551,12,3,-5.54712,-3.72119
Ba2F8Ni2,36,oS24,4.0433,insulator-indirect_spin-polarized,15.2733,4.92897,183.279,350.172,152.877,2.19019,35.6023,33.7739,1.92704,8.11425e-05,67.2487,70.8893,12,3,-5.07312,
Ba2F8Pd2,140,tI24,2.5479,insulator-indirect,18.2089,4.85948,218.506,261.106,114.002,2.32754,36.9253,34.7667,0.869524,8.68517e-05,58.5745,62.2113,12,3,-4.70893,
Ba2Ga4Se8,66,oS28,1.8638,insulator-indirect,30.0776,4.67414,421.087,243.036,100.824,2.1252,42.541,40.7212,1.44823,6.87796e-05,41.0092,42.8419,14,3,-4.06751,
Ba2Ge2Zn2,194,hP6,0.0,metal,28.3418,5.37659,170.051,242.981,133.728,2.14668,18.5438,17.462,2.65224,9.23175e-05,33.3037,35.367,6,3,-2.77662,
Ba2H2I2,129,tP6,2.7985,insulator-direct,29.6886,4.94517,178.132,182.019,100.158,2.07853,19.1897,17.7061,1.17032,0.000130003,21.7441,23.5661,6,3,-3.49048,-1.21458
Ba2Hf1S4,139,tI14,0.8668,insulator-indirect,27.9586,4.93292,195.71,278.939,145.849,2.00622,20.7386,20.1441,3.77141,4.85474e-05,58.4214,60.1455,7,3,-6.25538,-1.92589
Ba2Hf2N4,129,tP8,1.248,insulator-indirect,18.2668,7.81402,146.134,325.052,162.5,1.9337,23.1362,22.6737,5.30519,3.49162e-05,118.002,120.408,8,3,-8.47892,-1.35033
Ba2Hg1,139,tI6,0.0,metal,46.1076,5.70529,138.323,124.05,85.9768,2.02351,9.61917,8.93158,1.2922,0.000123147,14.4658,15.5794,3,2,-1.75953,-0.376587
Ba2Hg2Sn2,194,hP6,0.0,metal,35.3275,7.15419,211.965,173.928,95.7559,2.33031,18.9262,17.7274,1.45368,9.39095e-05,28.5846,30.5175,6,3,-2.56927,
Ba2In4,74,oI12,0.0,metal,33.2474,6.10944,199.484,190.965,105.111,2.24348,18.9057,17.6703,1.64741,0.000101228,26.7705,28.6421,6,2,-2.84423,
Ba2In4Rh2,63,oS16,0.0,metal,26.3246,7.40987,210.597,214.08,107.0,2.31613,24.5944,23.4373,1.58386,6.92881e-05,51.1562,53.6818,8,3,-3.2584,
Ba2In8Ir2,51,oP12,0.0,metal,25.7818,8.46776,309.381,232.963,101.772,2.42706,36.7547,35.0039,1.56686,6.69827e-05,56.388,59.2084,12,3,-3.43053,
Ba2Li2P2,194,hP6,0.9687,insulator-direct,25.9482,3.73823,155.689,305.026,167.848,1.96834,18.0149,17.1462,3.91441,8.43452e-05,35.153,36.934,6,3,-3.99027,-0.939215
Ba2Li2Sb2,194,hP6,0.6953,insulator-indirect,32.4648,4.53556,194.789,229.936,126.574,1.97163,18.4618,17.5126,2.73232,8.99268e-05,27.0127,28.4768,6,3,-3.59717,-1.02439
Ba2Mo6Se6,176,hP14,0.0,metal,23.121,6.79237,323.695,334.997,138.996,2.15415,40.4716,39.5481,3.76865,3.58216e-05,100.678,103.029,14,3,-6.03909,
Ba2Mo6Te6,176,hP14,0.0,metal,26.9141,7.12124,376.798,300.993,124.889,2.1965,41.0161,40.0147,3.36118,3.76369e-05,85.091,87.2205,14,3,-5.67204,
Ba2N2Zn1,139,tI10,0.6096,insulator-indirect,23.0053,5.31328,115.026,257.053,150.295,2.05097,15.0659,14.4884,2.92311,6.37811e-05,55.6312,57.8485,5,3,-4.64496,
Ba2N4Zr2,129,tP8,0.9864,insulator-indirect,18.7243,5.68825,149.794,357.061,178.5,1.943,22.881,22.4116,5.23702,3.56945e-05,111.755,114.095,8,3,-8.02947,-1.25321
Ba2O12Te4,63,oS36,1.7384,insulator-indirect,15.3958,5.85455,277.124,402.123,153.392,2.22965,51.2,49.5571,2.56174,4.91517e-05,110.921,114.599,18,3,-5.74786,-1.54856
Ba2O14U4,141,tI40,2.9088,insulator-indirect,16.2022,7.43438,324.044,408.967,150.677,1.91951,55.886,54.8431,4.72901,3.28336e-05,135.778,138.36,20,3,-8.35198,
Ba2O2,194,hP4,2.3603,insulator-indirect,21.4274,5.9412,85.7098,257.035,161.9,2.10698,12.0699,11.59,3.25459,6.45754e-05,60.5028,63.0082,4,2,-5.88762,-2.46004
Ba2O4Zr1,139,tI14,2.9804,insulator-indirect,17.5299,5.81724,122.709,403.063,210.671,2.11021,19.7649,19.2532,6.45536,4.17284e-05,108.314,111.192,7,3,-7.63545,-3.04741
Ba2Pb12Rh6,63,oS40,0.0,metal,26.2125,10.7012,524.249,189.968,69.9966,2.46292,61.5602,58.884,0.75573,6.00976e-05,63.3847,66.2655,20,3,-3.86291,
Ba2Pb2Zn2,194,hP6,0.0,metal,33.675,6.73766,202.05,179.047,98.5075,2.1425,18.8457,17.7106,1.68172,9.76301e-05,26.0696,27.7404,6,3,-2.43127,
Ba2Pd2,63,oS8,0.0,metal,31.2859,6.46814,125.144,160.027,100.794,2.08308,12.5267,11.8438,1.4559,8.96596e-05,30.0756,31.8097,4,2,-2.88089,
Ba2Pd2S4,63,oS16,0.8817,insulator-indirect,26.3715,4.84611,210.972,233.036,116.5,2.20511,24.295,23.3285,1.48968,6.1568e-05,54.2592,56.507,8,3,-4.48027,
Ba2Pd4,227,cF24,0.0,metal,21.9878,8.81406,131.927,247.967,136.48,2.44676,18.3987,17.4366,2.49092,7.36776e-05,59.4503,62.7307,6,2,-3.01356,
Ba2Pt2,194,hP4,0.0,metal,30.9296,8.92344,123.718,155.916,98.2738,2.26761,12.3955,11.8492,1.52192,6.64257e-05,44.7619,46.8256,4,2,-3.57013,
Ba2Pt4,227,cF24,0.0,metal,21.5157,13.5707,129.094,191.009,105.111,2.47141,18.3313,17.6594,1.65864,5.04619e-05,91.7257,95.216,6,2,-3.78336,
Ba2S6,113,tP8,1.3724,insulator-indirect,25.8594,3.74867,206.875,299.905,150.0,2.04054,23.8851,22.8901,2.83248,7.00622e-05,44.2039,46.1253,8,2,-4.63453,-1.05876
Ba2Si2Zn2,194,hP6,0.0,metal,27.2991,4.67958,163.795,272.93,150.238,1.93541,18.0667,17.308,3.90337,7.39133e-05,37.9264,39.5888,6,3,-2.95378,
Ba2Si46,223,cP48,0.0,metal,22.6039,2.39762,1084.99,522.751,143.909,2.33318,129.381,124.599,1.81725,5.40953e-05,68.0368,70.6483,48,2,-5.23826,0.0396466
Ba2Sn2,63,oS8,0.0,metal,40.812,5.20841,163.248,171.026,107.723,2.06444,12.4001,11.8188,2.07477,7.80073e-05,26.2054,27.4943,4,2,-3.54102,
Ba2Sn2Zn2,194,hP6,0.0,metal,32.6144,5.45463,195.686,213.939,117.769,2.25522,18.7481,17.5843,1.99162,9.48837e-05,29.4077,31.354,6,3,-2.55452,
Ba2Te4,140,tI12,0.3421,insulator-indirect,39.936,5.44047,239.616,169.035,93.0043,2.11884,18.596,17.7368,1.46276,7.45959e-05,29.0157,30.4213,6,2,-3.92667,-1.19106
Ba2Te6,113,tP8,0.7382,insulator-indirect,36.2108,5.96297,289.687,201.071,100.5,2.13829,24.62,23.5024,1.91526,7.25331e-05,33.08,34.6531,8,2,-3.7206,-0.883546
Ba2Tl4,194,hP6,0.0,metal,35.751,8.4545,214.506,139.949,77.045,2.38033,19.492,17.8294,0.870755,0.000125947,21.4367,23.4358,6,2,-2.60507,-0.388577
Ba2Zn26,226,cF112,0.0,metal,16.4594,7.11448,460.863,326.151,107.357,2.38731,86.3691,79.5952,1.17453,0.000114857,48.6639,52.8054,28,2,-0.708647,
Ba3Bi3Na3,189,hP9,0.3039,insulator-direct,37.5897,5.438,338.307,167.02,80.2852,1.98127,28.2433,26.6181,1.15407,0.000100831,20.8925,22.1681,9,3,-3.20629,-0.780783
Ba3Cl6,189,hP9,4.5703,insulator-direct,30.401,3.79137,273.609,194.143,93.2655,2.2256,28.4511,26.4941,0.736002,0.0001073,27.7055,29.752,9,2,-4.40106,-2.56825
Ba3Co3O6,152,hP12,1.6271,insulator-indirect,17.5939,5.38592,211.127,309.033,134.968,2.05843,35.4788,34.2236,1.99198,5.86641e-05,78.0578,80.9206,12,3,-5.92321,-1.19945
Ba3I6,189,hP9,3.0622,insulator-direct,43.5322,4.97334,391.79,112.921,54.3247,2.20322,28.9314,26.83,0.314325,0.000114318,18.2813,19.7131,9,2,-3.44846,-1.79556
Ba3Na3P3,189,hP9,0.8391,insulator-direct,28.839,3.67154,259.551,257.926,124.033,1.97241,27.5282,26.0883,2.03648,9.12632e-05,29.6609,31.298,9,3,-3.65736,-0.802861
Ba3O1Pb1,221,cP5,0.0,metal,34.2887,6.15221,171.444,198.96,116.376,2.13,15.4944,14.6982,2.4635,8.26846e-05,30.493,32.1449,5,3,-4.24021,-1.35864
Ba3O1Sn1,221,cP5,0.0,metal,33.7959,5.37215,168.979,217.971,127.487,2.09528,15.3554,14.6348,2.87552,7.66078e-05,32.6505,34.2582,5,3,-4.29668,
Ba4Ca4Ge4,62,oP12,0.1603,insulator-direct,33.8012,4.09389,405.614,210.024,91.7259,1.86816,36.8377,35.1826,1.40515,8.20555e-05,27.0292,28.3008,12,3,-3.39528,-0.585677
Ba4Ca4Pb4,62,oP12,0.2191,insulator-indirect,39.8432,5.34311,478.119,167.961,73.3808,1.95924,37.3949,35.4841,1.05157,8.91832e-05,22.4978,23.7093,12,3,-3.13911,-0.595848
Ba4Ca4Sn4,62,oP12,0.2761,insulator-indirect,38.8117,4.22284,465.74,199.012,86.9213,1.90364,36.896,35.2649,1.42025,7.91974e-05,25.085,26.2452,12,3,-3.25082,
Ba4Ce4O12,62,oP20,2.8768,insulator-indirect,17.7898,6.07561,355.796,374.065,137.783,2.08566,57.076,55.6708,2.79546,4.00316e-05,111.746,114.566,20,3,-7.25956,
Ba4Cu8S8,62,oP20,1.2427,insulator-direct,19.8457,5.498,396.913,292.984,107.942,2.22128,60.3394,57.3854,1.23115,7.58921e-05,57.5856,60.5498,20,3,-3.91141,
Ba4Cu8Te8,62,oP20,0.7799,insulator-indirect,26.4226,6.53117,528.452,195.087,71.8386,2.22683,62.1466,58.8404,0.628673,8.2263e-05,40.9172,43.2163,20,3,-3.31214,
Ba4F12Pd2,64,oS36,2.8354,insulator-indirect,19.0776,4.78775,343.398,266.937,101.88,2.31163,55.3653,52.0629,0.756364,8.94193e-05,53.6284,57.03,18,3,-5.06604,
Ba4Ge4Pt4,198,cP12,0.0,metal,26.5705,8.43713,318.845,185.962,81.243,2.27217,36.7181,35.3528,0.95124,5.55746e-05,62.5492,64.9648,12,3,-4.25858,
Ba4Ge8P8,105,tP20,0.4923,insulator-indirect,25.5693,4.47401,511.385,312.023,114.942,2.14261,59.3716,57.0058,1.83079,6.35702e-05,51.416,53.5498,20,3,-4.85291,-0.536961
Ba4Ge8S20,227,cF128,2.163,insulator-indirect,27.4985,3.34247,879.952,304.922,96.069,2.13208,95.0875,91.3937,1.0394,6.22992e-05,48.6845,50.6521,32,3,-4.77472,-0.829313
Ba4Hg4S8,26,oP16,1.1507,insulator-indirect,29.2575,5.70455,468.12,209.025,82.9417,2.20472,49.3168,46.9288,0.91409,7.52041e-05,40.571,42.6355,16,3,-3.77689,-1.15751
Ba4Hg8Tl8,136,tP20,0.0,metal,31.4851,9.99168,629.702,105.085,38.6823,2.72125,68.8017,59.7017,0.123133,0.000174399,20.5362,23.6664,20,3,-1.77315,-0.322919
Ba4Ir4P4,198,cP12,0.0,metal,23.0432,8.66002,276.519,240.95,105.266,2.18597,35.8702,34.9054,1.90938,4.15898e-05,91.4681,93.9961,12,3,-5.40929,
Ba4Mn4O12,194,hP20,0.6679,insulator-direct_spin-polarized,13.4731,5.92248,269.463,485.858,179.044,2.56814,55.663,53.0162,2.63685,6.3848e-05,108.171,113.571,20,3,-6.87131,-1.69713
Ba4O12Ru4,194,hP20,0.0,half-metal,14.4309,6.59108,288.618,418.122,153.993,2.26664,56.2886,54.6721,2.67391,4.3217e-05,135.872,139.889,20,3,-6.37709,-1.17933
Ba4P4Pt4,198,cP12,0.0,metal,23.9428,8.40098,287.314,222.953,97.4042,2.27916,36.3105,35.0641,1.41081,5.12422e-05,74.7493,77.4063,12,3,-4.74166,
Ba4Pd4Si4,198,cP12,0.0,metal,25.3814,5.9277,304.577,227.024,99.1514,2.15493,36.4141,35.0355,1.28446,5.98307e-05,56.7496,58.9826,12,3,-4.04845,
Ba4S12Zr4,62,oP20,1.0187,insulator-direct,25.5399,4.22263,510.798,319.975,117.889,1.98628,58.3158,56.7975,2.19048,4.44458e-05,68.2413,70.0654,20,3,-6.38008,-1.81073
Ba4Sb2,139,tI12,0.0,metal,44.3195,4.95083,265.917,160.956,88.6017,1.75909,18.49,17.7576,1.98574,7.58908e-05,21.4746,22.3603,6,2,-3.51446,-0.93535
Ba4Si8,212,cP12,0.0,metal,25.8458,4.14402,310.15,308.962,134.968,2.08209,35.6681,34.2305,2.49865,6.62985e-05,47.4739,49.4677,12,2,-4.60236,-0.345207
Ba6Bi2N2,194,hP10,0.6697,insulator-direct,35.5756,5.92769,355.756,161.984,75.1937,2.03522,30.9232,29.5917,0.933655,7.22953e-05,32.3123,33.7662,10,3,-4.4151,-0.789531
Ba6C60,204,cI132,0.1743,insulator-indirect,10.9217,3.55829,720.833,831.931,205.877,1.69659,140.187,138.62,6.66387,2.2231e-05,199.647,201.904,66,2,-8.39273,0.164308
Ba6Cr2N6,176,hP14,0.0,metal,23.9153,5.01916,334.815,325.027,134.847,1.96481,40.8463,39.699,3.24918,4.85891e-05,65.6037,67.4997,14,3,-5.96826,
Ba6Cr2S10,185,hP18,0.0,metal,25.7555,4.4722,463.598,268.948,102.643,2.06846,54.159,51.9888,1.37123,6.6117e-05,48.082,50.0891,18,3,-5.28073,
Ba6Ge10,63,oS32,0.0,metal,29.4976,5.45306,471.962,232.018,92.0693,2.10626,48.9705,46.6744,1.33826,7.63167e-05,37.2536,39.0863,16,2,-4.08794,-0.55162
Ba6Mg23,225,cF116,0.0,metal,30.3311,2.61086,879.601,256.057,83.3247,1.78301,88.835,84.0981,0.86375,0.000102578,22.7512,24.0327,29,2,-1.74085,-0.0789822
Ba6Mn2N6,176,hP14,0.0,half-metal,23.3097,5.17949,326.336,274.693,114.101,3.86399,48.7697,40.5575,0.460238,0.000157588,44.6896,53.7384,14,3,-5.76375,
Ba6O10Si2,140,tI36,3.5267,insulator-indirect,17.3603,5.52731,312.485,393.093,149.958,2.08864,51.2997,49.7441,3.05649,4.9479e-05,91.9215,94.7961,18,3,-6.84787,-2.86438
Ba6O18Ti6,194,hP30,2.1853,insulator-direct,13.8939,5.5749,416.817,531.105,170.892,2.08153,79.2685,77.451,4.05023,3.74522e-05,140.803,144.107,30,3,-7.45354,-2.52233
Ba6P8,43,oF56,0.4786,insulator-direct,30.827,4.12374,431.578,256.955,106.633,2.00308,42.1295,40.5613,1.77483,6.34025e-05,40.7601,42.336,14,2,-4.86397,-0.997037
Ba6Pb10,63,oS32,0.0,metal,37.6713,7.97836,602.741,140.972,55.9559,2.17196,50.4091,47.5207,0.570515,9.07916e-05,25.6816,27.2425,16,2,-3.54303,-0.506096
Ba6S10Ti2,140,tI36,1.3784,insulator-direct,28.6154,3.99882,515.076,289.119,110.274,1.98832,53.4351,51.6576,1.90489,5.69989e-05,47.9422,49.5919,18,3,-5.33606,
Ba6Si46,223,cP52,0.0,metal,21.0644,3.20771,1095.35,447.997,120.026,2.49677,147.455,140.371,1.1389,6.58816e-05,67.087,70.4725,52,2,-5.1068,-0.0868849
Ba6Sn10,63,oS32,0.0,metal,36.4226,5.72986,582.762,183.926,73.0204,2.14194,49.6225,47.1716,0.893694,7.90099e-05,30.2207,31.7909,16,2,-3.67788,
Ba8Bi6,220,cI28,0.0,metal,44.038,6.33618,616.532,130.061,53.9387,1.98117,43.6349,41.6347,0.581747,7.92264e-05,23.1256,24.2365,14,2,-3.75421,-0.924571
Ba8Ge4,62,oP12,0.0,metal,39.7873,4.83087,477.448,153.954,67.2657,1.85255,37.3858,35.5618,0.827227,9.0096e-05,20.9674,22.0428,12,2,-3.27515,-0.491239
Ba8Si4,62,oP12,0.0,metal,39.222,4.27244,470.664,171.021,74.6911,1.77508,37.0615,35.459,1.07591,8.27019e-05,22.3942,23.4062,12,2,-3.40107,-0.31049
Ba8Si46,223,cP54,0.0,metal,20.7951,3.53505,1122.94,384.288,101.594,2.62179,159.755,150.075,0.681803,7.88142e-05,62.3037,66.3222,54,2,-5.01308,-0.107825
Ba8Sn4,62,oP12,0.0551,insulator-direct,45.1739,4.81969,542.087,140.938,61.5874,1.88308,37.4046,35.6307,0.722268,8.61603e-05,19.7795,20.7642,12,2,-3.15523,
Be1Co1,221,cP2,0.0,metal,8.38349,6.72907,16.767,666.135,528.605,1.92893,4.86216,4.75152,35.5396,4.01902e-05,184.143,188.431,2,2,-3.52,
Be1Cs1F3,221,cP5,5.358,insulator-indirect,13.1496,5.02378,65.7478,306.889,179.535,2.16372,15.1765,14.2903,1.9971,9.36772e-05,68.3129,72.5492,5,3,-4.5418,-2.50739
Be1Cu1,221,cP2,0.0,metal,9.7073,6.20594,19.4146,481.813,382.564,1.97327,5.49276,5.30715,14.4144,5.86438e-05,123.611,127.935,2,2,-3.02767,
Be1H3Na1,221,cP5,0.9137,insulator-indirect,7.47757,1.55563,37.3878,843.976,492.989,1.67967,10.9742,10.3497,10.7579,0.000120488,49.1963,52.1649,5,3,-3.09435,-0.0512626
Be1Ni1,221,cP2,0.0,metal,8.66399,6.4879,17.328,603.973,479.395,2.13199,5.11516,4.94982,21.5661,5.19059e-05,157.608,162.872,2,2,-3.30707,
Be1O1,225,cF8,8.183,insulator-indirect,6.06976,3.42128,12.1395,1128.26,895.294,1.78588,3.25467,3.20643,68.0806,2.82532e-05,222.782,226.133,2,2,-6.62154,-2.28546
Be1O1,216,cF8,6.8531,insulator-indirect,6.98769,2.97185,13.9754,1170.86,929.423,1.75729,3.11524,3.0722,82.7172,2.67418e-05,192.699,195.398,2,2,-7.09656,-2.76048
Be1Pd1,221,cP2,0.0,metal,11.2975,8.48184,22.5949,295.085,234.142,2.07805,5.89407,5.727,4.89646,4.62577e-05,156.588,161.156,2,2,-3.7547,
Be1Pd2,139,tI6,0.0,metal,12.6095,9.73675,37.8286,342.117,237.13,2.37371,8.76049,8.4593,5.80362,4.9433e-05,147.147,152.386,3,2,-3.51563,
Be1Rh1,221,cP2,0.0,metal,10.6659,8.71204,21.3318,481.073,381.77,2.06433,5.4213,5.30356,20.5245,3.5691e-05,196.345,200.704,2,2,-4.48506,
Be1S1,216,cF8,3.1436,insulator-indirect,14.4827,2.3546,28.9654,690.937,548.447,1.76302,4.78342,4.67252,35.0764,4.48019e-05,85.9057,87.9446,2,2,-4.99367,-1.05998
Be1S1,225,cF8,0.9853,insulator-indirect,12.4183,2.74602,24.8367,754.144,598.45,1.78859,4.56593,4.46143,41.9976,4.36515e-05,99.4189,101.748,2,2,-4.43589,-0.502199
Be1Se1,225,cF8,0.0,metal,14.9215,4.895,29.843,482.096,382.564,1.83846,5.46681,5.30502,23.4286,5.48828e-05,81.128,83.6022,2,2,-3.8664,-0.254561
Be1Se1,216,cF8,2.6691,insulator-indirect,17.4019,4.19728,34.8038,440.862,350.022,1.80429,5.57472,5.41169,19.6594,5.52047e-05,69.3575,71.4469,2,2,-4.40969,-0.797852
Be1Te1,225,cF8,0.0,metal,19.3281,5.86841,38.6561,313.92,249.222,1.91299,5.90444,5.69539,10.0176,6.30768e-05,61.445,63.7003,2,2,-3.28946,0.151758
Be1Te1,216,cF8,2.0177,insulator-indirect,22.7582,4.98393,45.5163,321.898,255.572,1.85479,5.87381,5.67858,12.2154,6.10596e-05,51.8913,53.6754,2,2,-3.79953,-0.358311
Be1Ti1,221,cP2,0.0,metal,13.1825,3.58449,26.365,598.926,475.427,1.69116,5.05602,4.96138,33.5126,3.75149e-05,115.187,117.384,2,2,-4.39811,
Be24N16,206,cI80,3.316,insulator-direct,6.76471,2.70263,270.589,1359.6,397.666,1.70806,50.9889,50.4471,16.1629,2.11451e-05,200.211,202.361,40,2,-6.65193,-1.07984
Be24P16,206,cI80,0.8869,insulator-direct,13.2511,2.23018,530.045,786.196,229.828,1.71058,88.9186,87.0729,6.2643,4.13295e-05,91.7869,93.7325,40,2,-4.6403,-0.266036
Be26Ca2,226,cF112,0.0,metal,9.59017,1.94471,268.525,1182.23,389.253,1.59614,43.1404,42.4295,17.9306,3.52714e-05,94.5581,96.1424,28,2,-3.71156,-0.0948252
Be26Ce2,226,cF112,0.0,metal,9.59068,3.18182,268.539,946.056,311.534,1.65162,54.3683,53.3059,13.9062,4.03569e-05,108.779,110.947,28,2,-3.90199,
Be26Dy2,226,cF112,0.0,metal,9.4204,3.52111,263.771,878.22,289.14,1.59318,57.7318,56.5684,12.9931,4.31084e-05,106.311,108.497,28,2,-3.98646,
Be26Er2,226,cF112,0.0,metal,9.33692,3.61307,261.434,867.789,285.847,1.59004,58.2401,57.056,12.7868,4.35874e-05,106.741,108.956,28,2,-3.98364,
Be26Hf2,226,cF112,0.0,metal,8.8224,3.97476,247.027,900.084,296.385,1.6114,56.6175,55.5186,14.1184,4.10427e-05,118.364,120.707,28,2,-4.35759,-0.172863
Be26Ho2,226,cF112,0.0,metal,9.37805,3.56775,262.585,873.198,287.494,1.58995,57.9744,56.8034,12.922,4.32987e-05,106.525,108.722,28,2,-3.98498,-0.184847
Be26La2,226,cF112,0.0,metal,10.0752,3.0145,282.106,884.794,291.445,1.60878,57.3786,56.2293,12.1913,4.24534e-05,101.396,103.468,28,2,-3.94164,
Be26Lu2,226,cF112,0.0,metal,9.17187,3.77775,256.812,852.273,280.578,1.57435,59.0218,57.8125,12.6346,4.43474e-05,106.713,108.945,28,2,-3.98213,
Be26Mg2,226,cF112,0.0,metal,9.17788,1.8282,256.981,1107.88,364.883,1.57862,46.5291,45.6979,13.4032,3.86763e-05,96.2062,97.9561,28,2,-3.58646,0.00116336
Be26Pa2,226,cF112,0.0,metal,9.48494,4.35425,265.578,803.162,264.441,1.64796,61.452,60.1619,11.5074,4.33939e-05,115.789,118.271,28,2,-4.27629,
Be26Sb2,226,cF112,0.0,metal,9.69758,2.92206,271.532,778.833,256.538,1.60071,62.7642,61.2896,7.74314,5.01342e-05,96.7957,99.1244,28,2,-3.60768,0.143932
Be26Sc2,226,cF112,0.0,metal,9.10681,2.11143,254.991,1102.82,363.237,1.59485,46.7403,45.9518,14.7661,3.6095e-05,105.872,107.689,28,2,-4.00005,
Be26Sr2,226,cF112,0.0,metal,10.0348,2.42047,280.973,1009.96,332.61,1.60859,51.2411,50.2395,14.5127,4.15214e-05,92.2068,94.0452,28,2,-3.64178,-0.0477215
Be26Tb2,226,cF112,0.0,metal,9.46764,3.45876,265.094,882.888,290.787,1.59367,57.4695,56.3192,13.0592,4.28173e-05,106.046,108.212,28,2,-3.98748,
Be26Th2,226,cF112,0.0,metal,10.0386,4.12591,281.08,784.957,258.514,1.63506,62.2632,60.9822,11.1723,4.28647e-05,111.497,113.839,28,2,-4.08367,
Be26U2,226,cF112,0.0,metal,9.35736,4.50222,262.006,820.073,270.04,1.67261,60.6254,59.3131,12.048,4.41573e-05,115.288,117.838,28,2,-4.09397,
Be26Zr2,226,cF112,0.0,metal,8.92803,2.76834,249.985,1061.63,349.735,1.62845,48.6963,47.8642,16.0662,3.57822e-05,116.205,118.226,28,2,-4.27936,-0.195297
Be2C1,225,cF12,1.1657,insulator-indirect,6.74491,2.46482,20.2347,1536.72,1065.7,1.65567,3.13982,3.11217,129.108,1.80934e-05,185.552,187.201,3,2,-5.80033,-0.232874
Be2C2N4,122,tI16,3.8507,insulator-direct,6.18164,3.29311,49.4532,1600.84,800.5,1.87228,7.80516,7.74919,68.3642,1.30058e-05,299.838,302.003,8,3,-7.791,-0.39131
Be2Hf1,191,hP3,0.0,metal,13.12,8.29067,39.3599,482.968,334.893,1.72352,8.10875,7.94712,29.4752,3.91708e-05,121.213,123.678,3,2,-5.98041,-0.168754
Be2Hf2,63,oS8,0.0,metal,15.6212,9.96577,62.4849,322.971,203.477,1.45115,11.5035,11.3433,16.0243,3.21724e-05,112.752,114.344,4,2,-6.92328,-0.076298
Be2Hf2Si2,194,hP6,0.0,metal,14.1598,8.42745,84.9586,500.937,275.711,1.84313,16.0317,15.7417,20.1063,3.3185e-05,140.768,143.361,6,3,-7.02797,-0.655407
Be2Li2P2,129,tP6,1.1604,insulator-indirect,13.0781,1.98612,78.4686,690.204,379.722,1.73206,14.4718,14.0295,12.8329,6.05518e-05,68.9679,71.1426,6,3,-4.26769,-0.610959
Be2Li2Sb2,186,hP6,0.8711,insulator-indirect,17.1198,4.4522,102.719,402.999,221.779,1.87032,17.2942,16.526,6.90911,8.17404e-05,50.288,52.6256,6,3,-3.50341,-0.32495
Be2Mo6,223,cP8,0.0,metal,14.5015,8.49742,116.012,469.046,234.5,1.94056,21.6131,21.3285,12.6462,2.28221e-05,214.751,217.616,8,2,-6.92417,
Be2N4Si2,122,tI16,3.5598,insulator-direct,8.46903,3.19162,67.7523,1193.75,597.0,1.87208,12.1704,12.0381,41.6612,1.96756e-05,227.521,230.02,8,3,-7.67894,-1.2284
Be2Na2Sb2,194,hP6,0.8879,insulator-indirect,23.372,3.64128,140.232,312.877,172.251,1.87857,17.9502,17.1046,3.97761,8.5992e-05,36.3071,38.1019,6,3,-3.23229,-0.250391
Be2O2,186,hP4,,,6.99937,2.96689,27.9975,1174.26,739.574,1.75927,6.20933,6.12377,52.2272,2.66492e-05,192.576,195.267,4,2,-7.10325,-2.76717
Be2O2,186,hP4,7.4494,insulator-direct,7.00486,2.96457,28.0195,1181.19,743.983,1.75834,6.1664,6.08208,53.2285,2.64565e-05,192.542,195.211,4,2,-7.10342,-2.76734
Be2Pd6,63,oS16,0.0,metal,13.3281,10.2229,106.625,260.035,130.0,2.45397,24.0672,23.1574,1.39383,5.26217e-05,138.796,144.249,8,2,-3.32648,
Be2Si1,225,cF12,0.0,metal,12.3039,2.07434,36.9117,685.031,474.952,1.6242,7.19328,7.03664,22.0829,4.55966e-05,91.924,93.9703,3,2,-4.06372,0.238204
Be2Ta4,140,tI12,0.0,metal,15.3068,13.4125,91.8409,398.041,219.028,1.61119,16.7029,16.5243,23.8404,2.22428e-05,179.314,181.252,6,2,-8.15745,
Be2Zn26,226,cF112,0.0,metal,15.7317,6.47611,440.488,265.183,87.269,2.40176,89.0033,81.1192,0.531538,0.000128958,47.378,51.9827,28,2,-0.484747,
Be2Zr1,191,hP3,0.0,metal,13.6452,4.43147,40.9355,622.05,431.271,1.7647,7.4852,7.33687,33.7366,3.81017e-05,112.869,115.151,3,2,-5.50508,-0.163179
Be44Mo2,227,cF184,0.0,metal,8.42702,2.52059,387.643,1164.45,324.863,1.63202,72.1967,71.0693,12.7528,3.26304e-05,121.781,123.713,46,2,-3.97281,
Be44Re2,227,cF184,0.0,metal,8.28102,3.35196,380.927,1032.35,288.023,1.63246,82.3529,80.922,11.5216,3.62712e-05,127.769,130.028,46,2,-4.05116,
Be44Tc2,227,cF184,0.0,metal,8.2711,2.594,380.471,1155.31,322.351,1.63754,72.8609,71.7027,12.4139,3.31057e-05,123.865,125.866,46,2,-3.95265,
Be44W2,227,cF184,0.0,metal,8.43516,3.27059,388.017,1038.29,289.697,1.62365,81.8293,80.4266,11.866,3.5995e-05,124.787,126.963,46,2,-4.07093,
Be4C4N8,33,oP16,5.4832,insulator-indirect,6.22005,3.27277,99.5209,1613.23,640.119,1.87553,15.3992,15.2903,43.885,1.27953e-05,299.428,301.56,16,3,-7.79464,-0.394952
Be4Ca2N4,140,tI20,2.3973,insulator-indirect,10.6486,2.68584,106.486,771.038,357.866,1.76271,22.4884,22.0286,12.5804,3.94686e-05,124.651,127.253,10,3,-6.336,-1.11189
Be4Cu2,227,cF24,0.0,metal,9.02351,5.00363,54.141,727.94,400.634,1.89728,14.0707,13.6493,19.0176,5.42183e-05,118.032,121.676,6,2,-3.33009,
Be4N4Sr2,140,tI20,1.8709,insulator-indirect,12.0256,3.6912,120.256,649.855,301.703,1.79591,24.5758,24.0141,11.6807,4.33471e-05,111.975,114.594,10,3,-6.22269,-1.0621
Be4N8Si4,33,oP16,5.1435,insulator-indirect,8.48357,3.18614,135.737,1197.03,475.03,1.87573,24.2609,23.998,26.3103,1.95855e-05,227.938,230.435,16,3,-7.68005,-1.22951
Be4Nb2,227,cF24,0.0,metal,11.7512,5.22512,70.5074,602.055,331.293,1.64874,15.0882,14.8521,21.5439,3.20544e-05,147.759,150.107,6,2,-5.49749,
Be4Nb6,127,tP10,0.0,metal,14.5215,6.78656,145.215,466.011,216.298,1.67358,27.0555,26.6983,11.8315,2.65502e-05,158.491,160.611,10,2,-6.70856,
Be4O4,136,tP8,7.0887,insulator-indirect,7.26986,2.8565,58.1589,1114.27,557.0,1.75149,13.206,13.0127,28.662,2.84169e-05,184.303,187.041,8,2,-7.09139,-2.75531
Be4Ta2,227,cF24,0.0,metal,11.7901,9.34119,70.7407,524.112,288.368,1.67446,15.7949,15.5443,24.634,3.19556e-05,157.669,160.211,6,2,-6.0446,
Be4Ta6,127,tP10,0.0,metal,14.5744,12.7805,145.744,395.04,183.343,1.6941,27.9277,27.5767,13.2563,2.49086e-05,177.008,179.261,10,2,-7.74695,
Be4Ti2,227,cF24,0.0,metal,11.5265,3.16574,69.1592,815.912,449.062,1.72352,13.0127,12.7592,28.8864,3.84629e-05,111.416,113.629,6,2,-4.33436,
Be5Co1,216,cF24,0.0,metal,7.94532,3.62239,47.6719,930.224,511.799,1.70423,11.8176,11.5791,30.6261,4.04414e-05,136.943,139.764,6,2,-3.71192,
Be5Fe1,216,cF24,0.0,metal,8.88264,3.14399,53.2958,939.638,517.302,1.61476,11.7164,11.4767,35.9199,4.33681e-05,106.388,108.61,6,2,-3.97023,
Be5Hf1,191,hP6,0.0,metal,10.1861,6.07386,61.1168,632.093,347.803,1.66084,14.8957,14.578,23.606,4.36494e-05,123.318,126.005,6,2,-5.00304,-0.226701
Be5Pd1,216,cF24,0.0,metal,8.97315,4.67147,53.8389,775.001,426.499,1.80368,13.4907,13.1715,23.6882,4.48102e-05,132.633,135.847,6,2,-3.84067,
Be5Pt1,216,cF24,0.0,metal,8.858,7.5032,53.148,691.896,380.822,1.85126,14.3383,14.0033,25.0936,4.30309e-05,153.535,157.208,6,2,-4.1573,
Be5Sc1,191,hP6,0.0,metal,10.6176,2.34636,63.7059,935.687,515.101,1.63582,11.7433,11.5203,32.544,3.95957e-05,100.094,102.032,6,2,-4.14709,
Be6Cl12,217,cI36,6.5855,insulator-indirect,26.613,1.66219,479.034,487.999,186.207,1.8596,49.6136,47.6421,4.02485,7.3527e-05,33.9223,35.3261,18,2,-3.87977,-1.44129
Be6F12,217,cI36,8.0374,insulator-indirect,16.8557,1.5437,303.402,1086.63,414.768,1.84045,30.6434,29.9253,23.1522,4.37579e-05,54.5829,55.8927,18,2,-5.76499,-3.2783
Be6N4,194,hP10,3.3306,insulator-indirect,6.85755,2.66605,68.5755,1327.9,616.403,1.69878,13.1933,13.0496,38.6587,2.17921e-05,197.279,199.452,10,2,-6.62258,-1.05049
Be6P4,224,cP10,0.2179,insulator-direct,13.1242,2.25174,131.242,798.164,370.399,1.70943,22.0262,21.5695,16.5215,4.13123e-05,91.8217,93.766,10,2,-4.4844,-0.110137
Be8Cs4F20,213,cP32,7.161,insulator-indirect,16.4323,3.1064,525.835,242.146,76.2252,1.87383,98.1263,93.1323,0.322151,9.39981e-05,47.8363,50.4014,32,3,-5.42684,-3.22282
Be8Fe4,194,hP12,0.0,metal,9.25634,4.41738,111.076,782.088,341.57,1.34616,26.5894,26.2074,28.6224,3.6093e-05,118.033,119.754,12,2,-4.29373,
Be8Re4,194,hP12,0.0,metal,9.9393,11.3731,119.272,587.124,256.396,1.89755,30.4735,29.9858,16.0888,2.85006e-05,228.887,232.61,12,2,-6.0349,
Be8V4,194,hP12,0.0,metal,9.90881,3.85249,118.906,803.192,350.743,2.85716,27.1274,25.5153,5.78233,7.64697e-05,102.96,109.465,12,2,-4.83925,
Be8W4,194,hP12,0.0,metal,10.6245,10.5172,127.495,585.071,255.522,1.79984,30.4824,30.025,18.0705,2.8141e-05,205.792,208.927,12,2,-6.30755,
Bi1,221,cP1,0.0,metal,34.7881,9.97525,34.7881,127.981,128.0,2.15394,3.09196,2.97451,3.10233,5.97179e-05,42.2611,43.9298,1,1,-3.99636,0.040802
Bi1,229,cI2,0.0,metal,31.2849,11.0923,31.2849,175.067,175.0,2.08822,3.05569,2.95187,8.19061,5.52988e-05,48.4944,50.1999,1,1,-3.90784,0.129318
Bi10La6Mg2,193,hP18,0.0,metal,31.3703,8.73945,564.666,133.96,51.1306,2.01533,55.3204,53.4889,0.455163,5.59972e-05,46.6441,48.2412,18,3,-4.70828,
Bi10La6Sc2,193,hP18,0.0,metal,31.4381,8.84181,565.886,178.926,68.3013,2.0296,54.7894,53.0875,1.08569,5.20133e-05,49.9934,51.5961,18,3,-5.25433,
Bi12Ni4,62,oP16,0.0,metal,26.5277,10.7295,424.443,154.017,61.1149,2.18801,49.1979,47.4062,0.614822,5.65171e-05,59.2454,61.4845,16,2,-3.57166,
Bi16O24,206,cI80,1.8636,insulator-direct,17.6938,8.74592,707.753,223.069,65.2056,2.09739,120.166,116.851,0.526131,4.45515e-05,107.168,110.209,40,2,-5.7534,-1.17985
Bi1Ca3N1,221,cP5,0.3835,insulator-direct,23.793,4.79083,118.965,347.131,202.927,1.94452,14.6001,14.0738,7.62895,6.34192e-05,49.5646,51.4183,5,3,-4.70462,-1.0328
Bi1Co1O3,99,tP5,0.6847,insulator-direct_spin-polarized,13.8356,7.58313,69.1778,333.099,194.74,2.05474,14.5349,14.1364,4.5882,4.53047e-05,127.135,130.719,5,3,-5.7413,
Bi1Co1Zr1,216,cF12,0.8662,insulator-indirect,19.7192,10.0808,59.1577,301.058,208.702,2.16812,8.78796,8.57429,9.04135,3.79305e-05,113.704,116.537,3,3,-5.47344,
Bi1Cu1Mg1,216,cF12,0.0,metal,22.251,7.38396,66.7529,211.86,146.993,2.13656,9.24663,8.79284,2.81239,7.91734e-05,48.3862,50.8833,3,3,-2.75219,
Bi1Dy1,225,cF8,0.0,metal,31.5036,9.79028,63.0072,185.968,147.628,1.94859,6.06047,5.89029,6.39882,4.88052e-05,51.1147,52.5915,2,2,-5.19911,
Bi1Dy1Ni1,216,cF12,0.0017,insulator-indirect,22.4656,10.5987,67.3967,246.043,170.567,2.1577,9.00952,8.71534,6.24596,5.15514e-05,73.8836,76.3775,3,3,-4.24686,
Bi1Dy1Pd1,216,cF12,0.0,metal,25.0949,10.5405,75.2848,206.011,142.832,2.1995,9.08419,8.80072,4.05397,4.82561e-05,72.7215,75.0638,3,3,-4.72764,
Bi1Dy1Pt1,216,cF12,0.0,metal,25.1281,12.4802,75.3842,199.99,138.672,2.21312,9.05974,8.80971,4.34093,4.23068e-05,83.498,85.8677,3,3,-5.14653,
Bi1Dy2O2,139,tI10,0.0,metal,20.454,9.1897,102.27,277.981,162.575,1.96273,14.7355,14.3926,6.01725,4.00555e-05,94.738,96.995,5,3,-7.33763,
Bi1Er1,225,cF8,0.0,metal,30.8673,10.1201,61.7345,185.001,146.835,1.94772,6.06321,5.89145,6.34074,4.92567e-05,51.6614,53.1675,2,2,-5.13432,
Bi1Er1Pt1,216,cF12,0.0,metal,24.8008,12.7512,74.4023,197.969,137.286,2.20061,9.06122,8.81446,4.28002,4.19305e-05,85.0874,87.4694,3,3,-5.12403,
Bi1Er2O2,139,tI10,0.0,metal,19.9696,9.57097,99.8478,272.952,159.651,1.96145,14.7542,14.4115,5.75289,4.00837e-05,96.9812,99.2872,5,3,-7.33642,
Bi1Ga1,216,cF8,0.0,metal,33.3653,6.93567,66.7306,169.986,134.929,2.18574,6.24968,5.91167,2.91541,8.49506e-05,31.2487,33.0354,2,2,-3.22554,
Bi1Ga1O3,221,cP5,1.2959,insulator-indirect,11.7384,9.24355,58.6922,446.933,261.407,2.12474,13.8439,13.4873,10.1276,4.11988e-05,161.33,165.596,5,3,-5.62974,-1.28331
Bi1Ho1,225,cF8,0.0,metal,31.2973,9.91929,62.5946,187.03,148.422,1.94696,6.05889,5.88867,6.53478,4.89246e-05,51.4034,52.8892,2,2,-5.16411,-0.861201
Bi1Ho1Ni1,216,cF12,0.0,metal,22.2365,10.7684,66.7094,245.932,170.567,2.16171,9.01229,8.71666,6.23927,5.1654e-05,74.5515,77.0799,3,3,-4.23478,
Bi1Ho1Pd1,216,cF12,0.0,metal,24.9516,10.6549,74.8549,207.048,143.526,2.20503,9.08335,8.79837,4.10256,4.83845e-05,73.2427,75.6151,3,3,-4.71093,
Bi1Ho1Pt1,216,cF12,0.0,metal,24.9506,12.6229,74.8519,198.972,137.979,2.20873,9.06036,8.81177,4.30266,4.214e-05,84.291,86.6689,3,3,-5.13387,
Bi1Ho2O2,139,tI10,0.0,metal,20.2116,9.3798,101.058,278.066,162.575,1.96598,14.7357,14.3912,6.01931,4.0204e-05,95.7664,98.0588,5,3,-7.33667,
Bi1In1,216,cF8,0.0,metal,39.5483,6.79781,79.0966,135.917,107.943,2.27664,6.31068,5.9438,1.68229,8.80126e-05,26.4946,28.13,2,2,-3.31626,
Bi1In1O3,221,cP5,0.2241,insulator-indirect,14.3445,8.608,71.7224,348.998,204.096,2.17887,14.4817,14.0596,5.54031,4.54492e-05,128.955,132.827,5,3,-5.28573,-0.975378
Bi1K3,225,cF16,0.1788,insulator-direct,41.0464,3.29988,164.186,121.91,76.8552,1.94178,13.5141,11.9177,0.552867,0.000216802,8.8583,10.0448,4,2,-2.19717,-0.365532
Bi1La1,225,cF8,0.0,metal,37.0005,7.80636,74.001,177.046,140.485,1.97107,6.07104,5.90032,5.31458,4.83595e-05,44.4304,45.716,2,2,-5.4264,
Bi1Li1,123,tP2,0.0,metal,23.8574,7.51436,47.7148,134.915,107.15,2.06019,6.36169,5.94558,1.15101,0.000109504,32.1281,34.3766,2,2,-3.35337,-0.382278
Bi1Li1Mg1,216,cF12,0.4624,insulator-direct,26.342,5.04777,79.0261,228.0,158.086,1.92138,9.30933,8.7638,3.78424,0.000105375,27.448,29.1566,3,3,-2.94081,-0.428921
Bi1Li3,225,cF16,0.3695,insulator-indirect,19.0357,5.01162,76.1426,249.103,156.86,1.79733,12.6551,11.6355,3.0313,0.000157639,23.621,25.6908,4,2,-2.98295,-0.544884
Bi1Lu1Ni1,216,cF12,0.0,metal,21.6201,11.3323,64.8602,235.989,163.633,2.13739,9.03326,8.73828,5.71905,5.20272e-05,75.55,78.1003,3,3,-4.20288,
Bi1Mg1Ni1,216,cF12,0.0,metal,20.3805,7.92974,61.1416,245.896,170.567,2.15805,9.1106,8.7205,4.10048,6.8611e-05,60.9517,63.6783,3,3,-2.78389,
Bi1N1Sr3,221,cP5,0.2632,insulator-direct,29.086,5.54748,145.43,267.017,156.143,1.99371,15.0576,14.4503,4.97795,6.91661e-05,39.3024,40.9541,5,3,-4.36082,-0.879527
Bi1N2Th2,139,tI10,0.0,metal,25.5539,9.11138,127.769,258.023,150.879,1.89715,14.716,14.4697,6.90684,2.96353e-05,99.7504,101.449,5,3,-7.69624,
Bi1Na1,123,tP2,0.0,metal,28.7565,6.69754,57.5131,153.925,122.23,2.05499,6.3588,5.92883,1.96675,0.000113823,25.4212,27.2649,2,2,-2.99004,-0.313771
Bi1Nd1,225,cF8,0.0,metal,34.5803,8.48079,69.1606,175.96,139.691,2.00776,6.08973,5.90163,4.98708,5.18727e-05,45.3614,46.8072,2,2,-6.28093,
Bi1Nd1Pd1,216,cF12,0.0,metal,26.8509,9.47478,80.5526,208.985,144.913,2.25832,9.10666,8.79506,3.93051,5.13463e-05,66.1138,68.4562,3,3,-5.30611,
Bi1Ni1Sc1,216,cF12,0.0,metal,20.8637,8.29396,62.5911,287.894,199.688,2.16258,8.90939,8.61401,7.0677,5.21769e-05,78.2511,80.9344,3,3,-4.33438,
Bi1Ni1Y1,216,cF12,0.0,metal,22.434,8.7978,67.302,265.091,183.741,2.15593,8.96549,8.67101,6.50141,5.18791e-05,72.4793,74.9408,3,3,-4.8666,
Bi1Ni1Zr1,216,cF12,0.0,metal,20.4673,9.70574,61.402,243.021,168.487,2.26949,8.99889,8.7229,4.36209,4.59288e-05,96.0488,99.0877,3,3,-5.18702,
Bi1O2,225,cF12,0.0,metal,14.0291,9.50777,42.0872,301.038,208.702,2.23717,8.87389,8.57869,5.05798,5.05163e-05,124.467,128.75,3,2,-5.53855,-0.905403
Bi1O2Y2,139,tI10,0.0,metal,20.6974,6.71986,103.487,316.017,184.798,1.96785,14.5639,14.2212,6.52619,4.04529e-05,91.8443,94.0575,5,3,-8.04364,
Bi1O3Sc1,221,cP5,0.6582,insulator-indirect,13.908,7.20987,69.54,419.021,245.033,2.04696,14.0081,13.6569,8.83105,4.16155e-05,132.111,135.508,5,3,-6.81963,-1.78709
Bi1Pd1Y1,216,cF12,0.0,metal,25.2405,8.86582,75.7215,223.06,154.62,2.18557,9.04763,8.76641,4.42091,4.83072e-05,71.5569,73.8525,3,3,-5.35207,
Bi1Pd1Yb1,216,cF12,0.0,metal,26.9478,10.0323,80.8434,144.017,99.844,2.25301,9.33303,8.90432,1.36512,7.03208e-05,49.0656,51.4279,3,3,-3.33145,
Bi1Pt1Yb1,216,cF12,0.0,metal,26.316,12.1386,78.9479,159.018,110.244,2.18434,9.21669,8.8809,2.31339,5.68106e-05,59.7615,62.0211,3,3,-3.70973,
Bi1Rb3,225,cF16,0.0,metal,47.4795,4.06906,189.918,93.0989,58.5863,1.98661,14.2465,11.9543,0.347701,0.000281256,6.5294,7.78141,4,2,-2.04748,-0.316423
Bi1Sc1,225,cF8,0.0,metal,28.3685,7.43205,56.7369,216.033,171.439,1.97055,6.04024,5.85374,6.46014,5.30498e-05,52.537,54.2108,2,2,-5.26919,
Bi1Tb1,225,cF8,0.0,metal,32.2557,9.46998,64.5115,188.026,149.216,1.94775,6.05815,5.8885,6.57409,4.86283e-05,50.7569,52.2192,2,2,-5.23231,
Bi1Th1,221,cP2,0.0,metal,32.062,11.4205,64.1239,163.047,129.373,2.14258,6.0664,5.91522,4.17671,3.94401e-05,68.6702,70.4252,2,2,-5.80163,
Bi1U1,225,cF8,0.0,metal,35.6679,10.4054,71.3359,155.041,123.024,1.92265,6.09084,5.92377,4.78268,4.86373e-05,44.5416,45.7978,2,2,-6.85668,
Bi1Y1,225,cF8,0.0,metal,31.7629,7.78664,63.5257,202.006,160.328,1.95742,6.04319,5.87068,6.52194,4.94236e-05,50.224,51.6998,2,2,-6.16631,-0.916146
Bi2Ca2Cu2,194,hP6,0.0,metal,25.0549,6.9061,150.33,227.095,124.923,2.12391,18.4278,17.5254,2.4218,7.94117e-05,41.9821,44.1437,6,3,-3.26723,
Bi2Ca4,139,tI12,0.0,metal,34.7235,4.60908,208.341,231.895,127.675,1.81535,18.225,17.4972,3.69358,7.47732e-05,28.9775,30.183,6,2,-3.45617,-0.776399
Bi2Co1Hf6,189,hP9,0.0,metal,21.4312,13.3255,192.881,262.97,126.437,1.97912,26.5123,26.0151,5.21133,3.18865e-05,115.354,117.559,9,3,-8.07058,
Bi2Cu1Zr6,189,hP9,0.0,metal,22.8935,8.29156,206.042,292.956,140.86,1.98841,26.3167,25.7809,4.835,3.45539e-05,99.8022,101.876,9,3,-7.12065,
Bi2Cu2Sr2,194,hP6,0.0,metal,28.2049,7.06778,169.229,214.013,117.769,2.13556,18.5142,17.5807,2.39852,8.12672e-05,37.0312,38.9974,6,3,-3.21999,
Bi2Cu2Yb2,194,hP6,0.0,metal,25.5336,9.65892,153.202,193.942,106.762,2.13747,18.5928,17.653,2.1278,8.13894e-05,41.4183,43.6233,6,3,-2.94351,
Bi2Er10Pt4,140,tI32,0.0,metal,25.3552,11.7512,405.683,163.953,65.0834,1.99035,48.5165,47.3117,0.939181,4.22266e-05,75.3435,77.2622,16,3,-5.1898,
Bi2Er6Mn1,189,hP9,0.0,metal,27.3546,9.95858,246.192,212.024,101.919,1.8344,27.0516,26.3589,3.3333,4.70839e-05,57.5533,59.0658,9,3,-4.81311,
Bi2Ho6Rh1,189,hP9,0.0,metal,27.6959,10.0623,249.264,178.031,85.5735,1.83256,27.2173,26.5464,2.03229,4.52083e-05,59.6165,61.1233,9,3,-5.01502,
Bi2K6,194,hP8,0.0,metal,46.7988,2.89427,374.39,133.015,66.5,1.97704,26.8367,23.8044,0.45067,0.000205087,8.38988,9.45861,8,2,-2.21951,-0.387869
Bi2Li2Zn2,186,hP6,0.0,metal,22.5516,6.90434,135.31,184.918,101.809,2.05902,18.965,17.6914,1.21502,0.000113317,32.3599,34.6894,6,3,-2.3809,
Bi2Nb6,223,cP8,0.0,metal,19.6821,10.2866,157.457,300.008,150.0,2.06975,23.2648,22.8644,5.235,2.79878e-05,147.433,150.015,8,2,-7.29835,
Bi2O2Se1,139,tI10,0.4046,insulator-indirect,19.128,9.18333,95.6399,251.067,146.786,2.09493,14.9318,14.5037,3.51302,4.64526e-05,93.8099,96.5786,5,3,-5.27239,-0.98854
Bi2O8V2,141,tI24,2.7616,insulator-direct,14.8812,6.02418,178.574,386.0,168.601,1.99515,33.9657,33.2361,3.72026,3.64413e-05,139.506,142.569,12,3,-6.99725,-1.5178
Bi2Pt2,194,hP4,0.0,metal,23.4337,14.3165,93.7348,130.056,81.8949,2.37439,12.2864,11.8923,0.882094,4.59924e-05,89.5789,92.547,4,2,-3.93643,
Bi2Rb6,194,hP8,0.0,metal,52.7233,3.66436,421.786,101.032,50.5,1.95947,27.1865,23.888,0.300378,0.000220488,6.85413,7.80058,8,2,-2.07563,-0.344574
Bi2Rh2,194,hP4,0.0,metal,21.2581,12.1812,85.0322,192.009,120.952,2.43213,12.1523,11.7679,2.01868,4.41175e-05,104.413,107.824,4,2,-4.23318,
Bi2Ti4,139,tI12,0.0,metal,21.8693,7.71403,131.216,220.949,121.621,2.01315,18.0019,17.5349,2.32477,4.36096e-05,84.6524,86.9067,6,2,-4.66808,
Bi3Dy3Rh3,189,hP9,0.0,metal,22.3635,11.7414,201.271,217.038,104.323,2.18746,27.0836,26.333,2.19851,4.28745e-05,91.7161,94.3304,9,3,-4.97346,
Bi3Sr1,221,cP4,0.0,metal,32.3368,9.17342,129.347,118.048,74.3353,2.02099,12.3875,11.9122,0.924157,6.49332e-05,38.7537,40.2998,4,2,-3.90097,-0.45221
Bi4,140,tI8,0.0,metal,40.0031,8.67484,160.012,24.9909,15.749,2.1246,12.4628,11.9957,0.00988102,6.08663e-05,35.1398,36.5079,4,1,-3.84319,0.193972
Bi4Cr4O12,62,oP20,1.5496,insulator-indirect,12.1971,8.41289,243.942,441.124,162.466,2.10001,55.4295,54.0834,3.78178,3.9244e-05,162.326,166.366,20,3,-6.87782,-1.18582
Bi4Cs12O12,198,cP28,3.0558,insulator-indirect,30.0662,5.17338,841.854,164.057,54.008,2.16724,88.2131,82.8684,0.296848,9.68539e-05,30.2543,32.2056,28,3,-4.41075,-1.35533
Bi4F16Rb4,227,cF96,2.9036,insulator-direct,18.4672,5.55158,443.213,239.858,83.2034,2.2165,73.8353,69.8864,0.5507,8.3343e-05,57.4646,60.7115,24,3,-4.61564,-2.5427
Bi4Fe4O12,62,oP20,1.341,insulator-direct_spin-polarized,12.4878,8.31948,249.756,491.004,180.886,1.42213,53.0247,52.6005,12.5194,2.05547e-05,181.493,182.957,20,3,-6.2742,-0.817078
Bi4Ga4O12,54,oP20,1.9081,insulator-indirect,14.3804,7.54535,287.607,406.865,149.94,2.0925,56.4021,54.916,3.34915,4.28011e-05,127.409,130.857,20,3,-5.84119,-1.49477
Bi4In4O12,62,oP20,2.494,insulator-indirect,14.079,8.7703,281.58,351.041,129.31,2.15986,57.8032,56.1921,2.26327,4.37935e-05,135.107,138.981,20,3,-5.70515,-1.3948
Bi4In4O12,33,oP20,2.9067,insulator-indirect,14.504,8.51335,290.079,381.972,140.73,2.15259,57.078,55.5028,2.96868,4.35906e-05,129.413,133.086,20,3,-5.71461,-1.40426
Bi4Ir4O14,227,cF88,0.0,metal,12.887,10.7112,283.514,401.036,143.11,2.20015,61.9947,60.5628,3.29991,3.55691e-05,181.424,185.714,22,3,-6.05226,-0.569847
Bi4Ir4S4,198,cP12,0.7434,insulator-indirect,19.9785,12.0037,239.741,299.981,131.037,2.38216,35.2918,34.3137,3.50156,3.94798e-05,118.964,122.354,12,3,-5.04882,
Bi4Ir4Se4,198,cP12,0.5828,insulator-indirect,21.523,12.3485,258.275,273.06,119.244,2.39594,35.6104,34.5959,2.96507,4.03754e-05,109.018,112.215,12,3,-4.83216,
Bi4K12Se12,198,cP28,2.068,insulator-indirect,34.9621,3.82105,978.938,187.986,61.9116,2.05251,88.1619,82.5062,0.455595,0.000108181,21.882,23.382,28,3,-3.50535,-0.966126
Bi4K12Te12,198,cP28,1.5075,insulator-indirect,41.6257,4.04094,1165.52,156.003,51.3734,2.10111,89.5174,82.9921,0.329715,0.000119561,17.3747,18.7408,28,3,-3.19431,-0.80134
Bi4Li4Sr4,62,oP12,0.5502,insulator-indirect,29.3446,5.72555,352.136,211.895,92.5995,1.92616,37.2172,35.1802,1.56568,9.79106e-05,26.8815,28.4381,12,3,-3.38933,-0.847418
Bi4Mg2O12,136,tP18,0.0,metal,13.3137,7.45935,239.647,410.832,156.826,2.34638,51.3295,49.3903,2.57477,5.53266e-05,119.158,123.837,18,3,-5.63856,-1.27693
Bi4Ni4Se4,198,cP12,0.0,metal,20.332,9.43656,243.984,239.918,104.83,2.24782,36.3132,34.9211,1.63881,5.83287e-05,75.5251,78.5359,12,3,-3.43595,
Bi4O12Rb12,198,cP28,3.1139,insulator-indirect,25.7754,4.72483,721.711,224.034,73.767,2.15065,87.0688,81.8731,0.572559,9.63154e-05,34.6709,36.8712,28,3,-4.45504,-1.35252
Bi4O12Rh4,62,oP20,0.9063,insulator-indirect,12.644,9.45276,252.879,379.993,139.993,2.2141,57.0287,55.547,2.54021,3.98419e-05,167.48,171.947,20,3,-5.66964,-0.435405
Bi4O14Pt4,227,cF88,1.0682,insulator-indirect,13.2673,10.4695,291.881,379.919,135.616,2.2626,62.7359,61.1093,2.68623,3.88883e-05,167.169,171.618,22,3,-5.46846,
Bi4O14Rh4,227,cF88,0.0,metal,12.7424,8.71659,280.332,404.959,144.538,2.22898,62.0841,60.4723,2.65083,3.95615e-05,166.632,171.073,22,3,-5.69159,
Bi4O14Ru4,227,cF88,0.0,metal,12.7602,8.66097,280.725,479.911,171.304,2.17007,59.7278,58.3711,4.65744,3.55198e-05,173.792,177.832,22,3,-6.07804,-0.52031
Bi4O14Ru4,227,cF88,0.0,half-metal,13.1523,8.40279,289.35,394.978,140.969,1.43411,61.3349,60.6631,6.47422,2.56658e-05,159.988,161.76,22,3,-6.13345,-0.575724
Bi4O14Sn4,227,cF88,2.6269,insulator-indirect,14.4934,7.99231,318.855,389.854,139.184,2.23093,62.5766,60.8483,2.57219,4.20948e-05,138.665,142.603,22,3,-5.90772,-1.34566
Bi4O14Ti4,227,cF88,2.8929,insulator-indirect,13.0584,7.23387,287.286,453.08,161.668,2.03077,60.3948,59.1373,3.89553,3.47288e-05,164.642,168.143,22,3,-7.03908,-1.72366
Bi4O6,224,cP10,0.0,metal,17.5185,8.83343,175.185,184.006,85.4052,2.09853,30.4162,29.4684,0.741669,5.02643e-05,97.1027,100.226,10,2,-5.45011,-0.876556
Bi4Pb4Pd8,36,oS32,0.0,metal,21.5044,12.1423,344.07,165.906,65.8771,2.5293,49.5686,47.3178,0.481477,6.14139e-05,77.5643,81.2538,16,3,-3.60548,
Bi4Pd10,12,mS28,0.0,metal,18.2564,12.3436,255.59,192.03,79.6633,2.60484,43.0275,41.2041,0.624915,5.53867e-05,104.023,108.626,14,2,-3.38835,
Bi4Pd4Se4,198,cP12,0.0,metal,23.1567,9.4259,277.88,185.007,80.8062,2.33289,36.7526,35.3597,0.823729,5.52706e-05,73.5882,76.487,12,3,-3.7805,
Bi4Pd4Te4,198,cP12,0.0,metal,25.6299,9.56679,307.559,177.027,77.3119,2.36484,36.8482,35.4156,0.813256,5.59504e-05,66.8972,69.6033,12,3,-3.63233,
Bi4Pd6S4,199,cI28,0.0,metal,21.2411,8.94868,297.375,194.004,80.4932,2.3559,42.7037,41.1739,0.709859,5.17569e-05,86.2415,89.4458,14,3,-3.87096,
Bi4Pt4Se4,198,cP12,0.0,metal,23.1268,11.5608,277.521,190.975,83.4269,2.32267,36.4698,35.3097,1.11989,4.65293e-05,86.8914,89.7461,12,3,-4.08471,
Bi4Pt4Te4,198,cP12,0.0,metal,25.4887,11.5458,305.864,186.045,81.243,2.33308,36.5108,35.3434,1.16404,4.65262e-05,79.454,82.0784,12,3,-3.95956,
Bi4Rb12Se12,198,cP28,2.0786,insulator-indirect,39.7357,4.19248,1112.6,160.006,52.6907,2.05028,88.6266,82.9281,0.365827,0.000108798,19.2409,20.5631,28,3,-3.43852,-0.956776
Bi4Rh4S4,198,cP12,0.4491,insulator-indirect,20.0524,9.49405,240.629,298.979,130.6,2.36232,35.4687,34.3336,2.81201,4.60965e-05,100.153,103.464,12,3,-4.49927,
Bi4Rh4Se4,198,cP12,0.2827,insulator-indirect,21.6112,10.0105,259.334,270.012,117.933,2.38647,35.828,34.6353,2.36114,4.74926e-05,91.7677,94.9277,12,3,-4.28858,
Bi4Th2,129,tP6,0.0,metal,33.6254,10.6997,201.752,159.935,88.0514,2.13668,18.2476,17.754,1.90579,4.29647e-05,60.0668,61.7369,6,2,-5.35708,
Bi6La8,220,cI28,0.0,metal,35.0126,8.0122,490.176,175.02,72.6098,2.01931,42.585,41.3244,1.26647,4.95404e-05,47.4194,48.866,14,2,-5.35482,
Bi6Sr8,220,cI28,0.0,metal,37.8026,6.13354,529.236,149.052,61.8221,1.94463,43.4496,41.5194,0.721455,7.79499e-05,26.7545,27.9982,14,2,-3.58927,-0.897039
Bi6Tb10,193,hP16,0.0,metal,29.406,10.0344,470.496,187.011,74.211,2.06415,48.6006,47.1188,1.33802,5.01465e-05,56.5997,58.3797,16,2,-5.13579,
Bi6Tb8,220,cI28,0.0,metal,29.6338,10.1075,414.874,170.986,70.9502,2.04961,42.6613,41.353,1.15816,5.06655e-05,55.1577,56.9027,14,2,-5.14348,
Bi8Ce6Pt6,220,cI40,0.332,insulator-indirect,25.0047,12.2296,500.093,212.029,78.1015,2.26462,60.1511,58.5796,1.35003,3.95086e-05,90.9215,93.3606,20,3,-4.64872,
Bi8Cu8Mn6,225,cF88,0.0,metal,21.0776,8.98775,463.708,214.946,76.7298,2.13132,67.4749,64.4306,0.884624,7.21983e-05,56.0535,58.702,22,3,-4.20034,
Bi8Ir4,14,mP12,0.0,metal,25.318,13.34,303.816,216.01,94.3467,2.38727,36.1791,35.1164,1.98503,4.17604e-05,90.7004,93.4454,12,2,-4.77321,
Bi8La6Pt6,220,cI40,0.0,metal,27.0425,11.2857,540.849,169.977,62.6285,2.24155,60.9264,59.0893,0.729181,4.56183e-05,73.5583,75.8452,20,3,-5.02599,
Bi8O12,14,mP20,,,17.2445,8.97378,344.891,341.941,125.994,2.10364,57.9618,56.3627,2.9729,4.45983e-05,105.564,108.559,20,2,-5.81343,-1.23988
Bi8O12,227,cF80,2.5915,insulator-indirect,18.6256,8.30837,372.513,312.101,114.942,2.10542,58.6652,56.9739,2.31233,4.64846e-05,94.9621,97.7811,20,2,-5.7562,-1.18265
Bi8Pt4,205,cP12,0.0,metal,26.2218,12.9408,314.661,149.008,65.0817,2.36046,36.8338,35.5824,0.67946,4.89427e-05,74.6373,77.2622,12,2,-4.16101,
Bi8Th6,220,cI28,0.0,metal,33.5428,10.8348,469.599,184.024,76.344,2.14213,42.3186,41.2471,1.65371,3.99963e-05,64.671,66.3511,14,2,-5.65719,
Br10Cs2Sn4,140,tI32,2.4361,insulator-indirect,37.7359,4.23434,603.775,182.154,72.2267,2.19076,51.1607,47.2157,0.637468,0.000122296,19.4902,21.1187,16,3,-3.12345,
Br10Pb4Rb2,140,tI32,3.0356,insulator-indirect,34.6029,5.39503,553.646,168.031,66.6708,2.25062,51.4103,47.3328,0.538374,0.000122671,21.6237,23.4865,16,3,-3.22334,-1.18324
Br12K4Te2,128,tP18,2.236,insulator-indirect,36.3167,3.48122,653.7,182.844,69.8276,2.27664,58.1295,53.1231,0.431564,0.000132761,19.2077,21.0179,18,3,-2.71715,-1.06458
Br1Cs1,225,cF8,4.2737,insulator-direct,50.3388,3.51,100.678,100.011,79.3701,2.38641,7.25576,5.97475,0.430412,0.000280961,6.87288,8.34646,2,2,-3.05403,-1.83291
Br1Cs1,221,cP2,4.2492,insulator-indirect,42.3043,4.17662,84.6087,116.137,92.0693,2.4707,7.39716,5.96687,0.587776,0.000299028,8.07177,10.0066,2,2,-3.0132,-1.79208
Br1Cu1,216,cF8,1.1368,insulator-direct,23.5361,5.0604,47.0723,170.012,134.929,2.42399,6.50753,5.91661,1.07312,0.000131959,31.3738,34.5073,2,2,-2.33493,
Br1Cu1,225,cF8,0.8895,insulator-indirect,19.7394,6.03372,39.4789,164.839,130.961,2.42884,6.49662,5.92096,0.919985,0.000128317,38.733,42.4988,2,2,-2.18277,
Br1H4N1,215,cP6,3.9641,insulator-indirect,11.3785,2.38223,68.2708,504.897,277.912,1.64106,16.4998,15.7479,5.64689,9.61035e-05,52.9074,55.4335,6,3,-4.45988,-0.5509
Br1K1,221,cP2,3.9417,insulator-indirect,32.3682,3.0525,64.7365,155.221,123.024,2.30153,7.08936,5.9374,0.842662,0.00026333,10.8174,12.9162,2,2,-3.05962,-1.71648
Br1K1,225,cF8,4.3271,insulator-direct,37.5827,2.62898,75.1654,155.772,123.817,2.37152,7.25904,5.93895,0.84292,0.000287105,9.05744,11.0707,2,2,-3.13566,-1.79252
Br1K3O1,221,cP5,0.8846,insulator-direct,29.5447,2.39653,147.724,235.057,137.429,2.13584,16.5417,14.6119,1.29405,0.000196902,14.7064,16.6486,5,3,-3.31657,-1.3545
Br1Li1,225,cF8,4.9243,insulator-indirect,20.9349,3.44423,41.8699,235.99,187.313,2.11485,6.6413,5.84334,2.24885,0.000205176,19.6503,22.3337,2,2,-3.31601,-1.56859
Br1Li3O1,221,cP5,4.2806,insulator-indirect,12.8514,3.01647,64.2568,454.188,265.501,1.89027,14.5097,13.4879,5.08135,0.000131379,40.4569,43.5217,5,3,-4.15097,-1.70376
Br1Na1,225,cF8,4.1145,insulator-direct,27.1348,3.14835,54.2695,188.242,149.216,2.21556,6.88048,5.90434,1.3306,0.0002342,13.9837,16.2955,2,2,-3.05987,-1.60729
Br1O1Rb3,221,cP5,0.4057,insulator-direct,34.6801,3.37381,173.4,167.83,98.247,2.19783,16.9955,14.8057,0.773636,0.000212914,12.0882,13.8761,5,3,-3.16197,-1.28037
Br1Rb1,225,cF8,4.2245,insulator-direct,42.8018,3.20789,85.6036,121.864,96.8315,2.42688,7.10693,5.96222,0.557021,0.000255766,8.65137,10.3124,2,2,-3.0715,-1.79542
Br1Rb1,221,cP2,3.9456,insulator-indirect,36.8206,3.72898,73.6412,134.14,106.356,2.29862,7.21186,5.95393,0.78782,0.000280993,9.24109,11.1935,2,2,-3.01611,-1.74003
Br1Tl1,225,cF8,2.2714,insulator-direct,38.6361,6.1089,77.2723,99.1134,78.5764,2.36139,7.02134,5.97412,0.52204,0.000227892,11.2613,13.2353,2,2,-2.88236,-0.906088
Br1Tl1,221,cP2,1.9534,insulator-direct,32.8912,7.17591,65.7824,104.128,82.5449,2.41949,6.9922,5.97113,0.545293,0.000218963,13.9085,16.2869,2,2,-2.83693,-0.860664
Br24Cs8Te4,225,cF36,2.1599,insulator-indirect,40.2763,3.99842,1449.95,162.137,49.0623,2.28943,116.888,106.632,0.24536,0.000134488,17.315,18.9803,36,3,-2.74039,-1.14205
Br2Cu2,194,hP4,0.9635,insulator-direct,24.5031,4.8607,98.0124,195.827,123.472,2.39897,12.9377,11.7767,1.07008,0.000131885,29.9344,32.8854,4,2,-2.27143,
Br2F2Sr2,129,tP6,5.0101,insulator-direct,22.6222,4.56378,135.733,260.893,143.634,2.18489,18.5031,17.3831,1.98967,9.62085e-05,39.6643,42.2199,6,3,-4.8091,-3.09815
Br2H12Sr7,174,hP21,3.7101,insulator-indirect,16.6958,3.71901,350.611,328.955,119.249,1.82692,63.8839,59.6081,1.39309,0.000128225,32.4175,34.7429,21,3,-3.43628,-0.788632
Br2In10Se10,31,oP22,0.7458,insulator-indirect,27.8481,5.68534,612.657,219.12,78.1574,2.28298,67.9916,64.3835,0.737562,7.96886e-05,41.3721,43.6906,22,3,-3.47001,
Br2In2,63,oS8,1.1448,insulator-indirect,33.3701,4.84486,133.48,150.182,94.4941,2.25837,13.5331,11.876,0.82337,0.000193733,14.2972,16.2922,4,2,-2.79756,
Br2La10Sb6,193,hP18,0.0,metal,31.1248,6.75591,560.246,232.928,88.9061,2.04731,54.0407,52.4586,1.76906,4.85907e-05,54.1129,55.7449,18,3,-5.40886,
Br2La10Sn6,193,hP18,0.0,metal,32.5102,6.41591,585.184,219.013,83.5641,1.97925,54.2241,52.6362,1.59115,5.0046e-05,49.0082,50.4866,18,3,-5.02664,
Br2O8Y6,63,oS32,4.2091,insulator-direct,17.7685,4.79677,284.296,363.934,144.453,1.96517,45.7808,44.7177,2.68295,4.00574e-05,105.683,108.196,16,3,-8.42155,-3.33356
Br2Se4Tl10,140,tI32,0.3185,insulator-direct,31.9121,8.19337,510.593,124.978,49.6063,2.27825,52.6922,47.6406,0.295408,0.000147653,19.7242,21.8157,16,3,-3.0505,-0.504402
Br2Tl2,63,oS8,2.1516,insulator-direct,35.5293,6.64308,142.117,100.979,63.626,2.41089,14.028,11.9465,0.3249,0.000222973,12.6464,14.8498,4,2,-2.85927,-0.883004
Br32Si8,205,cP40,4.1044,insulator-direct,44.0313,2.62255,1761.25,293.005,85.6737,2.05305,120.466,114.739,1.26789,7.94803e-05,23.0487,24.1993,40,2,-3.22567,-0.869087
Br32Ti8,205,cP40,3.0627,insulator-direct,44.5732,2.7383,1782.93,175.001,51.1703,1.93902,123.325,118.096,0.324447,7.45034e-05,23.6691,24.7171,40,2,-3.51721,
Br3Cs1Ge1,221,cP5,0.7486,insulator-direct,35.1671,4.20442,175.835,169.149,98.8318,2.10669,16.065,14.7888,1.09442,0.000131072,18.6657,20.2765,5,3,-3.17578,-1.15067
Br3Cs1Hg1,221,cP5,0.0,metal,36.5778,5.20444,182.889,121.043,70.7612,2.55675,16.9036,14.8986,0.344431,0.000166238,17.3736,19.7116,5,3,-2.21125,-1.02672
Br3Cs1Pb1,221,cP5,1.7398,insulator-direct,42.9347,4.485,214.674,122.972,71.9308,2.18236,16.2793,14.8896,0.544202,0.000137013,15.1539,16.5683,5,3,-3.20561,-1.3403
Br3Cs1Sn1,221,cP5,0.7199,insulator-direct,41.5477,3.92723,207.738,137.94,80.7029,2.16201,16.2347,14.8606,0.656047,0.000136472,15.7191,17.1725,5,3,-3.13161,
Br3Ga1La3,221,cP7,0.0,metal,33.6489,5.11936,235.543,213.885,111.87,2.19998,21.4312,20.5017,1.85009,6.76392e-05,38.9065,40.6704,7,3,-4.4648,
Br4,64,oS8,1.3241,insulator-indirect,39.5657,3.35351,158.263,201.939,127.252,2.31925,12.8577,11.762,1.64337,0.00012805,18.711,20.454,4,1,-1.62936,-0.039555
Br4Ca2,136,tP6,4.4516,insulator-direct,34.4794,3.20889,206.876,182.992,100.709,2.06387,18.8525,17.6956,0.956454,0.000103009,23.4051,24.9353,6,2,-3.80542,-2.07853
Br4Eu4I4,62,oP12,2.9942,insulator-direct,33.523,5.92378,402.276,141.019,61.5874,2.08585,38.0468,35.6431,0.479311,0.000103553,24.6013,26.2604,12,3,-6.20779,
Br4K2Pd1,123,tP7,1.6067,insulator-indirect,35.4841,3.37079,248.388,187.028,97.7557,2.36923,22.9106,20.6495,0.746429,0.0001481,18.1964,20.1889,7,3,-2.87044,
Br4K2Pt1,123,tP7,1.9772,insulator-indirect,35.6429,3.94604,249.5,185.835,97.233,2.38862,22.585,20.6476,0.847889,0.00012626,21.5717,23.5957,7,3,-2.9619,
Br4Mo4S4,216,cF48,1.1228,insulator-indirect,21.576,5.33359,258.912,423.083,184.762,2.14927,33.5424,32.7279,6.04888,3.83031e-05,97.2574,99.6781,12,3,-5.37569,
Br4Na4O12,198,cP20,4.4634,insulator-indirect,15.8189,3.16789,316.378,487.883,179.781,2.19005,55.4646,52.9501,2.4991,7.15299e-05,69.4823,72.7819,20,3,-4.15093,-0.611209
Br4Na4O12,198,cP20,4.4706,insulator-indirect,15.7715,3.1774,315.43,481.858,177.57,2.18637,55.6273,53.1082,2.41482,7.15763e-05,69.6959,73.0018,20,3,-4.15039,-0.610664
Br4Na4O12,198,cP20,4.4464,insulator-indirect,15.7627,3.17918,315.254,482.232,177.57,2.19283,55.6567,53.1165,2.39887,7.18722e-05,69.7449,73.0804,20,3,-4.15096,-0.611241
Br6Ca2In2,63,oS20,3.1194,insulator-indirect,33.8754,3.8687,338.754,162.149,75.1937,2.12876,32.146,29.6125,0.519143,0.000129323,19.7878,21.4807,10,3,-3.41222,
Br6Cs2Dy2,127,tP10,0.0,metal,36.4419,4.87671,364.419,140.014,64.9822,2.54195,33.1813,29.7199,0.316612,0.000143798,20.3275,22.695,10,3,-3.69871,
Br6Cs2Mg2,194,hP10,4.055,insulator-direct,34.9015,3.77694,349.015,170.168,78.907,2.10162,32.1677,29.5752,0.627088,0.0001341,18.2245,19.822,10,3,-3.14205,-1.69898
Br6Cs2Pt1,225,cF36,1.3571,insulator-indirect,36.9569,4.6945,332.612,174.037,83.6505,2.42115,28.948,26.6008,0.711059,0.000116725,23.0192,25.0504,9,3,-2.76364,
Br6Cs2Sn1,225,cF36,1.2404,insulator-direct,39.7705,4.00795,357.934,152.129,73.074,2.43765,29.9137,26.7079,0.439707,0.000154647,16.5234,18.5068,9,3,-2.91991,
Br6K2Pt1,225,cF36,1.1032,insulator-indirect,32.5219,4.27031,292.697,196.063,94.227,2.39756,28.7094,26.4862,0.796806,0.00011278,26.533,28.7602,9,3,-2.75157,
Br6K2Re1,225,cF36,2.1096,insulator-direct_spin-polarized,33.7242,4.06943,303.518,200.042,96.15,2.22035,28.2107,26.4546,1.00021,9.73946e-05,27.1666,28.97,9,3,-3.49713,
Br6K2Se1,225,cF36,1.6861,insulator-indirect,34.009,3.45356,306.081,185.118,88.9387,2.2604,29.2718,26.5531,0.653829,0.000144201,18.8363,20.7649,9,3,-2.62059,-0.930098
Br6K2Sn1,225,cF36,1.0436,insulator-direct,36.1993,3.44709,325.794,166.854,80.2852,2.39907,29.6526,26.6431,0.457705,0.000148746,18.4898,20.5783,9,3,-2.88812,
Br6K2Te1,225,cF36,1.9618,insulator-indirect,36.3303,3.47992,326.972,179.938,86.535,2.24416,29.0016,26.5736,0.672649,0.000130503,19.3167,21.0816,9,3,-2.70463,-1.05206
Br6Pd1Rb2,225,cF36,0.5408,insulator-indirect,33.5869,4.15714,302.282,185.108,88.9387,2.43481,29.3971,26.5582,0.659566,0.000139308,21.312,23.5901,9,3,-2.59305,
Br6Rb2Sn1,225,cF36,1.1372,insulator-direct,37.8083,3.75296,340.275,159.913,76.92,2.4166,29.7717,26.6733,0.456861,0.000151625,17.5629,19.6029,9,3,-2.89656,
Br6Rb2Te1,225,cF36,2.0561,insulator-indirect,37.965,3.78077,341.685,164.023,78.843,2.26369,29.1387,26.6463,0.574932,0.000132499,18.4087,20.1306,9,3,-2.7149,-1.09214
Br8Cu8,205,cP16,0.7607,insulator-direct,21.0673,5.65342,337.077,201.077,79.7669,2.42362,51.5907,47.0518,0.427473,0.000127931,35.7407,39.1885,16,2,-2.26222,
Br8Li6Mg1,225,cF60,4.6807,insulator-indirect,22.5279,3.46529,337.919,257.277,104.208,2.08076,48.2064,43.5707,0.866196,0.000164012,22.3577,24.7364,15,3,-3.27966,-1.56353
Br9Rb3Sb2,164,hP14,1.9091,insulator-direct,39.0373,3.7039,546.523,165.064,68.4607,2.13102,44.683,41.4304,0.505013,0.000118786,18.7793,20.2536,14,3,-3.0056,-1.22175
C10Si10,156,hP20,2.0048,insulator-indirect,10.4919,3.17302,209.837,1106.23,407.454,1.85266,33.225,32.8709,24.2568,1.94687e-05,201.423,203.593,20,2,-7.5303,-0.208263
C11N4,16,oP15,0.0,metal,6.17343,3.37389,92.6014,1561.19,632.954,1.92652,15.3207,15.2095,39.9334,1.28021e-05,329.131,331.538,15,2,-7.63958,1.34032
C11N4,111,tP15,2.4221,insulator-indirect,5.84783,3.56174,87.7175,1897.79,769.601,1.85028,10.4887,10.4451,77.0356,7.59874e-06,385.853,387.461,15,2,-8.58138,0.398522
C12,194,hP12,0.0,metal,15.1306,1.31817,181.568,1255.19,548.172,1.63934,17.1411,17.0285,44.067,1.35019e-05,154.162,155.182,12,1,-9.22181,-0.001466
C12,194,hP12,4.4042,insulator-indirect,5.70335,3.49702,68.4402,2101.79,918.133,1.7704,6.65502,6.63555,127.091,5.59771e-06,407.356,408.551,12,1,-9.08464,0.135703
C12Ce8,220,cI40,0.0,metal,14.7283,7.13164,294.566,493.09,181.623,1.97961,53.6907,52.6945,6.54563,3.16904e-05,153.017,155.91,20,2,-7.25481,
C12Yb8,220,cI40,0.0,metal,14.7784,8.58707,295.567,349.993,128.941,1.82946,57.7808,56.2072,3.36359,5.05352e-05,94.4618,97.1066,20,2,-6.00592,
C14Si14,156,hP28,1.8119,insulator-indirect,10.4926,3.17281,293.792,1105.95,364.224,1.85221,46.5025,46.0075,19.3853,1.94608e-05,201.299,203.465,28,2,-7.53024,-0.208205
C16,194,hP16,4.3718,insulator-indirect,5.70252,3.49753,91.2402,2101.19,833.782,1.76924,8.87863,8.85266,104.828,5.60138e-06,407.05,408.245,16,1,-9.08612,0.134223
C16,62,oP16,4.281,insulator-indirect,5.95622,3.34856,95.2995,2001.07,794.097,1.77086,9.93484,9.90195,91.6602,6.33044e-06,386.702,387.986,16,1,-8.93648,0.283865
C16Si16,186,hP32,1.9728,insulator-indirect,10.492,3.17299,335.743,1105.94,348.368,1.85238,53.1456,52.5801,17.7287,1.9453e-05,201.41,203.577,32,2,-7.53031,-0.208273
C18Si18,156,hP36,1.9904,insulator-indirect,10.4925,3.17284,377.729,1106.1,334.956,1.8531,59.7801,59.1437,16.3733,1.94532e-05,201.466,203.634,36,2,-7.5303,-0.208269
C19Si19,156,hP38,1.9687,insulator-indirect,10.4923,3.1729,398.706,1106.1,328.973,1.85326,63.1015,62.4296,15.7908,1.94543e-05,201.472,203.641,38,2,-7.5303,-0.208267
C1Ca1Pd3,221,cP5,0.0,metal,15.6556,7.87634,78.2779,196.025,114.621,2.31278,15.2296,14.7,0.884144,5.10784e-05,117.734,121.976,5,3,-4.03916,
C1Cd1,225,cF8,0.0,metal,14.3,7.224,28.6,254.052,201.6,2.28453,6.0872,5.80166,2.96884,7.05804e-05,90.2477,94.6894,2,2,-2.86326,
C1Ce1,225,cF8,0.0,metal,17.4773,7.22707,34.9546,416.023,330.179,1.79392,5.55038,5.46577,28.801,2.86091e-05,135.111,137.202,2,2,-6.67105,
C1Cr1,225,cF8,,,8.43617,6.29944,16.8723,632.947,502.412,2.68251,5.03788,4.86141,14.1711,4.52484e-05,226.056,234.262,2,2,-9.25158,0.173295
C1Cr1,187,hP2,0.0,metal,8.41865,6.31255,16.8373,945.066,750.047,1.96002,3.86015,3.81754,92.2822,1.9023e-05,317.696,321.242,2,2,-7.30441,
C1Cr1,225,cF8,0.0,metal,9.346,5.68619,18.692,602.206,477.808,2.12042,5.07189,4.95426,20.8326,3.71808e-05,205.445,210.323,2,2,-7.6224,
C1Dy1Rh3,221,cP5,0.0,metal,14.4176,11.1311,72.0879,357.911,209.36,2.18704,14.2882,14.0023,7.71114,3.09271e-05,188.715,192.568,5,3,-5.68013,
C1Dy3Ga1,221,cP5,0.0,metal,29.7306,6.35884,148.653,179.038,104.68,1.61574,15.138,14.7451,2.79703,5.41271e-05,40.7894,41.8763,5,3,-3.89639,
C1Dy3In1,221,cP5,0.0,metal,23.8912,8.53973,119.456,299.016,174.856,1.70987,14.5775,14.2945,11.5559,3.81514e-05,73.9829,75.4474,5,3,-5.62269,
C1Dy3Pb1,221,cP5,0.0,metal,23.8018,9.86079,119.009,273.927,160.236,2.00125,14.8098,14.4126,7.24807,4.54042e-05,73.4594,75.4836,5,3,-5.88835,
C1Dy3Sn1,221,cP5,0.0,metal,23.4665,8.74904,117.333,301.009,176.026,1.94131,14.6386,14.2888,8.94069,4.1599e-05,78.2315,80.1466,5,3,-5.98098,
C1Dy3Tl1,221,cP5,0.0,metal,35.4055,6.60248,177.028,136.977,80.1181,1.95352,15.3823,14.8512,1.08478,5.99539e-05,37.7431,39.0927,5,3,-3.46608,
C1Er1Rh3,221,cP5,0.0,metal,14.2877,11.3429,71.4385,359.071,209.944,2.18476,14.2794,13.996,7.84537,3.07126e-05,191.575,195.455,5,3,-5.69427,
C1Er3Ga1,221,cP5,0.0,metal,28.8748,6.71153,144.374,178.039,104.095,1.65105,15.1471,14.7474,2.66482,5.39798e-05,42.8705,44.0322,5,3,-3.87207,
C1Er3Tl1,221,cP5,0.0,metal,34.3813,6.93711,171.907,135.986,79.5333,1.96738,15.3916,14.8537,1.05634,6.02015e-05,38.9756,40.3868,5,3,-3.43121,
C1Ga1Ho3,221,cP5,0.0,metal,29.2638,6.543,146.319,179.995,105.265,1.63396,15.1381,14.7422,2.79809,5.40105e-05,41.8555,42.9794,5,3,-3.88099,
C1Ga1Sc3,221,cP5,0.0,metal,18.8091,3.82474,94.0454,555.971,325.151,1.87191,13.0018,12.7293,19.9291,3.7974e-05,90.8045,92.7483,5,3,-6.04424,
C1Ga1Y3,221,cP5,0.0,metal,23.0933,5.01134,115.466,397.102,232.167,1.73919,14.0648,13.7837,14.6446,3.86625e-05,73.793,75.2978,5,3,-6.68538,
C1Ge1,216,cF8,1.6477,insulator-indirect,12.154,5.77932,24.3079,685.937,544.479,2.10065,4.7885,4.68652,45.5096,3.4486e-05,158.262,161.706,2,2,-6.41184,0.450191
C1Ge1,225,cF8,0.0,metal,10.5505,6.65765,21.1011,561.051,445.266,2.29254,5.26276,5.08351,19.6338,5.09519e-05,146.706,151.879,2,2,-5.5795,1.28253
C1Ge1Ni3,221,cP5,0.0,metal,10.7057,8.0864,53.5287,374.921,219.301,2.19912,14.3415,13.9184,4.30191,4.57822e-05,168.673,173.801,5,3,-3.89815,
C1Hf1,216,cF8,0.2969,insulator-direct,16.047,9.85648,32.0941,230.959,183.345,1.68106,5.9103,5.82863,6.91025,2.75731e-05,152.793,154.934,2,2,-9.89052,-0.303877
C1Hf1,225,cF8,,,12.57,12.5829,25.14,537.019,426.217,1.84911,5.209,5.1446,65.1477,2.25116e-05,230.451,233.335,2,2,-10.5331,-0.946441
C1Hf1,225,cF8,0.0,metal,12.5643,12.5886,25.1286,534.95,424.63,1.85861,5.2139,5.1489,63.6972,2.25939e-05,230.949,233.864,2,2,-10.5346,-0.947977
C1Ho1Rh3,221,cP5,0.0,metal,14.3418,11.2462,71.709,358.986,209.944,2.18595,14.2854,13.9996,7.8111,3.0899e-05,189.884,193.76,5,3,-5.68611,
C1Ho3Tl1,221,cP5,0.0,metal,34.9698,6.754,174.849,138.967,81.2877,1.954,15.3828,14.8485,1.13863,6.00512e-05,38.403,39.785,5,3,-3.44572,1.61209
C1In1La3,221,cP5,0.0,metal,29.6516,6.08792,148.258,249.041,145.616,1.77678,14.8621,14.5098,5.83217,4.5053e-05,53.2054,54.4971,5,3,-5.46607,
C1In1Pt3,221,cP5,0.0,metal,15.1179,15.6433,75.5895,149.014,87.1357,2.45002,15.2311,14.8241,0.649876,3.67425e-05,181.481,186.464,5,3,-4.3692,
C1In1Sc3,221,cP5,0.0,metal,19.7502,4.40058,98.7508,501.904,293.571,1.88668,13.4023,13.1147,17.6782,3.85681e-05,88.7841,90.7312,5,3,-6.08851,
C1In1Y3,221,cP5,0.0,metal,24.0148,5.4425,120.074,378.944,221.641,1.7996,14.1862,13.8899,13.5189,3.90513e-05,73.4612,75.0282,5,3,-6.7766,
C1Ir1,187,hP2,0.0,metal,10.5527,16.0686,21.1054,364.073,288.907,2.24625,5.68531,5.58674,13.4162,2.60249e-05,314.63,320.181,2,2,-6.42617,
C1Ir1,216,cF8,0.0,metal,12.1585,13.9463,24.317,349.929,277.795,2.09073,5.70541,5.6159,14.6187,2.52743e-05,262.528,266.712,2,2,-7.17021,
C1La3Pb1,221,cP5,0.0,metal,29.6423,7.12483,148.212,246.072,143.862,1.83628,14.8824,14.5208,6.1254,4.45757e-05,55.7133,57.1007,5,3,-5.78683,
C1La3Tl1,221,cP5,0.0,metal,29.6133,7.10008,148.066,229.987,134.505,1.86394,14.9815,14.5831,4.82183,4.82417e-05,52.446,53.879,5,3,-5.38952,
C1Li4O4,121,tI18,4.6927,insulator-indirect,10.229,1.87179,92.061,728.386,349.986,1.87805,21.1591,20.4796,6.5548,5.88001e-05,95.17,98.3277,9,3,-5.80665,-1.74387
C1Lu1Rh3,221,cP5,0.0,metal,14.1459,11.6376,70.7294,363.047,212.284,2.17775,14.2566,13.9756,8.26097,3.05655e-05,194.198,198.102,5,3,-5.71781,
C1Lu3Sn1,221,cP5,0.0,metal,21.385,10.1814,106.925,301.987,176.611,1.88599,14.6269,14.2861,9.89173,4.16923e-05,83.1682,85.1518,5,3,-6.02832,
C1Mg3Zn1,221,cP5,0.0,metal,17.1206,2.91567,85.6028,434.059,253.805,1.88771,14.1827,13.5854,6.27042,7.61852e-05,53.7384,56.1008,5,3,-2.69709,
C1Mn3Sn1,221,cP5,0.0,metal,16.9052,5.8055,84.5258,340.028,198.833,1.40259,14.3614,14.0944,11.2367,4.51636e-05,70.3192,71.6513,5,3,-6.63738,
C1Mn3Zn1,221,cP5,0.0,metal,14.8112,5.43091,74.056,387.763,226.904,2.4941,14.958,13.8864,3.73525,0.000102083,62.9043,67.7584,5,3,-5.92187,
C1Mo1,225,cF8,,,10.5216,8.51849,21.0433,611.957,485.745,2.06426,4.9832,4.9204,40.5291,2.05739e-05,321.394,325.496,2,2,-9.81993,0.212185
C1Mo1,187,hP2,0.0,metal,10.5893,8.46408,21.1785,775.989,615.912,2.02167,4.43464,4.38844,86.7079,1.73645e-05,329.833,333.306,2,2,-8.68432,
C1Mo1,225,cF8,0.0,metal,10.6121,8.4459,21.2241,685.006,543.685,2.04458,4.74487,4.68808,58.2171,1.97358e-05,313.028,316.819,2,2,-8.3809,
C1Mo1,216,cF8,0.0,metal,13.0697,6.85771,26.1395,287.052,227.792,1.92633,5.82462,5.73808,5.21211,2.59322e-05,224.609,227.996,2,2,-8.11199,
C1N2,119,tI6,0.1186,insulator-indirect,6.08345,3.64169,18.2503,1597.35,1107.3,1.95999,2.94611,2.92752,127.968,1.0923e-05,384.418,386.859,3,2,-7.65721,0.962036
C1Na4O4,215,cP9,2.027,insulator-indirect,11.7301,2.64199,105.571,539.806,259.605,2.02534,24.2241,23.1663,3.84359,7.45828e-05,79.8663,83.513,9,3,-5.06855,-1.26784
C1Na4O4,121,tI18,2.4562,insulator-indirect,14.8005,2.09391,133.204,439.919,211.53,1.98965,25.4854,24.3925,2.32809,7.41755e-05,66.529,69.5098,9,3,-5.23629,-1.43558
C1Nb1,216,cF8,0.0,metal,14.3504,6.07018,28.7009,481.945,382.564,1.85602,5.36689,5.29661,26.8897,2.37624e-05,197.681,200.304,2,2,-8.84183,
C1Nb1,221,cP2,0.0,metal,11.0466,7.88568,22.0932,305.966,242.872,1.91982,5.78963,5.70299,5.84683,2.62618e-05,259.632,263.576,2,2,-8.43349,
C1Nb1,225,cF8,,,11.2779,7.72394,22.5558,730.085,579.401,1.97398,4.59166,4.5412,75.4542,1.8757e-05,289.841,293.062,2,2,-10.2655,-0.542719
C1Nb1,225,cF8,0.0,metal,11.4061,7.63715,22.8121,737.988,585.751,1.96707,4.56284,4.51359,78.8903,1.84977e-05,287.366,290.502,2,2,-9.39193,
C1Nb1Ru3,221,cP5,0.0,metal,13.2899,10.1989,66.4494,524.034,306.437,2.12635,13.1301,12.9559,21.1322,2.10203e-05,270.868,274.512,5,3,-7.04318,
C1Ni1,225,cF8,0.0,metal,8.20373,7.1554,16.4075,496.981,394.469,2.13346,5.39396,5.26178,12.2368,3.90586e-05,237.223,243.182,2,2,-4.60208,
C1Ni3Zn1,221,cP5,0.0,metal,10.3491,8.1337,51.7454,352.062,205.851,2.33928,14.5689,14.05,2.98737,5.15717e-05,169.2,175.45,5,3,-3.21258,
C1Os1,221,cP2,0.0,metal,9.76105,17.2,19.5221,377.948,300.019,2.21273,5.64219,5.55588,14.9742,2.32603e-05,372.968,378.762,2,2,-7.1554,
C1Pa1,225,cF8,0.0,metal,16.3759,12.3228,32.7518,316.019,250.809,1.46294,5.73544,5.68328,30.8236,2.08027e-05,167.778,169.318,2,2,-9.8105,
C1Pb1Pd3,221,cP5,0.0,metal,15.6893,11.397,78.4465,221.029,129.242,2.57268,15.2303,14.6212,1.46263,5.29732e-05,125.31,130.529,5,3,-4.02238,
C1Pb1Sc3,221,cP5,0.0,metal,19.9211,5.90289,99.6057,411.054,240.354,1.96039,14.0571,13.7059,12.1025,4.31883e-05,85.6686,87.8639,5,3,-6.27866,
C1Pb1Y3,221,cP5,0.0,metal,23.9253,6.74521,119.626,362.99,212.284,1.98494,14.3508,13.9816,11.828,4.3963e-05,72.4442,74.3576,5,3,-7.03733,-0.57442
C1Pd1,225,cF8,0.0,metal,10.8355,9.07326,21.6709,341.987,271.446,2.4441,5.82598,5.63982,5.43069,4.45288e-05,196.44,202.924,2,2,-4.46878,
C1Pt1,225,cF8,0.0,metal,11.0448,15.5684,22.0896,248.065,196.838,2.37956,5.95386,5.80545,3.85442,3.54733e-05,243.04,249.253,2,2,-5.0133,
C1Pt1,187,hP2,0.0,metal,11.212,15.3362,22.424,308.95,245.253,2.45223,5.85548,5.70116,7.02743,3.64297e-05,235.786,242.168,2,2,-4.87155,
C1Pt1,216,cF8,0.0,metal,13.032,13.1944,26.064,199.011,157.946,2.23804,6.01095,5.87435,2.40203,3.41852e-05,204.243,208.992,2,2,-5.48318,
C1Pu1Rh3,221,cP5,0.0,metal,14.4905,12.9444,72.4526,142.967,83.6269,2.24105,15.1543,14.8355,0.544656,3.16655e-05,200.202,204.504,5,3,-6.78888,
C1Pu1Ru3,221,cP5,0.0,metal,14.0267,13.242,70.1333,323.963,189.476,2.18014,14.4142,14.1731,6.60007,2.58596e-05,234.037,238.018,5,3,-7.85786,
C1Re1,187,hP2,0.0,metal,10.2215,16.1002,20.4431,579.039,459.553,2.06997,5.07472,5.01923,61.9783,1.77734e-05,392.353,396.69,2,2,-9.11045,
C1Re1,221,cP2,0.0,metal,9.89266,16.6354,19.7853,473.976,376.214,2.11421,5.38813,5.31821,32.1183,2.06688e-05,377.459,382.422,2,2,-8.26203,
C1Rh1,225,cF8,0.0,metal,10.2639,9.29589,20.5277,405.975,322.242,2.22591,5.60726,5.49304,10.6001,3.09355e-05,264.436,269.935,2,2,-5.58622,
C1Rh1,216,cF8,0.0,metal,12.0371,7.92646,24.0742,406.914,323.036,2.16127,5.60328,5.49119,12.0006,3.12618e-05,216.944,221.372,2,2,-6.04506,
C1Rh3Sc1,221,cP5,0.0,metal,13.8006,8.80005,69.0032,429.915,251.466,2.19697,13.8511,13.5838,9.87466,2.97136e-05,199.55,203.476,5,3,-5.7689,
C1Rh3Tb1,221,cP5,0.0,metal,14.476,11.0042,72.3799,356.0,208.19,2.18805,14.3026,14.0145,7.53173,3.10967e-05,187.136,190.982,5,3,-5.67366,
C1Rh3Y1,221,cP5,0.0,metal,14.4689,9.40239,72.3447,386.016,225.734,2.18819,14.1305,13.8483,8.19898,3.08511e-05,186.344,190.142,5,3,-6.02878,
C1Rh3Yb1,221,cP5,0.0,metal,14.8028,11.0779,74.0141,346.946,202.927,2.14707,14.3873,14.0637,7.47604,3.55105e-05,161.463,165.178,5,3,-4.73427,
C1Ru1,225,cF8,0.0,metal,10.0079,9.38138,20.0158,204.963,162.709,2.10513,5.96931,5.86492,1.49975,2.79783e-05,303.719,309.125,2,2,-6.5983,
C1Ru1,216,cF8,0.9586,insulator-indirect,11.7948,7.9601,23.5896,226.009,179.376,2.05583,5.94125,5.83602,2.23473,2.90421e-05,241.231,245.581,2,2,-7.08822,
C1Ru1,187,hP2,0.0,metal,9.92423,9.46046,19.8485,491.103,389.707,2.21551,5.36294,5.27339,18.42,2.5466e-05,317.464,322.855,2,2,-6.82863,
C1Ru3Sc1,221,cP5,0.0,metal,13.688,8.7389,68.4398,556.087,325.151,2.10916,12.9232,12.7278,22.9149,2.41686e-05,222.672,226.09,5,3,-6.64455,
C1Ru3Ta1,221,cP5,0.0,metal,13.284,12.4046,66.4198,473.045,276.612,2.12311,13.4824,13.3042,18.9528,2.096e-05,278.742,282.477,5,3,-7.42199,
C1Ru3Th1,221,cP5,0.0,metal,15.706,11.5719,78.5302,407.019,238.015,2.16714,13.9465,13.724,13.4629,2.48179e-05,209.939,213.344,5,3,-6.71197,
C1Ru3V1,221,cP5,0.0,metal,12.7718,9.52139,63.8591,566.107,330.999,2.15478,12.8309,12.6482,22.9169,2.22828e-05,262.633,266.425,5,3,-6.46925,
C1Ru3Zr1,221,cP5,0.0,metal,13.6868,9.86224,68.4339,543.087,317.548,2.11339,12.9945,12.8167,23.9718,2.18273e-05,248.69,252.14,5,3,-7.36394,
C1Sc1,225,cF8,0.0,metal,13.4692,3.51156,26.9384,607.089,481.776,1.85284,5.02721,4.9353,28.7652,3.34434e-05,138.167,140.74,2,2,-7.25883,
C1Sc1,225,cF8,,,12.8597,3.67799,25.7194,595.138,472.252,1.84285,5.06672,4.97427,26.9782,3.35217e-05,145.072,147.768,2,2,-7.91779,-0.14156
C1Sc3Sn1,221,cP5,0.0,metal,19.6378,4.4912,98.1892,486.993,284.799,1.89721,13.5093,13.2178,16.146,3.85465e-05,90.6085,92.6067,5,3,-6.38487,
C1Sc3Tl1,221,cP5,0.0,metal,19.7611,5.90314,98.8055,432.937,253.22,1.94672,13.904,13.5712,14.2133,4.17079e-05,87.8036,89.9565,5,3,-5.9969,
C1Si1,225,cF8,0.0,metal,8.35276,3.98562,16.7055,1026.21,814.337,2.14795,3.5995,3.53786,60.7937,2.71302e-05,226.047,229.986,2,2,-6.78691,0.535123
C1Si1,216,cF8,1.3705,insulator-indirect,10.4973,3.17137,20.9947,1105.88,877.833,1.85259,3.3199,3.28455,113.193,1.94752e-05,200.935,203.098,2,2,-7.52966,-0.207627
C1Sn1,225,cF8,0.0,metal,14.6866,7.38886,29.3732,444.036,352.403,2.44261,5.6342,5.40816,14.5718,5.65259e-05,108.846,113.395,2,2,-4.989,
C1Sn1,216,cF8,0.0914,insulator-direct,17.3468,6.25575,34.6935,436.114,346.053,2.31538,5.60603,5.42498,16.3635,4.75364e-05,104.561,108.05,2,2,-5.45867,
C1Sn1Y3,221,cP5,0.0,metal,23.5955,5.59368,117.978,373.998,218.717,1.90523,14.2392,13.9177,11.5151,4.00603e-05,77.0674,78.8473,5,3,-7.12881,
C1Ta1,225,cF8,,,11.2346,14.2602,22.4693,563.069,446.853,1.96221,5.12666,5.06873,64.3567,1.93659e-05,313.327,316.907,2,2,-11.1153,-0.580638
C1Ta1,225,cF8,0.0,metal,11.4338,14.0117,22.8677,548.016,434.948,1.93625,5.16992,5.11198,61.4198,1.9468e-05,305.128,308.586,2,2,-10.2319,
C1Ta1,221,cP2,0.0,metal,11.1859,14.3223,22.3718,274.035,217.474,1.93317,5.847,5.76154,7.63493,2.53962e-05,270.485,274.497,2,2,-9.17947,
C1Ta1,216,cF8,0.0,metal,14.3496,11.1646,28.6993,374.979,297.638,1.8518,5.63226,5.56027,23.3919,2.32236e-05,211.934,214.678,2,2,-9.74937,
C1Tb3Tl1,221,cP5,0.0,metal,35.8476,6.42172,179.238,132.999,77.7789,1.93952,15.3873,14.8602,0.997857,5.98177e-05,37.0597,38.3741,5,3,-3.4874,
C1Tc1,216,cF8,0.0,metal,12.5049,7.36441,25.0098,286.921,227.792,2.66819,5.95189,5.74428,2.60769,4.36078e-05,198.038,205.196,2,2,-7.66458,
C1Tc1,225,cF8,0.0,metal,10.431,8.82864,20.8619,439.187,348.435,3.35346,5.7353,5.42563,5.40894,5.51523e-05,219.727,232.268,2,2,-7.53806,
C1Th1,225,cF8,0.0,metal,20.5912,9.84046,41.1824,355.982,282.557,1.8206,5.67766,5.60231,29.595,2.4455e-05,139.827,141.708,2,2,-7.90466,
C1Ti1,225,cF8,,,10.2016,4.87594,20.4032,890.952,707.187,1.87877,4.04549,3.99817,84.6612,2.10396e-05,237.88,240.695,2,2,-9.39747,-0.817982
C1Ti1,225,cF8,0.0,metal,10.6951,4.65093,21.3903,900.926,715.124,1.85421,4.01105,3.96611,91.4544,2.04122e-05,229.503,232.103,2,2,-7.8353,
C1Ti3Tl1,221,cP5,0.0,metal,17.1498,6.97303,85.7488,403.007,235.676,1.21312,13.8737,13.7388,31.3673,2.75428e-05,94.4704,95.3976,5,3,-5.65771,
C1Tl1,225,cF8,0.0,metal,15.9937,11.2329,31.9873,221.86,176.202,2.51546,6.23734,5.85181,2.90536,8.53159e-05,74.3279,79.2249,2,2,-3.68753,2.10401
C1Tl1Y3,221,cP5,0.0,metal,23.9992,6.68526,119.996,340.954,199.418,1.88731,14.4312,14.0923,10.8887,4.20308e-05,72.5894,74.3354,5,3,-6.69013,-0.49561
C1V1,225,cF8,0.0,metal,9.19967,5.68146,18.3993,941.103,746.872,1.92348,3.87451,3.83197,96.1928,1.92733e-05,282.584,285.72,2,2,-8.1649,
C1V1,225,cF8,,,9.02324,5.79255,18.0465,923.975,733.379,1.95098,3.93377,3.88914,87.7031,1.9637e-05,291.269,294.611,2,2,-9.58519,-0.417541
C1W1,187,hP2,,,10.592,15.3529,21.184,629.071,499.238,2.00781,4.91454,4.86497,84.9263,1.69034e-05,374.014,377.825,2,2,-11.2141,-0.12661
C1W1,225,cF8,,,10.5792,15.3715,21.1583,470.028,373.039,2.0355,5.39459,5.32946,34.3509,1.99439e-05,353.389,357.708,2,2,-10.7642,0.323249
C1W1,216,cF8,0.0,metal,13.1852,12.3333,26.3704,250.975,199.219,1.91133,5.87577,5.79809,6.44998,2.3227e-05,249.409,252.751,2,2,-9.32257,
C1W1,225,cF8,0.0,metal,10.6871,15.2163,21.3742,509.047,403.994,2.01092,5.28605,5.22421,44.9704,1.95616e-05,345.093,349.178,2,2,-9.52953,
C1W1,221,cP2,0.0,metal,10.3504,15.7113,20.7008,565.948,449.234,2.02202,5.12033,5.05947,60.4251,1.97876e-05,343.428,347.558,2,2,-9.09593,
C1W1,187,hP2,0.0,metal,10.7007,15.1969,21.4014,623.009,494.475,1.97955,4.93281,4.88371,85.4191,1.69165e-05,365.774,369.451,2,2,-9.98439,
C1W2,164,hP3,,,12.7342,16.5047,38.2027,456.032,316.173,2.03711,8.13778,8.04843,32.8374,1.81051e-05,326.123,329.744,3,2,-11.6608,0.0490023
C1Y1,225,cF8,0.0,metal,16.5295,5.06903,33.0589,454.053,360.34,1.99362,5.49674,5.3743,19.4086,3.79264e-05,116.916,119.579,2,2,-7.80506,0.036698
C1Y1,225,cF8,,,16.5286,5.0693,33.0572,460.023,365.102,2.00304,5.48195,5.35903,19.9858,3.7985e-05,117.001,119.684,2,2,-7.80521,0.0365415
C1Y1,216,cF8,0.0,metal,20.3978,4.10771,40.7957,236.011,187.313,1.7003,5.9505,5.82281,4.12962,4.25445e-05,78.5528,80.2755,2,2,-7.35229,0.48946
C1Zr1,216,cF8,0.4824,insulator-indirect,16.6791,5.13874,33.3582,316.951,251.603,1.72309,5.76733,5.68228,9.29651,2.87951e-05,140.199,142.297,2,2,-9.07966,-0.197665
C1Zr1,225,cF8,,,13.1752,6.50535,26.3505,675.947,536.542,1.90117,4.77527,4.71621,67.4176,2.19512e-05,211.879,214.532,2,2,-9.69448,-0.812487
C1Zr1,225,cF8,0.0,metal,13.1786,6.50368,26.3573,671.904,533.367,1.88528,4.79011,4.73161,67.4411,2.18376e-05,212.04,214.662,2,2,-9.69458,-0.812584
C2,227,cF8,4.1167,insulator-indirect,5.70301,3.49723,11.406,2093.81,1662.01,1.76693,1.11895,1.11566,419.731,5.64364e-06,407.054,408.255,2,1,-9.08961,0.130731
C20,221,cP20,0.0,metal,7.09151,2.81248,141.83,1367.06,503.607,1.7388,25.3495,25.1764,27.6836,1.32734e-05,312.955,315.106,20,1,-8.46268,0.757661
C21Si21,156,hP42,1.6254,insulator-indirect,10.494,3.17237,440.749,1106.82,318.467,1.85315,69.6563,68.9158,14.8129,1.94351e-05,201.298,203.461,42,2,-7.53024,-0.2082
C28V32,212,cP60,0.0,metal,9.83683,5.53252,590.21,892.102,227.849,1.91594,121.323,119.94,9.07097,2.00876e-05,263.977,267.021,60,2,-8.17392,
C2Ca2O6,40,oS20,4.6261,insulator-indirect,12.841,2.58861,128.41,601.064,278.959,1.93522,25.3634,24.7812,5.9987,4.03583e-05,125.595,128.546,10,3,-7.44308,-2.24011
C2Co1Ho1,38,oS8,0.0,metal,11.7147,8.78432,46.8589,501.951,316.24,1.94559,10.6896,10.4921,19.0767,3.20983e-05,185.772,189.268,4,3,-6.77454,
C2Co1Tb1,38,oS8,0.0,metal,12.02,8.3538,48.0802,500.011,314.98,1.94888,10.7002,10.5014,18.4697,3.22442e-05,181.002,184.428,4,3,-6.77083,
C2Co1Th1,38,oS8,0.0,metal,13.876,9.42382,55.5039,434.017,273.403,2.00198,11.0362,10.8462,15.5496,2.90179e-05,185.169,188.411,4,3,-7.00548,
C2Cr4Ga2,194,hP8,0.0,metal,13.2262,5.8299,105.809,480.017,240.0,2.6325,22.5223,21.2735,4.27086,7.2155e-05,101.357,107.306,8,3,-6.25207,
C2Cs2Pt1,164,hP5,1.5634,insulator-indirect,29.8278,5.39921,149.139,209.966,122.809,1.99299,15.2054,14.6558,2.43896,6.16417e-05,43.6569,45.2942,5,3,-4.84865,
C2Cu1Rb1,123,tP4,2.2178,insulator-indirect,24.9985,2.8735,99.994,319.094,200.957,1.87179,11.7725,11.3713,4.80304,6.19923e-05,46.6265,48.2716,4,3,-5.12689,
C2Dy1,139,tI6,0.0,metal,13.9291,7.41199,41.7873,362.929,251.69,1.84684,8.55307,8.38619,10.3954,3.5662e-05,142.7,145.54,3,2,-7.87648,
C2Dy10Ge6,193,hP18,0.0,metal,22.5451,8.52982,405.811,272.002,103.787,1.92042,53.1827,51.902,2.65673,4.23954e-05,79.6389,81.6041,18,3,-5.81,
C2Dy1Ni1,38,oS8,0.0,metal,12.0583,8.44203,48.233,521.935,328.839,1.9589,10.5802,10.3782,21.1463,3.30168e-05,173.651,177.032,4,3,-6.59539,
C2Er1,139,tI6,0.0,metal,13.4316,7.88269,40.2948,358.088,248.223,1.8483,8.56825,8.40062,10.0905,3.57654e-05,147.574,150.519,3,2,-7.86755,
C2Er10Ge6,193,hP18,0.0,metal,21.7544,9.0417,391.579,274.068,104.551,1.91451,53.1388,51.8712,2.76594,4.21191e-05,82.5344,84.5513,18,3,-5.80553,
C2Fe12W12,227,cF104,0.0,metal,13.8246,13.3992,359.44,338.97,114.431,1.92922,74.3927,73.3122,3.25838,2.54023e-05,212.464,215.595,26,3,-7.78237,
C2Ga2Nb4,194,hP8,0.0,metal,14.7223,7.5446,117.778,539.033,269.5,1.98613,20.8585,20.5594,16.5547,2.43329e-05,194.938,197.774,8,3,-7.6836,
C2Ga2Sc4,194,hP8,0.0,metal,18.0964,3.93792,144.771,498.871,249.5,1.8901,21.5042,21.0198,10.0791,4.04381e-05,92.2957,94.4226,8,3,-5.9751,
C2Ga2Ta4,194,hP8,0.0,metal,14.639,12.5809,117.112,422.074,211.0,1.96652,22.1136,21.8044,13.4218,2.39434e-05,209.691,212.664,8,3,-8.45428,
C2Ga2Ti4,194,hP8,0.0,metal,14.2487,5.17284,113.99,648.12,324.0,1.92218,19.5643,19.237,20.3144,2.94353e-05,149.981,152.532,8,3,-6.03729,
C2Ge2Ti4,194,hP8,0.0,metal,13.9632,5.36343,111.706,588.904,294.5,1.9254,20.3085,19.9659,15.3282,2.96423e-05,158.256,160.972,8,3,-6.58288,
C2Ge2V4,194,hP8,0.0,metal,12.1619,6.36544,97.2954,604.991,302.5,1.96811,20.1063,19.7757,15.6237,2.82394e-05,193.581,196.818,8,3,-7.05102,
C2Ge6Mo10,193,hP18,0.0,metal,14.4287,9.07233,259.717,447.978,170.944,2.12553,49.2774,48.4934,5.58414,2.52349e-05,215.758,219.247,18,3,-7.04541,
C2Hf4In2,194,hP8,0.0,metal,17.8098,11.2773,142.478,389.981,195.0,1.93458,22.4801,22.1107,12.777,2.86579e-05,143.796,146.199,8,3,-8.64774,
C2Hf4S2,194,hP8,0.0,metal,14.9468,11.1388,119.575,459.962,230.0,1.95966,21.7618,21.427,15.9407,2.64694e-05,182.157,185.002,8,3,-9.65746,-1.34431
C2Ho1,139,tI6,0.0,metal,13.6898,7.63982,41.0694,365.967,253.77,1.84766,8.54409,8.37696,10.7218,3.57249e-05,144.885,147.776,3,2,-7.87074,-0.200964
C2Ho1Ni1,38,oS8,0.0,metal,11.9494,8.60336,47.7976,518.008,326.32,1.95476,10.5989,10.3975,20.88,3.29357e-05,176.069,179.479,4,3,-6.59419,
C2In2Nb4,194,hP8,0.0,metal,16.1015,8.0607,128.812,491.939,246.0,2.0124,21.4066,21.0845,14.7137,2.52133e-05,179.283,182.021,8,3,-7.6231,
C2In2Ti4,194,hP8,0.0,metal,15.6807,5.89398,125.446,557.897,279.0,1.95154,20.7176,20.3426,16.2248,3.13788e-05,137.816,140.357,8,3,-5.99952,
C2In2Zr4,194,hP8,0.0,metal,18.6081,6.89966,148.864,462.944,231.5,1.95307,21.7713,21.4014,13.5954,2.93651e-05,131.013,133.277,8,3,-7.92427,
C2K8O8,86,tP18,3.0066,insulator-direct,15.9762,2.68394,287.572,415.74,158.734,2.07922,51.7553,49.324,1.59611,7.80993e-05,61.8745,64.9244,18,3,-5.07951,-1.37609
C2La1,139,tI6,0.0,metal,17.4647,5.16371,52.3941,378.967,262.784,1.91797,8.5113,8.33324,10.265,3.68848e-05,113.447,115.871,3,2,-7.82535,
C2Li4O6,193,hP12,3.7533,insulator-indirect,8.43694,2.42385,101.243,963.896,421.066,1.93219,22.9782,22.4556,11.8313,4.03523e-05,141.546,144.84,12,3,-6.48408,-1.84677
C2Mg2N4,122,tI16,3.8502,insulator-direct,7.78713,3.42943,62.297,1054.03,527.0,1.97862,14.0006,13.796,24.3982,2.5114e-05,234.787,238.267,8,3,-6.95994,-0.09714
C2N4,113,tP6,4.6337,insulator-indirect,8.68565,2.55065,52.1139,1568.78,863.454,2.04063,6.05844,6.00865,78.8432,1.37274e-05,227.152,229.035,6,2,-8.01395,0.605296
C2Na2Pd1,164,hP5,0.9361,insulator-indirect,18.3204,3.19777,91.6019,403.047,235.676,1.95906,14.3053,13.7702,5.55749,6.52967e-05,61.2628,63.6435,5,3,-4.73976,
C2Nb2,194,hP4,0.0,metal,13.3937,6.5038,53.5747,510.92,321.91,1.89272,10.5648,10.433,18.8957,2.2206e-05,227.271,230.143,4,2,-9.22471,
C2Nb2,194,hP4,0.0,metal,12.0097,7.2533,48.0387,624.896,393.725,1.92785,9.87385,9.75921,32.0512,2.0281e-05,264.045,267.147,4,2,-9.02527,
C2Nb4P2,194,hP8,0.0,metal,13.8394,6.86313,110.716,618.937,309.5,1.97672,19.8504,19.599,21.2101,2.15861e-05,222.101,224.95,8,3,-8.67904,
C2Nb4S2,194,hP8,0.0,metal,13.9623,6.83503,111.699,543.099,271.5,2.00807,20.8093,20.5102,13.942,2.41387e-05,209.255,212.307,8,3,-8.36633,
C2Ni1Tb1,38,oS8,0.0,metal,12.1924,8.22743,48.7696,520.002,327.579,1.96508,10.5909,10.3873,20.5364,3.31484e-05,171.633,174.997,4,3,-6.59597,
C2O4,136,tP6,6.464,insulator-indirect,16.5038,1.47602,99.0231,707.019,389.077,1.77028,14.1036,13.8503,13.3189,3.44195e-05,97.1136,98.8897,6,2,-7.67054,-1.30966
C2O4,122,tI12,7.6056,insulator-indirect,7.86552,3.09706,47.1931,1308.01,719.82,2.06944,8.08523,7.9877,47.0631,1.98574e-05,235.235,238.107,6,2,-7.23198,-0.871106
C2Os1,187,hP3,0.0,metal,9.54393,12.4241,28.6318,609.091,422.257,2.06106,7.48869,7.39381,39.1391,2.07145e-05,352.152,356.671,3,2,-8.23825,
C2Pb2Ti4,194,hP8,0.0,metal,16.3972,7.97526,131.178,416.07,208.0,1.99216,22.3289,21.8723,9.22084,3.47413e-05,131.054,133.789,8,3,-6.14374,
C2Re1,187,hP3,0.0,metal,9.76929,11.9109,29.3079,638.998,443.058,1.96942,7.33836,7.25372,49.386,1.97193e-05,338.449,342.398,3,2,-8.84904,
C2Re1,123,tP3,0.0,metal,9.32613,12.4768,27.9784,657.111,455.538,2.02781,7.25971,7.17008,49.5945,2.05133e-05,347.171,351.511,3,2,-8.43466,
C2Re4,194,hP6,0.0,metal,11.83,17.9862,70.9798,542.972,298.824,2.09394,15.5387,15.3808,32.4936,1.63048e-05,382.586,386.515,6,2,-9.43872,
C2S2Zr4,194,hP8,0.0,metal,15.6565,6.00599,125.252,579.073,289.5,1.98423,20.4057,20.0917,17.7584,2.61765e-05,166.678,169.283,8,3,-8.95321,-1.34471
C2Sc2,194,hP4,0.0,metal,13.9519,3.39007,55.8076,487.089,306.791,1.80936,10.7815,10.5732,9.94608,3.60585e-05,130.212,132.777,4,2,-7.00177,
C2Si2,186,hP4,2.2963,insulator-indirect,10.4985,3.171,41.9942,1103.25,694.846,1.85473,6.66395,6.59273,70.3929,1.95046e-05,201.751,203.93,4,2,-7.52673,-0.204692
C2Sn2Ti4,194,hP8,0.0,metal,15.8338,5.93847,126.67,509.105,254.5,1.96155,21.3,20.9085,12.4211,3.16541e-05,140.183,142.807,8,3,-6.26776,
C2Tb1,139,tI6,0.0,metal,14.1884,7.13707,42.5653,369.054,255.85,1.85012,8.53278,8.36634,10.7365,3.56006e-05,140.185,142.974,3,2,-7.88142,
C2Ti4Tl2,194,hP8,0.0,metal,16.0343,8.08248,128.275,453.963,227.0,2.01424,21.9416,21.4922,11.5121,3.44331e-05,134.258,137.065,8,3,-5.83625,
C2Tl2Zr4,194,hP8,0.0,metal,18.8542,8.78132,150.833,393.974,197.0,2.01013,22.5028,22.0827,10.1859,3.13655e-05,128.779,131.229,8,3,-7.79673,-0.629137
C2U1,225,cF12,0.0,metal,13.417,10.8108,40.2511,382.995,265.557,1.91772,8.45952,8.31826,15.6025,2.92948e-05,186.088,189.248,3,2,-8.15234,
C2Y1,139,tI6,0.0,metal,14.0474,4.44973,42.1421,460.905,319.64,1.84828,8.19088,8.03491,12.9193,3.48159e-05,138.654,141.346,3,2,-8.49296,-0.191676
C3N4,215,cP7,2.478,insulator-direct,5.89566,3.70415,41.2696,1741.61,910.644,1.98054,5.82025,5.78649,89.9282,9.95752e-06,370.163,372.322,7,2,-8.00994,0.695172
C3Nb4,221,cP7,0.0,metal,12.7544,7.58209,89.2806,599.011,313.132,1.93816,17.5583,17.3557,21.7295,2.00426e-05,257.364,260.367,7,2,-9.22393,
C3W6,162,hP9,0.0,metal,12.8674,16.3339,115.807,431.056,207.203,2.01642,24.6939,24.424,13.6675,1.82212e-05,320.945,324.493,9,2,-10.0769,
C4,194,hP4,0.0,metal,10.9292,1.8249,43.7169,1413.15,890.134,1.64481,4.83185,4.80482,116.901,1.14618e-05,212.96,214.158,4,1,-9.22202,-0.0016825
C4,194,hP4,3.3412,insulator-indirect,5.7141,3.49045,22.8564,2123.4,1337.41,1.77443,2.16662,2.16041,272.257,5.46693e-06,407.553,408.724,4,1,-9.06591,0.154433
C4,139,tI8,2.4828,insulator-indirect,6.02134,3.31235,24.0853,1922.05,1210.78,1.77084,2.72864,2.71859,206.237,7.03295e-06,379.25,380.652,4,1,-8.89383,0.326513
C4Cd2N4,215,cP10,6.1379,insulator-indirect,26.9169,2.02898,269.169,215.001,99.7942,1.76831,29.9682,29.2657,0.700637,4.47786e-05,58.9329,60.3475,10,3,-6.77169,
C4Co2Sc2,129,tP8,0.0,metal,10.1704,5.22107,81.3632,703.821,352.0,1.9242,18.8026,18.5029,16.7319,2.80637e-05,212.004,215.439,8,3,-6.84876,
C4Co8Mo16,227,cF112,0.0,metal,13.4536,9.05668,376.701,462.008,152.144,1.84311,75.9208,74.9153,5.65633,2.47098e-05,199.267,201.942,28,3,-6.80258,
C4Co8Ta16,227,cF112,0.0,metal,14.2893,14.1719,400.102,382.017,125.799,1.93648,78.6557,77.6443,4.86547,2.23047e-05,231.902,234.923,28,3,-8.18807,
C4Cr12Nb12,227,cF112,0.0,metal,13.9802,7.58004,391.446,544.099,179.148,1.93171,72.6172,71.7174,7.34533,2.16031e-05,224.466,227.282,28,3,-7.53039,
C4Cr2Sc2,194,hP8,0.0,metal,11.5192,4.35971,92.1537,719.96,360.0,1.61219,18.5509,18.2976,25.97,2.86053e-05,152.248,154.355,8,3,-7.69639,
C4Ge2Ti6,194,hP12,0.0,metal,12.8945,5.15786,154.734,700.906,306.19,1.9008,28.2475,27.8306,17.5326,2.62379e-05,177.702,180.364,12,3,-7.02423,
C4H4,199,cI16,4.9527,insulator-indirect,5.04111,2.14421,40.3288,1744.64,872.0,1.7649,6.55858,6.50294,50.2858,1.64512e-05,225.07,226.995,8,2,-6.14994,0.153407
C4H4N4,198,cP12,3.6444,insulator-indirect,5.45664,2.74144,65.4796,1634.44,713.715,1.86964,11.2303,11.1384,39.2886,1.49328e-05,280.119,282.431,12,3,-6.74991,0.225219
C4Hf12Zn12,227,cF112,0.0,metal,15.8557,11.1254,443.96,348.979,114.932,1.90318,80.2878,78.6862,3.47672,3.5372e-05,131.056,133.723,28,3,-6.22158,
C4Ir2,140,tI12,0.0,metal,8.95737,13.3625,53.7442,438.991,241.591,2.16678,16.5301,16.2332,8.17866,2.79867e-05,321.146,327.019,6,2,-6.75195,
C4Mg2,136,tP6,2.5559,insulator-indirect,12.9682,2.06271,77.8091,659.181,362.662,1.72295,14.6114,14.3226,11.5712,3.89337e-05,110.753,112.986,6,2,-6.25148,0.426578
C4Mo16Ni8,227,cF112,0.0,metal,12.9651,9.38905,363.022,500.951,164.988,2.09848,74.5014,73.4395,5.36763,2.2897e-05,253.971,257.643,28,3,-6.51762,
C4Mo8,60,oP12,,,12.614,8.94692,151.368,594.03,259.453,2.07959,30.1983,29.8397,14.7427,1.92385e-05,292.073,295.583,12,2,-10.4204,-0.117717
C4N4Zn2,215,cP10,6.066,insulator-indirect,20.3862,1.9128,203.862,315.962,146.674,1.73633,29.0709,28.4378,1.50738,4.23411e-05,78.5199,80.2678,10,3,-7.00661,
C4N8,122,tI24,3.5681,insulator-indirect,6.00951,3.68649,72.1142,1697.68,741.67,1.96791,10.5109,10.4507,60.036,9.8878e-06,384.283,386.498,12,2,-7.81798,0.801263
C4Nb12Ni12,227,cF112,0.0,metal,13.1871,8.39718,369.239,475.976,156.755,1.99901,75.6149,74.4128,4.68593,2.68151e-05,205.349,208.666,28,3,-6.04056,
C4Nb16Ni8,227,cF112,0.0,metal,14.4338,8.23423,404.146,462.949,152.474,2.10516,76.1964,74.8965,4.25778,2.72828e-05,196.491,199.901,28,3,-7.05461,
C4Nb16Rh8,227,cF112,0.0,metal,15.4357,9.05881,432.198,315.997,104.064,1.97874,80.6706,79.5913,1.86104,2.26777e-05,221.661,224.667,28,3,-7.72695,
C4Nb16Zn8,227,cF112,0.0,metal,15.2128,8.02122,425.958,436.047,143.582,1.93864,77.0466,75.8556,4.44282,2.6855e-05,176.562,179.334,28,3,-6.50493,
C4Nb8,62,oP12,0.0,metal,14.3084,7.6527,171.701,568.035,248.097,1.91343,30.649,30.3079,15.642,1.95737e-05,236.418,239.079,12,2,-9.25191,
C4Ni8Ta16,227,cF112,0.0,metal,14.4388,14.0173,404.286,373.962,123.165,1.92743,78.9108,77.8767,4.62983,2.28707e-05,222.606,225.562,28,3,-8.04751,
C4Ni8W16,227,cF112,0.0,metal,13.0438,15.7275,365.225,416.941,137.325,2.06429,77.4738,76.496,5.41372,2.05515e-05,288.994,292.688,28,3,-7.95386,
C4O12Sr4,62,oP20,4.4409,insulator-indirect,13.4585,3.64297,269.17,578.81,213.305,1.95665,51.4799,50.2464,4.93664,4.16906e-05,119.053,121.976,20,3,-7.43761,-2.29815
C4O8,205,cP12,6.61,insulator-direct,17.0649,1.42749,204.779,864.773,377.824,1.7556,24.9134,24.5242,15.8106,3.01895e-05,93.9765,95.4681,12,2,-7.68582,-1.32495
C4Os2,194,hP6,0.0549,insulator-indirect,9.51851,12.4573,57.111,624.038,343.4,2.06626,14.8314,14.6454,26.3381,2.04718e-05,354.52,359.025,6,2,-8.25768,
C4Os8Zr16,227,cF112,0.0,metal,17.4917,10.2703,489.767,354.004,116.578,1.92642,79.5689,78.4929,3.71596,2.36263e-05,179.606,182.068,28,3,-8.99265,
C4Re2,194,hP6,0.0,metal,9.75439,11.9291,58.5263,622.896,342.85,1.97577,14.8279,14.6553,28.5904,1.98515e-05,341.32,345.341,6,2,-8.87492,
C4Si2Ti6,194,hP12,0.0,metal,12.5932,4.30319,151.119,792.84,346.375,1.87383,26.3355,25.9866,21.176,2.3903e-05,183.495,185.959,12,3,-7.16198,
C4Si4,186,hP8,2.2233,insulator-indirect,10.4893,3.17381,83.9142,1105.84,553.0,1.85314,13.2879,13.1464,44.7162,1.94554e-05,201.503,203.672,8,2,-7.53029,-0.208258
C4Sn2Ti6,63,oS24,0.0,metal,14.0511,5.64132,168.613,602.901,263.385,1.9289,30.1844,29.6958,13.2501,2.83707e-05,163.484,166.174,12,3,-6.81304,
C4Ti8,227,cF48,0.0,metal,14.0305,4.25323,168.366,616.018,269.063,1.83039,29.869,29.4509,11.9129,2.57951e-05,169.702,172.111,12,2,-6.89252,
C4V8,60,oP12,0.0,metal,11.2225,5.61745,134.67,666.944,291.339,1.9289,28.8699,28.4755,13.2291,2.39166e-05,232.82,236.044,12,2,-7.76144,
C4W8,60,oP12,0.0,metal,12.8383,16.3709,154.06,436.001,190.441,2.01017,32.8499,32.4934,11.7493,1.81393e-05,321.432,324.958,12,2,-10.0907,
C4Zn12Zr12,227,cF112,0.0,metal,16.4705,6.93938,461.175,412.893,136.008,1.89316,78.2607,76.6732,3.82638,3.6194e-05,119.366,121.838,28,3,-5.6216,
C60K6,204,cI132,0.5895,insulator-indirect,11.5279,2.08483,760.845,935.911,231.612,1.66921,128.331,127.004,6.19389,2.09228e-05,180.758,182.647,66,2,-8.26731,0.214498
C60Rb6,204,cI132,0.6934,insulator-indirect,12.2129,2.54106,806.05,880.055,217.755,1.6708,134.742,133.274,6.75982,2.19967e-05,170.681,172.561,66,2,-8.26234,0.207277
C60Sr6,204,cI132,0.0,metal,10.229,3.06565,675.114,850.067,210.331,1.67877,138.151,136.648,5.74134,2.18451e-05,211.602,213.929,66,2,-8.33428,0.2009
C6Cr3W20,225,cF116,0.0,metal,13.681,16.344,396.75,388.971,126.615,1.97935,81.0157,80.1766,5.20027,1.75052e-05,316.537,319.849,29,3,-9.55167,
C6Ir10,55,oP16,0.0,metal,13.4244,15.4176,214.791,291.039,115.483,2.21227,46.6196,45.8478,2.33863,2.52075e-05,258.367,262.716,16,2,-6.46409,
C6Mo6,194,hP12,0.0,metal,10.5937,8.46051,127.125,607.993,265.568,2.04378,29.9614,29.5863,12.3094,2.06522e-05,315.223,319.219,12,2,-8.43183,
C6N8,220,cI28,2.891,insulator-indirect,5.78021,3.77814,80.9229,1739.67,721.949,1.89933,11.7151,11.6571,61.2345,8.83628e-06,413.56,415.619,14,2,-8.00564,0.699471
C6N8,176,hP14,3.1773,insulator-indirect,6.23364,3.50332,87.2709,1617.89,671.33,1.8722,13.4515,13.3772,52.063,9.97168e-06,385.518,387.657,14,2,-8.1731,0.532014
C6N8,227,cF56,0.8706,insulator-indirect,5.5731,3.91854,78.0234,1201.31,498.311,2.06362,21.1247,20.8623,16.5839,2.04935e-05,360.907,365.447,14,2,-7.00026,1.70486
C6Nb16Zn8,227,cF120,0.0,metal,14.4305,7.98448,432.914,447.03,143.858,1.96712,82.1309,80.8343,4.10982,2.70712e-05,186.06,189.045,30,3,-6.63753,
C6Nb8Si2,194,hP16,0.0,metal,12.7751,7.07991,204.401,609.112,241.682,1.95031,39.9181,39.4316,12.1439,2.10509e-05,244.751,247.771,16,3,-8.91596,
C6Sc8,220,cI28,0.6658,insulator-direct,14.1425,3.62069,197.994,631.086,261.81,1.83191,34.6285,34.0223,9.93357,3.23729e-05,132.31,134.668,14,2,-7.29457,
C6Si6,186,hP12,2.0219,insulator-indirect,10.4958,3.17182,125.95,1109.75,484.837,1.85189,19.8565,19.6459,34.5239,1.93848e-05,201.321,203.478,12,2,-7.53031,-0.208275
C8,229,cI16,3.006,insulator-indirect,7.24751,2.75194,57.9801,1473.8,737.0,1.76337,9.02879,8.97142,62.609,1.21799e-05,300.902,302.826,8,1,-8.46311,0.757234
C8,12,mS16,3.489,insulator-indirect,5.97251,3.33942,47.7801,1997.58,999.0,1.77218,4.9866,4.96999,145.01,6.36253e-06,385.542,386.83,8,1,-8.92834,0.291995
C8,65,oS16,0.0,metal,7.25719,2.74827,58.0575,1621.09,810.5,1.71832,7.67518,7.63694,88.1928,9.78939e-06,309.858,311.409,8,1,-8.71944,0.500897
C8,65,oS16,3.3312,insulator-indirect,5.86253,3.40207,46.9002,2016.07,1008.0,1.7783,4.88529,4.86926,146.956,6.24855e-06,393.057,394.351,8,1,-8.96119,0.259152
C8,194,hP8,4.5299,insulator-indirect,5.70513,3.49593,45.6411,2103.1,1051.5,1.77068,4.4305,4.41757,166.925,5.58584e-06,407.618,408.812,8,1,-9.08138,0.138963
C8,206,cI16,2.4492,insulator-direct,5.60913,3.55576,44.873,2144.93,1072.5,1.84124,4.20724,4.19405,161.938,5.77779e-06,394.037,395.276,8,1,-8.39331,0.827028
C8Cr12,62,oP20,,,8.79854,6.79463,175.971,762.076,280.723,2.00616,44.9185,44.3421,11.2615,2.16049e-05,319.226,323.376,20,2,-9.58182,-0.116043
C8Cs1,191,hP9,0.0,metal,14.5378,2.90624,130.84,795.001,382.196,1.6438,19.6875,19.4638,28.1623,2.33156e-05,142.677,144.317,9,2,-8.34526,-0.0546877
C8Dy8Re4,62,oP20,0.0,metal,16.6611,10.6687,333.222,384.971,141.835,1.91543,56.2996,55.4007,5.89855,2.8102e-05,155.741,158.269,20,3,-7.85497,
C8Er8Re4,62,oP20,0.0,metal,16.222,11.1523,324.44,386.007,142.204,1.89437,56.2375,55.3642,6.14303,2.76579e-05,160.448,162.979,20,3,-7.86761,
C8Gd4Mo4,62,oP16,0.0,metal,13.4949,8.52771,215.918,485.93,192.869,1.95177,42.9631,42.2992,7.97902,2.67094e-05,196.492,199.576,16,3,-10.2665,
C8Na4,212,cP12,0.0,metal,8.18604,3.17878,98.2325,918.857,401.41,2.12375,23.9767,23.3578,10.5093,4.18866e-05,160.249,164.495,12,2,-5.45615,1.1292
C8Na8,142,tI32,3.3749,insulator-indirect,17.9976,1.61467,287.962,470.01,186.52,1.79366,44.4449,42.7313,2.427,7.37731e-05,48.7024,50.6555,16,2,-5.04706,0.220799
C8Pu4W4,62,oP16,0.0,metal,12.8979,14.546,206.366,436.922,173.424,2.03715,43.9994,43.3177,8.4832,2.56158e-05,229.637,233.251,16,3,-10.993,
C8Re4Y8,62,oP20,0.0,metal,16.7822,7.67891,335.644,445.926,164.308,1.89156,54.7682,53.9303,6.85355,2.7276e-05,152.773,155.146,20,3,-8.59801,
C8Si4,205,cP12,0.0,metal,9.14829,3.15274,109.779,955.103,417.135,1.9281,23.0099,22.6764,16.662,2.55302e-05,210.796,213.896,12,2,-7.10844,0.846365
C8Si8,186,hP16,1.776,insulator-indirect,10.4938,3.17244,167.901,1111.89,441.297,1.85157,26.4206,26.141,28.6541,1.93539e-05,201.168,203.319,16,2,-7.53017,-0.208136
C8U4W4,62,oP16,0.0,metal,14.9615,12.3724,239.384,325.881,129.373,2.58214,46.7848,45.3685,2.18577,3.92645e-05,173.991,179.422,16,3,-9.1728,
C8W4Y4,62,oP16,0.0,metal,13.2261,9.31517,211.617,509.075,201.997,1.94578,42.3979,41.7997,9.81682,2.44213e-05,215.923,219.012,16,3,-9.13208,
Ca1,225,cF4,0.0,metal,42.1657,1.5784,42.1657,208.968,209.0,1.22539,3.01965,2.9309,9.44272,7.8413e-05,15.3294,15.7935,1,1,-2.00106,1.3e-05
Ca10H2Sn6,140,tI36,0.0,metal,28.1388,3.65535,506.498,274.9,104.932,1.93013,54.3444,51.9041,1.56658,7.97498e-05,33.9462,35.5423,18,3,-3.40184,
Ca10In4Sb12,55,oP26,0.1613,insulator-indirect,31.0842,4.769,808.188,227.034,76.6246,2.01269,79.1639,75.9132,0.936596,6.96704e-05,37.2833,38.8799,26,3,-3.831,
Ca10Sb6,193,hP16,0.0,metal,31.2059,3.76244,499.295,277.088,109.928,1.93135,47.9703,46.0959,2.04281,6.91331e-05,35.3093,36.7451,16,2,-3.78815,-1.07898
Ca12Hg4,62,oP16,0.0,metal,35.5674,3.74466,569.078,164.066,65.0834,1.91867,50.1757,47.3471,0.509638,0.000100301,22.0112,23.3262,16,2,-1.88331,-0.3073
Ca16Hg36,215,cP52,0.0,metal,26.5185,9.468,1378.96,118.935,31.882,2.6565,175.558,154.983,0.0749358,0.000156837,26.6233,30.1577,52,2,-1.2292,-0.405223
Ca1Cd1,221,cP2,0.0,metal,28.2629,4.47965,56.5258,221.139,175.408,2.02707,6.23332,5.85284,3.93396,0.000105595,26.3571,28.0705,2,2,-1.56325,
Ca1Cd2P2,164,hP5,0.9244,insulator-direct,22.6157,4.79971,113.078,316.88,185.383,2.0902,14.815,14.2261,4.67025,6.51635e-05,54.6171,56.878,5,3,-3.32279,
Ca1Cs1F3,221,cP5,6.9061,insulator-indirect,19.2258,3.9727,96.129,304.758,178.365,2.22504,15.4292,14.3103,2.42221,0.000114448,39.2555,42.3248,5,3,-5.17362,-3.4872
Ca1Cs1H3,221,cP5,3.1266,insulator-direct,19.5477,2.99032,97.7387,291.091,170.178,1.77658,15.7795,14.3816,2.662,0.000178911,19.1601,21.0225,5,3,-2.9904,-0.387886
Ca1F2,225,cF12,7.1318,insulator-indirect,13.9499,3.09798,41.8497,451.298,312.706,2.13814,8.52402,8.09368,6.11937,8.18752e-05,68.152,71.7757,3,2,-5.85944,-3.95273
Ca1F2,123,tP3,5.136,insulator-indirect,14.1427,3.05575,42.4281,445.095,308.546,2.16129,8.56609,8.1159,5.76855,8.45439e-05,65.9611,69.6199,3,2,-5.61879,-3.71208
Ca1F3K1,221,cP5,6.1381,insulator-indirect,18.0147,2.51041,90.0736,379.245,221.641,2.15465,14.9402,13.9338,2.89107,0.000110267,40.6244,43.5587,5,3,-5.19449,-3.45926
Ca1F3Rb1,221,cP5,6.3968,insulator-indirect,18.4372,3.28814,92.1858,336.794,197.079,2.18197,15.2125,14.1552,2.66995,0.000112344,40.156,43.1552,5,3,-5.18593,-3.47753
Ca1F6Pb1,225,cF32,3.4395,insulator-direct,20.809,3.60363,166.472,316.92,158.5,2.37875,24.1672,22.7835,1.72865,8.35141e-05,53.2155,56.4473,8,3,-4.83386,-2.72599
Ca1F6Sn1,225,cF32,4.8292,insulator-direct,19.8649,2.85006,158.919,388.893,194.5,2.16078,23.1418,22.1655,2.92353,6.67023e-05,61.9883,64.7184,8,3,-5.09716,
Ca1Ga2,191,hP3,0.0,metal,23.106,4.30129,69.318,317.922,220.489,2.20365,9.06236,8.54173,5.45889,8.99117e-05,41.1316,43.6387,3,2,-2.74741,
Ca1Ge2Ir2,139,tI10,0.0,metal,18.1579,10.4198,90.7894,345.984,202.342,2.27881,14.424,14.0718,8.1076,3.62426e-05,134.266,137.626,5,3,-5.32435,
Ca1Ge2Rh2,139,tI10,0.0,metal,18.1723,7.14702,90.8615,371.107,216.962,2.25808,14.3385,13.936,7.01438,4.22958e-05,111.927,115.16,5,3,-4.60314,
Ca1Ge2Ru2,139,tI10,0.0,metal,18.3437,7.01379,91.7183,362.94,212.284,2.16369,14.3176,13.9774,7.15949,3.72241e-05,121.262,124.213,5,3,-5.03641,
Ca1H3Rb1,221,cP5,3.259,insulator-direct,18.4539,2.31385,92.2695,337.865,197.664,1.72715,15.5367,14.1648,3.18739,0.000180695,19.4755,21.3617,5,3,-3.00521,-0.380712
Ca1Hg1,221,cP2,0.0,metal,27.5044,7.26505,55.0089,188.052,149.216,2.2565,6.33596,5.89482,2.97862,0.000108538,30.2639,32.5287,2,2,-1.70712,-0.556169
Ca1In1,221,cP2,0.0,metal,28.8019,4.46529,57.6038,218.115,173.027,2.0502,6.21298,5.85571,3.74338,9.71153e-05,29.227,31.0103,2,2,-2.76359,
Ca1Ir1Si3,107,tI10,0.0,metal,17.3657,6.05395,86.8284,352.12,205.851,2.08284,14.4016,14.0362,5.68846,4.13135e-05,111.73,114.639,5,3,-5.51769,
Ca1Mn1O3,221,cP5,0.0,metal,11.0406,4.30202,55.2029,644.521,376.613,2.73997,12.7562,12.0811,7.54051,6.75868e-05,119.33,125.998,5,3,-6.85,-1.6604
Ca1Mn7O12,148,hR20,0.0,half-metal,10.5738,4.84192,211.477,565.957,208.516,2.99274,53.6838,50.7626,1.77403,6.32935e-05,155.104,164.03,20,3,-7.38909,
Ca1N2,139,tI6,0.0,metal,13.0692,2.88393,39.2076,609.891,422.95,1.99469,7.60583,7.39862,14.9832,4.66658e-05,109.41,112.475,3,2,-6.72635,-0.513522
Ca1O1,225,cF8,,,14.1677,3.28641,28.3355,621.23,492.888,2.06199,5.04881,4.89704,24.5085,4.99516e-05,96.588,99.5817,2,2,-6.4394,-2.97329
Ca1O1,225,cF8,3.6357,insulator-indirect,14.1732,3.28516,28.3463,619.873,492.094,2.06248,5.05334,4.9012,24.3778,5.00142e-05,96.5742,99.5719,2,2,-6.43946,-2.97335
Ca1O2,139,tI6,2.7622,insulator-indirect,12.5865,3.1698,37.7594,625.799,434.044,2.0111,7.57765,7.32277,16.6962,5.75258e-05,91.0208,94.1889,3,2,-5.85464,-1.90018
Ca1O3Si1,221,cP5,3.4645,insulator-indirect,9.38575,4.11037,46.9287,905.683,529.832,2.07613,10.0434,9.86334,29.3617,2.94016e-05,200.096,203.749,5,3,-7.2463,-2.80265
Ca1O3Sn1,221,cP5,0.6888,insulator-indirect,14.0279,4.8952,70.1394,520.868,304.683,2.27409,13.4032,12.9917,9.29177,4.60319e-05,125.054,129.015,5,3,-5.98838,-1.87045
Ca1O3Ti1,221,cP5,2.3664,insulator-indirect,12.0473,3.74852,60.2364,733.176,428.661,1.99003,11.5432,11.3295,21.6331,3.15829e-05,161.069,164.107,5,3,-7.47031,-2.52368
Ca1O3Zr1,221,cP5,3.2142,insulator-indirect,14.419,4.12971,72.0952,592.162,346.204,2.0278,12.7014,12.4536,15.2909,3.26411e-05,146.32,149.232,5,3,-8.14593,-3.0783
Ca1P2Pd2,139,tI10,0.0,metal,16.8392,6.20914,84.1959,347.983,203.512,2.33127,14.5954,14.0708,4.24899,5.26384e-05,100.823,104.583,5,3,-4.48642,
Ca1P2Rh2,139,tI10,0.0,metal,15.7091,6.50806,78.5455,444.831,260.238,2.43541,13.9522,13.5073,7.72269,4.45769e-05,128.184,132.406,5,3,-5.12135,
Ca1P2Ru2,139,tI10,0.0,metal,16.2342,6.22244,81.1712,561.996,328.66,2.18936,12.9544,12.6891,19.5328,3.17169e-05,147.502,150.587,5,3,-5.82446,
Ca1Pb1,123,tP2,0.0,metal,30.4194,6.74928,60.8388,180.055,142.866,1.96282,6.19922,5.90099,3.75318,8.4705e-05,30.6683,32.2182,2,2,-3.37973,-0.526842
Ca1Pd1,221,cP2,0.0,metal,21.9559,5.53919,43.9118,237.996,188.901,2.05432,6.1093,5.82634,4.19746,7.7291e-05,47.8573,50.1815,2,2,-3.05153,
Ca1Pd2Si2,139,tI10,0.0,metal,17.5998,5.83179,87.9989,329.07,192.4,2.23553,14.6367,14.161,3.91309,4.95459e-05,99.0037,102.329,5,3,-4.41109,
Ca1Pd5,191,hP6,0.0,metal,18.3528,8.62687,110.117,278.141,152.989,2.44367,17.9831,17.2826,2.70005,5.45457e-05,95.5539,99.4265,6,2,-2.90485,
Ca1Pt1Si3,107,tI10,0.0,metal,17.706,5.99141,88.5301,337.88,197.664,2.14767,14.5515,14.1161,4.78953,4.7249e-05,99.4061,102.472,5,3,-5.02468,
Ca1Pt5,191,hP6,0.0,metal,18.251,15.3994,109.506,264.032,145.285,2.4887,17.7977,17.3408,3.9238,3.49309e-05,155.08,159.166,6,2,-3.85337,
Ca1Rh2Si2,139,tI10,0.0,metal,16.731,5.99587,83.6552,478.11,279.536,2.15162,13.5939,13.2821,12.5234,3.61412e-05,129.177,132.21,5,3,-5.13836,
Ca1S1,225,cF8,2.381,insulator-indirect,23.3449,2.56569,46.6897,436.099,346.053,1.93521,5.6097,5.42394,14.7572,5.85449e-05,52.2683,54.0585,2,2,-5.21916,-2.15544
Ca1Se1,225,cF8,2.0759,insulator-indirect,26.5169,3.72725,53.0339,319.078,253.19,1.9176,5.8982,5.68603,10.1306,6.4106e-05,43.8285,45.4639,2,2,-4.77333,-2.03146
Ca1Se1,216,cF8,3.165,insulator-indirect,35.8604,2.75611,71.7208,145.983,115.88,1.84591,6.17014,5.93329,1.16375,7.07036e-05,29.7441,30.9314,2,2,-4.51491,-1.77304
Ca1Si2Zn2,139,tI10,0.0,metal,18.108,4.16346,90.5402,380.02,222.225,2.00405,14.4847,13.9003,5.68212,6.90316e-05,60.5433,63.0886,5,3,-3.05085,
Ca1Sn3,221,cP4,0.0,metal,28.1647,5.83907,112.659,220.895,139.221,2.14344,12.2991,11.7002,2.81985,7.82751e-05,39.0351,41.0335,4,2,-3.6757,
Ca1Te1,225,cF8,1.5517,insulator-indirect,32.7066,4.25662,65.4132,236.901,188.107,1.88525,6.05081,5.82446,6.50572,6.76989e-05,33.9655,35.2854,2,2,-4.22347,-1.65223
Ca1Tl1,221,cP2,0.0,metal,29.6936,6.83513,59.3871,161.058,127.786,2.18895,6.377,5.92319,2.08259,0.000113091,26.481,28.5099,2,2,-2.62856,-0.446649
Ca1Tl3,221,cP4,0.0,metal,29.0903,9.32139,116.361,109.012,68.6657,2.40676,13.1314,11.9322,0.4396,0.000135512,24.6631,27.142,4,2,-2.5111,-0.238781
Ca24N16,206,cI80,1.1141,insulator-indirect,18.8858,2.60704,755.433,448.876,131.288,1.90284,111.386,107.853,1.73153,5.68792e-05,65.1199,67.2533,40,2,-5.3277,-0.799578
Ca24N16,206,cI80,1.1167,insulator-indirect,18.8733,2.60877,754.934,448.143,130.996,1.90342,111.399,107.868,1.71879,5.68649e-05,65.1239,67.2559,40,2,-5.32769,-0.799568
Ca24N16,206,cI80,1.1118,insulator-indirect,18.8855,2.60709,755.418,449.134,131.288,1.90284,111.344,107.818,1.73152,5.68139e-05,65.13,67.2598,40,2,-5.32771,-0.799583
Ca24N16,206,cI80,1.1156,insulator-indirect,18.8868,2.6069,755.473,448.909,131.288,1.90392,111.362,107.83,1.7293,5.68651e-05,65.1259,67.2587,40,2,-5.32768,-0.799561
Ca24N16,206,cI80,1.1076,insulator-indirect,18.8985,2.60529,755.94,450.076,131.581,1.9015,111.316,107.792,1.74598,5.67985e-05,65.1105,67.2389,40,2,-5.3277,-0.799575
Ca2Cl4,136,tP6,5.3526,insulator-direct,29.1074,2.11054,174.644,263.089,144.734,2.07626,18.4524,17.3713,1.47214,9.77924e-05,28.7864,30.5779,6,2,-4.29499,-2.4365
Ca2Cu2F8,140,tI24,2.6729,insulator-direct_spin-polarized,13.0031,3.82301,156.037,450.297,196.556,2.18135,34.0903,32.3879,2.58803,7.92352e-05,77.2284,81.2879,12,3,-4.8072,
Ca2F4,26,oP6,6.236,insulator-indirect,14.7297,2.93397,88.3785,422.227,232.236,2.1248,17.3035,16.4021,3.24777,8.50671e-05,62.9132,66.3707,6,2,-5.67694,-3.77023
Ca2F8Pd2,140,tI24,2.2216,insulator-indirect,14.1229,4.35967,169.474,399.249,174.279,2.28979,34.9658,33.1337,2.06097,7.9295e-05,76.9351,81.1892,12,3,-4.71624,
Ca2Ga4,194,hP6,0.0,metal,21.3022,4.6655,127.813,341.195,187.66,2.2556,18.1104,16.9524,3.93579,9.84375e-05,40.8836,43.6764,6,2,-2.78475,
Ca2Ga4P4,194,hP10,0.2093,insulator-indirect,21.3452,3.7575,213.452,412.07,191.233,2.06407,28.5025,27.4268,4.80333,6.25339e-05,57.6946,59.9575,10,3,-4.21388,
Ca2Ge2N4,122,tI16,2.6159,insulator-direct,13.5206,4.31952,108.165,506.109,253.0,2.09556,21.5322,20.9485,6.24277,4.4058e-05,125.311,128.803,8,3,-6.41332,-0.627773
Ca2Ge2Zn2,194,hP6,0.0,metal,21.9263,4.49475,131.558,355.209,195.364,2.08522,17.6978,16.855,5.24124,7.83218e-05,46.6224,48.9537,6,3,-2.85191,
Ca2Ge4,186,hP6,0.0,metal,23.9216,4.28666,143.53,316.014,173.902,2.01357,17.7991,17.0792,4.27108,6.89993e-05,47.0387,49.0214,6,2,-4.15563,-0.486121
Ca2H4,194,hP6,0.6341,insulator-indirect,11.0817,2.10263,66.4899,542.68,298.824,1.69846,16.3656,15.4366,5.5968,0.000117108,44.1209,46.7762,6,2,-3.42614,-0.501553
Ca2H6Ru1,225,cF36,3.054,insulator-indirect,10.2817,3.36069,92.5351,603.763,290.373,1.85923,23.2834,22.3025,6.93015,7.85061e-05,75.9682,79.3093,9,3,-3.98139,
Ca2Hg2Sn2,186,hP6,0.0,metal,27.475,7.2397,164.85,190.062,104.561,2.39357,18.9064,17.6751,1.29272,9.44978e-05,37.2618,39.8576,6,3,-2.52885,
Ca2Hg6,194,hP8,0.0,metal,25.6056,10.4061,204.845,116.996,58.5,2.76718,27.5078,23.8524,0.23846,0.000172161,26.3733,30.415,8,2,-1.11666,-0.39077
Ca2In4,194,hP6,0.0,metal,27.6195,5.40537,165.717,242.162,133.178,2.30998,18.713,17.4722,2.17208,9.97452e-05,33.4513,35.8268,6,2,-2.82876,
Ca2In4O8,141,tI28,2.1275,insulator-direct,14.5915,5.42539,204.281,372.018,154.348,2.1217,40.2066,39.0162,2.30697,4.74923e-05,116.714,120.275,14,3,-5.92087,-2.03973
Ca2In4P4,194,hP10,0.4839,insulator-indirect,25.1962,4.37167,251.962,321.945,149.459,2.1134,29.6129,28.4073,3.1537,6.58255e-05,49.6848,51.7934,10,3,-4.21137,
Ca2In4Pd2,63,oS16,0.0,metal,23.2616,6.71239,186.092,237.08,118.5,2.44825,24.7313,23.318,1.46322,8.0109e-05,53.1205,56.3401,8,3,-3.09633,
Ca2In8Pd2,63,oS24,0.0,metal,24.1079,6.95408,289.295,210.132,91.7259,2.46789,37.5774,35.2036,0.831256,8.84445e-05,46.6333,49.7778,12,3,-2.95208,
Ca2In8Rh2,51,oP12,0.0,metal,23.3671,7.13314,280.406,257.019,112.255,2.44479,36.6755,34.7893,1.52823,7.20555e-05,58.0262,61.1722,12,3,-3.15157,
Ca2Ir2Sn4,63,oS16,0.0,metal,23.1176,8.43428,184.941,251.939,126.0,2.3624,24.0783,23.2096,2.36425,5.19838e-05,78.8104,81.7601,8,3,-4.39172,
Ca2Ir4,227,cF24,0.0,metal,17.8964,13.1298,107.379,290.063,159.593,2.25135,17.5899,17.2057,5.36014,3.27106e-05,152.254,155.654,6,2,-5.16288,
Ca2N2Ni2,131,tP6,0.0,half-metal,14.9603,4.17261,89.7617,476.917,262.503,1.82748,16.3509,15.9463,9.45342,4.5622e-05,97.1992,99.6652,6,3,-4.80865,
Ca2N2Zn1,139,tI10,0.6862,insulator-indirect,16.1979,3.55838,80.9897,467.901,273.688,1.97536,13.7984,13.3583,8.05313,5.51527e-05,80.6,83.2553,5,3,-4.97005,-0.588984
Ca2Ni4,227,cF24,0.0,metal,15.3595,5.67441,92.1571,323.766,178.304,2.36942,18.3287,17.0583,2.38519,0.000100229,60.031,64.5017,6,2,-2.14331,
Ca2O2,194,hP4,3.1113,insulator-direct,16.7798,2.77483,67.1192,445.101,280.332,1.99004,11.1643,10.8047,6.46607,5.53125e-05,78.8966,81.5229,4,2,-6.37436,-2.90825
Ca2O6Pt2,63,oS20,1.6237,insulator-indirect,11.8207,7.95575,118.207,468.161,217.226,2.25328,27.4696,26.7051,5.58614,4.20628e-05,165.727,170.471,10,3,-5.72213,
Ca2O6Si2,127,tP10,3.5468,insulator-indirect,9.39088,4.10812,93.9088,882.199,409.388,2.08098,20.5183,20.139,16.9549,3.02333e-05,199.248,203.0,10,3,-7.24665,-2.803
Ca2O6Ti2,140,tI20,2.7874,insulator-indirect,11.7435,3.84548,117.435,754.127,349.976,2.00344,22.7278,22.3074,14.4852,3.13561e-05,164.676,167.779,10,3,-7.52306,-2.57643
Ca2O8Pd6,223,cP16,0.0,metal,12.4357,7.06505,198.971,377.853,150.009,2.32809,46.0508,44.4988,1.90335,4.94437e-05,144.418,149.455,16,3,-4.99227,-0.258325
Ca2O8Tl4,63,oS28,0.046,insulator-indirect,14.4301,8.43032,202.022,307.898,127.793,2.36614,41.7387,39.9581,1.58178,6.17286e-05,104.267,108.913,14,3,-5.12587,-1.34714
Ca2Pb2Zn2,194,hP6,0.0,metal,26.171,6.61271,157.026,213.136,117.218,2.20202,18.7943,17.5908,1.86408,0.000101648,33.2905,35.5682,6,3,-2.39327,
Ca2Pd2Sn4,63,oS16,0.0,metal,24.3154,6.55361,194.523,214.98,107.5,2.304,24.5547,23.4316,1.29084,6.80024e-05,56.0633,58.7506,8,3,-3.66455,
Ca2Pd4,227,cF24,0.0,metal,19.1036,7.32701,114.622,262.055,144.184,2.33137,18.1216,17.3659,2.24617,6.10216e-05,78.5898,82.0098,6,2,-3.13321,
Ca2Pt4,227,cF24,0.0,metal,18.8591,12.6281,113.155,268.01,147.486,2.37442,17.84,17.326,3.89337,4.11737e-05,121.345,124.945,6,2,-4.00279,
Ca2Rh4,227,cF24,0.0,metal,17.9808,7.5694,107.885,307.068,168.949,2.28598,17.726,17.1268,3.58797,5.02273e-05,98.4557,101.9,6,2,-3.73227,
Ca2Si1,225,cF12,0.5518,insulator-indirect,30.63,1.9561,91.89,332.093,230.196,1.85914,8.82946,8.49227,5.93538,6.99776e-05,33.61,34.9445,3,2,-3.59162,-0.449662
Ca2Si2,63,oS8,0.0,metal,23.7815,2.37983,95.1259,456.968,287.892,1.97818,11.1374,10.7472,9.69596,6.05289e-05,50.3239,52.1508,4,2,-4.2531,-0.540702
Ca2Si4,141,tI12,0.0,metal,20.6636,2.57827,123.982,464.78,255.899,2.19829,16.8051,16.0681,5.56924,6.87157e-05,56.3743,58.9603,6,2,-4.6486,-0.365754
Ca2Sn2Zn2,186,hP6,0.0,metal,24.3587,5.09347,146.152,288.929,159.043,2.1553,18.2359,17.2411,3.43171,8.72119e-05,39.7771,42.0722,6,3,-2.56033,
Ca2Sn2Zn2,194,hP6,0.0,metal,25.2889,4.9061,151.733,275.163,151.338,2.15828,18.2978,17.3096,2.98148,8.59189e-05,39.3247,41.5697,6,3,-2.53512,
Ca2Zn2,63,oS8,0.0,metal,26.7685,3.27102,107.074,210.068,132.292,1.9149,12.4533,11.7317,1.62682,0.000104057,27.4652,29.1546,4,2,-1.41282,
Ca2Zn26,226,cF112,0.0,metal,15.7113,6.71909,439.915,320.176,105.381,2.34213,86.1449,79.7474,1.02746,0.000110215,52.3512,56.5509,28,2,-0.694196,
Ca3Cd3Ge3,189,hP9,0.0,metal,23.5862,5.28212,212.275,291.858,140.379,2.16529,27.2774,25.831,2.65361,8.44001e-05,42.6188,45.0053,9,3,-2.81642,
Ca3Cd3Pb3,189,hP9,0.0,metal,28.5571,6.97175,257.014,179.031,86.0542,2.13749,28.1581,26.5627,1.07169,9.22939e-05,32.2099,34.1444,9,3,-2.4431,
Ca3Cd3Sn3,189,hP9,0.0,metal,27.2713,5.50402,245.441,221.031,106.246,2.16816,27.8714,26.3338,1.45146,8.74313e-05,36.35,38.4725,9,3,-2.56648,
Ca3Cl3P1,221,cP7,1.8418,insulator-direct,26.6446,2.2932,186.512,366.846,191.852,1.97156,20.4917,19.5702,3.90016,7.85429e-05,35.8825,37.5721,7,3,-4.43499,-2.05085
Ca3Ga4Ni4,217,cI22,0.0,metal,18.1452,5.27411,199.597,298.019,133.994,2.11012,32.8168,31.4919,1.83861,6.55509e-05,68.7837,71.6773,11,3,-2.60664,
Ca3Ge1N1,221,cP5,0.0,metal,22.3939,3.06744,111.97,384.982,225.149,1.94906,14.4032,13.8682,6.13272,6.52627e-05,50.3849,52.3289,5,3,-4.50546,-0.740333
Ca3Ge1O1,221,cP5,0.0,metal,21.2515,3.26348,106.258,444.061,259.653,2.02049,14.077,13.5223,8.64534,6.69477e-05,52.1035,54.2409,5,3,-4.66037,-1.57275
Ca3Hg1,221,cP4,0.0,metal,33.2307,4.00798,132.923,149.943,94.4941,1.69042,12.5608,11.8629,1.26658,0.000111806,18.7105,19.8113,4,2,-1.76928,-0.193269
Ca3Ir4Si4,217,cI22,0.0,metal,18.6449,8.10834,205.094,311.024,139.839,2.08083,32.0049,31.3268,3.41592,3.44015e-05,127.074,129.825,11,3,-5.61917,
Ca3Ir6P6,154,hP15,0.4808,insulator-indirect,17.942,9.00456,269.13,311.937,126.51,2.20139,43.6377,42.7058,2.61806,3.27831e-05,146.577,149.776,15,3,-5.92998,
Ca3N1P1,221,cP5,0.8052,insulator-direct,21.1062,2.59976,105.531,519.033,303.513,1.9328,13.4282,13.0049,11.9917,5.58191e-05,57.9498,59.8359,5,3,-4.97096,-1.04175
Ca3N1Pb1,221,cP5,0.0,metal,42.0696,2.69547,210.348,163.942,95.9078,2.03597,15.9678,14.8,0.877301,0.000125359,15.6096,16.8414,5,3,-2.79306,0.812265
Ca3N1Sb1,221,cP5,0.0,metal,38.2292,2.22391,191.146,213.909,125.148,1.89312,15.3954,14.6482,1.65547,8.77388e-05,22.7797,23.9418,5,3,-3.10546,0.536785
Ca3N1Sn1,221,cP5,0.0,metal,41.3266,2.03264,206.633,200.097,116.961,1.93333,15.6712,14.6982,1.31022,0.000111334,16.9109,18.0303,5,3,-2.87969,
Ca3N1Tl1,221,cP5,0.0,metal,24.3065,4.62664,121.532,297.081,173.687,1.9816,14.9527,14.32,4.5628,7.36876e-05,43.0233,44.9243,5,3,-3.97971,-0.642782
Ca3O12S3,180,hP18,5.6793,insulator-direct,15.1954,2.4795,273.517,674.113,257.179,2.08715,43.6306,42.5553,5.81437,4.02591e-05,109.368,112.131,18,3,-6.52902,-2.22035
Ca3O1Pb1,221,cP5,0.0,metal,23.263,4.90302,116.315,334.014,195.324,2.03197,14.7825,14.1457,6.14242,7.28692e-05,46.3297,48.4151,5,3,-4.49329,-1.56547
Ca3O1Sn1,221,cP5,0.0,metal,22.9032,3.69661,114.516,393.863,230.413,1.98994,14.3716,13.8203,7.7961,6.61022e-05,49.5713,51.5487,5,3,-4.57653,
Ca3Pb3Pd3,189,hP9,0.0,metal,24.0993,8.12335,216.893,196.048,94.227,2.32521,27.9356,26.4709,1.08459,7.78195e-05,50.0646,52.835,9,3,-3.43903,
Ca3Tl1,225,cF16,0.0,metal,33.4662,4.02666,133.865,157.015,98.9038,1.95819,12.7754,11.8526,1.06871,0.000128609,18.5035,19.9441,4,2,-2.26865,-0.177156
Ca4Cd8,194,hP12,0.0,metal,25.6002,5.72752,307.203,216.015,94.3467,2.33492,38.0619,35.1707,0.914112,0.000113114,32.1246,34.7653,12,2,-1.2765,
Ca4Cd8,194,hP12,0.0,metal,25.5455,5.73978,306.546,216.078,94.3467,2.32469,38.0458,35.1698,0.922849,0.000112877,32.0923,34.7166,12,2,-1.27695,
Ca4Cl8,60,oP12,5.5921,insulator-indirect,28.4676,2.15797,341.611,268.137,117.06,2.08821,36.8426,34.6919,0.960523,9.7209e-05,29.7128,31.5548,12,2,-4.29443,-2.43593
Ca4Ga4Ge4,194,hP12,0.0,metal,22.4966,4.48801,269.959,310.984,135.842,2.12962,36.0721,34.2368,2.19223,8.22989e-05,44.5365,46.924,12,3,-3.50166,
Ca4Ge4Mg4,62,oP12,0.0,metal,23.4774,3.22938,281.729,384.887,168.164,1.94753,34.7598,33.3057,3.84284,7.3685e-05,42.4932,44.3483,12,3,-3.27666,-0.577236
Ca4Ge4Ni6,51,oP14,0.0,metal,18.2498,5.21772,255.497,358.008,148.539,1.87681,40.4149,39.2357,3.49629,5.29937e-05,73.2013,75.4013,14,3,-3.24135,
Ca4Ge8Li4,62,oP16,0.0,metal,21.2334,3.75774,339.734,334.131,132.548,1.96482,47.6271,45.2825,2.06813,8.63779e-05,41.1414,43.2716,16,3,-3.74537,-0.516988
Ca4H8,62,oP12,3.0227,insulator-indirect,11.7919,1.97598,141.503,568.812,248.534,1.72196,32.2694,30.4105,4.00777,0.0001173,41.4672,44.002,12,2,-3.48216,-0.557573
Ca4I2N2,194,hP8,2.3546,insulator-indirect,23.1454,3.96512,185.163,335.049,167.5,2.00344,23.568,22.6233,3.75076,6.84352e-05,48.996,51.042,8,3,-4.64295,-1.1834
Ca4In4Pt4,62,oP12,0.0,metal,22.665,8.54729,271.98,206.992,90.4156,2.2498,36.6378,35.2024,1.09828,5.91724e-05,67.9185,70.6879,12,3,-3.60477,
Ca4In4Rh4,62,oP12,0.0,metal,21.9189,6.5103,263.027,234.041,102.209,2.13775,36.277,34.9733,1.29388,5.72996e-05,67.6422,70.1637,12,3,-3.43348,
Ca4Li4N4,62,oP12,1.3777,insulator-direct,14.4498,2.33772,173.398,543.681,237.614,1.91469,32.1089,30.8043,4.27239,7.31936e-05,62.7007,65.3563,12,3,-4.7318,-0.656863
Ca4Li4Si8,62,oP16,0.0,metal,20.0948,2.13183,321.517,502.231,199.219,1.91815,43.7271,42.0301,3.90049,6.95379e-05,48.8852,50.8591,16,3,-4.09875,-0.410356
Ca4Mg4Si4,62,oP12,0.0,metal,22.9122,2.2339,274.946,477.053,208.349,1.89477,33.093,31.9167,5.19726,6.4277e-05,46.4195,48.1304,12,3,-3.44875,-0.44266
Ca4Mg8,194,hP12,0.0,metal,28.2012,1.74074,338.415,336.047,146.762,1.78738,35.6535,33.9411,2.122,9.21253e-05,26.4908,27.8273,12,2,-1.85373,-0.124389
Ca4Mg8,194,hP12,0.0,metal,28.2088,1.74028,338.505,336.085,146.762,1.78843,35.6451,33.9358,2.11926,9.20308e-05,26.499,27.8338,12,2,-1.85376,-0.12442
Ca4Mn4O12,62,oP20,0.3866,insulator-direct,10.9218,4.34883,218.435,647.179,238.357,2.62572,50.5426,48.1917,3.30019,6.16546e-05,126.6,132.775,20,3,-6.93377,-1.74417
Ca4Mn4O12,194,hP20,0.8874,insulator-indirect_spin-polarized,11.5763,4.10294,231.526,576.016,212.2,2.32855,52.2381,50.3867,3.07098,5.21717e-05,132.1,136.953,20,3,-6.84597,-1.65637
Ca4N8O24,205,cP36,3.6739,insulator-direct,12.8607,2.35409,462.987,894.648,271.054,2.0932,73.3733,71.6113,6.49476,3.93043e-05,110.267,112.98,36,3,-6.43182,-1.07345
Ca4Nb4O14,227,cF88,1.7677,insulator-direct,13.2962,4.29127,292.516,705.0,251.602,2.03167,51.7565,50.871,8.92748,2.85335e-05,168.478,171.41,22,3,-8.01925,
Ca4O12Rh4,62,oP20,0.2367,insulator-indirect,11.7505,5.39781,235.011,529.806,195.254,2.22486,53.1771,51.6928,3.53915,4.28294e-05,155.527,159.993,20,3,-5.91972,
Ca4O12Ru4,62,oP20,0.0,half-metal,11.8181,5.31536,236.363,543.934,200.411,2.15204,52.5795,51.2756,4.07978,3.9249e-05,162.183,166.307,20,3,-6.46746,-1.25429
Ca4O12Si4,204,cI40,3.5628,insulator-indirect,9.41137,4.09918,188.227,805.022,296.565,2.07686,43.752,42.8924,8.14339,3.22035e-05,199.147,203.139,20,3,-7.24647,-2.80282
Ca4O12Si4,62,oP20,3.6913,insulator-direct,9.39936,4.10442,187.987,756.838,278.881,2.07278,45.4534,44.5256,6.79762,3.35071e-05,198.667,202.806,20,3,-7.24922,-2.80557
Ca4O12Tc4,62,oP20,0.7858,insulator-direct_spin-polarized,12.1922,5.09335,243.843,584.842,215.516,2.25517,51.3535,50.0549,4.57881,3.82335e-05,165.032,169.313,20,3,-7.05778,
Ca4O12Ti4,62,oP20,2.8956,insulator-direct,11.6692,3.86998,233.383,737.007,271.513,2.01302,46.063,45.1928,8.4113,3.1872e-05,165.84,169.034,20,3,-7.54682,-2.60019
Ca4O12Zr4,62,oP20,3.8224,insulator-direct,13.3179,4.47117,266.357,624.899,230.252,2.02325,49.7754,48.8186,6.98271,3.2217e-05,156.786,159.859,20,3,-8.33836,-3.27073
Ca4O14Ta4,227,cF88,2.4623,insulator-direct,13.3857,6.24837,294.485,603.043,215.2,2.01917,55.4063,54.4519,8.30922,2.88566e-05,176.735,179.833,22,3,-8.43551,
Ca4O8Pb2,55,oP14,1.4857,insulator-indirect,14.2929,5.83151,200.1,413.107,171.359,2.18196,39.7953,38.3828,3.10819,5.55944e-05,102.893,106.68,14,3,-6.08947,-2.17069
Ca4O8Sn2,55,oP14,2.457,insulator-indirect,13.7239,4.54336,192.135,513.812,213.265,2.16232,37.6645,36.5218,4.51284,4.79204e-05,116.757,120.41,14,3,-6.32628,-2.39459
Ca4Pb4Sr4,62,oP12,0.2792,insulator-indirect,36.3851,5.09471,436.621,185.988,81.243,1.95995,37.2345,35.3665,1.20689,8.76941e-05,24.7963,26.1061,12,3,-3.05519,-0.592083
Ca4Pt4Si4,198,cP12,0.0,metal,21.432,6.79898,257.184,230.98,100.899,2.09075,35.9957,34.9912,1.32018,4.51654e-05,86.8022,89.2941,12,3,-4.6711,
Ca4Pt4Sn4,62,oP12,0.0,metal,23.0982,8.47974,277.178,205.974,89.9788,2.30003,36.5614,35.2019,1.0489,5.51063e-05,73.0411,75.8619,12,3,-4.00025,
Ca4Pt8,194,hP12,0.0,metal,18.9477,12.569,227.373,230.018,100.462,2.37662,36.0662,34.9986,1.54825,4.23428e-05,118.678,122.298,12,2,-3.94966,
Ca4S12Zr4,62,oP20,1.1903,insulator-direct,22.5514,3.35003,451.029,415.891,153.256,1.93959,56.0466,54.698,3.40849,4.2076e-05,76.6042,78.4928,20,3,-6.32316,-1.7384
Ca4Sb2,139,tI12,0.0,metal,31.9195,3.50131,191.517,278.944,153.54,1.76551,17.9028,17.2746,4.68827,6.74655e-05,32.3771,33.5547,6,2,-3.59626,-0.965772
Ca4Si12,139,tI32,0.0,metal,18.5932,2.77609,297.492,535.135,212.315,2.02815,42.6869,41.261,4.90322,5.64719e-05,67.6615,69.9999,16,2,-4.74973,-0.18166
Ca4Sn4Sr4,62,oP12,0.3417,insulator-indirect,35.5466,3.83666,426.559,225.991,98.7146,1.90382,36.6367,35.0505,1.68181,7.77083e-05,27.6413,28.8922,12,3,-3.17188,
Ca5P8,12,mS26,1.1395,insulator-indirect,22.6735,2.52493,294.756,482.164,204.99,1.97733,35.5944,34.4864,5.15397,5.37439e-05,58.6707,60.5558,13,2,-5.00545,-0.959409
Ca6Co8Sn26,223,cP40,0.0,metal,22.9765,6.86193,919.062,211.064,61.6968,2.25956,122.67,117.257,0.422065,6.65953e-05,59.7257,62.4825,40,3,-3.46454,
Ca6Cr2N6,63,oS28,0.4398,insulator-indirect,15.8463,3.20742,221.848,557.167,231.107,1.95809,36.5632,35.6385,6.09239,4.39273e-05,97.609,100.142,14,3,-6.22411,-0.425725
Ca6Ga10,63,oS32,0.0,metal,22.6119,4.30452,361.791,311.903,123.817,2.1847,48.5575,45.6503,1.6712,9.46475e-05,39.5408,42.0589,16,2,-2.76261,
Ca6Ge26Ir8,223,cP40,0.0,metal,18.6462,8.16097,745.848,313.949,91.8142,2.29663,117.81,113.877,1.21055,4.94739e-05,96.9587,100.307,40,3,-4.87746,
Ca6Ge26Rh8,223,cP40,0.0,metal,18.6113,6.5825,744.453,310.09,90.6445,2.25459,118.399,114.081,0.97593,5.51152e-05,85.7453,88.9906,40,3,-4.47645,
Ca6H4Pb2,63,oS24,0.0763,insulator-direct,22.5236,4.04815,270.284,283.823,124.048,1.87024,36.572,34.5319,2.00057,0.000103342,31.2503,33.0965,12,3,-3.33818,-0.591408
Ca6Hg4,127,tP10,0.0,metal,30.9224,5.60008,309.224,159.023,73.8013,2.09133,31.6387,29.6217,0.653701,0.000104694,26.4597,28.2614,10,2,-1.79401,-0.473036
Ca6Ir8Sn26,223,cP40,0.0,metal,24.3358,8.29762,973.431,204.973,59.9424,2.36513,121.906,117.37,0.457234,5.35859e-05,73.4341,76.272,40,3,-4.30641,
Ca6N6V2,63,oS28,1.1093,insulator-indirect,16.2086,3.12031,226.92,564.892,234.426,1.90525,36.2828,35.4568,6.7652,4.06219e-05,99.8211,102.146,14,3,-6.41765,-0.692751
Ca6P6,189,hP12,0.3378,insulator-indirect,24.2233,2.43541,290.68,421.911,184.325,1.89215,33.8007,32.7464,4.2295,5.63007e-05,51.5675,53.2278,12,2,-4.79857,-1.13597
Ca6Rh8Sn26,223,cP40,0.0,metal,24.311,7.08597,972.44,207.091,60.5272,2.35187,122.405,117.339,0.406853,6.00366e-05,65.0683,67.8773,40,3,-3.96543,
Ca7Cl2H12,174,hP21,3.7073,insulator-indirect,13.1559,2.18517,276.275,520.565,188.842,1.79296,58.1386,54.706,2.4712,0.000115495,40.7536,43.3107,21,3,-3.60782,-0.835529
Ca7Ge1,225,cF32,0.0,metal,36.4609,2.01044,291.687,199.941,100.0,1.55078,24.5877,23.5061,1.29657,9.60737e-05,17.9496,18.7755,8,2,-2.3249,-0.0109979
Ca8Cl12O2,186,hP22,5.2274,insulator-indirect,22.7402,2.58258,500.285,310.904,110.991,2.04314,66.0651,62.7544,0.931659,8.46995e-05,41.278,43.4557,22,3,-4.68675,-2.53596
Ca8Ge4,62,oP12,0.3218,insulator-direct,28.0964,3.00925,337.157,286.011,124.922,1.8563,35.9782,34.4833,2.06919,7.65231e-05,33.8062,35.2717,12,2,-3.45546,-0.620167
Ca8H4N4,227,cF64,1.6384,insulator-indirect,16.1743,2.44278,258.789,562.883,223.427,1.8937,42.1021,40.6148,4.85686,6.4065e-05,62.7228,65.0196,16,3,-4.72334,-0.796537
Ca8Pb4,62,oP12,0.0263,insulator-indirect,33.1393,4.79967,397.671,191.002,83.4269,1.95002,37.1427,35.3242,1.09935,8.62256e-05,27.3913,28.8013,12,2,-3.12852,-0.559572
Ca8Si4,62,oP12,0.3029,insulator-direct,27.6795,2.16461,332.154,356.869,155.934,1.80854,34.9321,33.6575,3.00097,6.88115e-05,36.4332,37.8129,12,2,-3.60499,-0.463034
Ca8Sn4,62,oP12,0.0931,insulator-direct,32.3766,3.39955,388.52,244.043,106.577,1.87812,36.4219,34.8961,1.70693,7.60889e-05,30.4084,31.738,12,2,-3.24799,
Cd1Cl3Cs1,221,cP5,1.9268,insulator-indirect,29.9751,3.89636,149.876,198.87,116.376,2.29894,16.062,14.7095,1.10986,0.000128017,24.2393,26.4681,5,3,-2.86693,
Cd1Cl8Na6,225,cF60,4.2261,insulator-direct,24.3264,2.42996,364.897,276.783,112.318,2.2514,48.3826,43.3551,0.712819,0.000167688,21.2321,23.6942,15,3,-3.22356,
Cd1Cs1F3,221,cP5,3.5625,insulator-indirect,18.8332,5.331,94.1659,258.108,150.879,2.39252,15.7175,14.5083,1.63207,0.000113326,44.3103,48.0032,5,3,-3.88523,
Cd1Cu1Sb1,216,cF12,0.0,metal,23.7744,6.93117,71.3231,92.9731,64.4826,2.29336,9.52298,8.96062,0.208748,8.88731e-05,44.1577,46.929,3,3,-2.15452,
Cd1Cu2Zr1,225,cF16,0.0,metal,16.4783,8.33184,65.913,309.954,195.288,2.24921,11.8287,11.4063,4.91248,5.41972e-05,97.7147,101.334,4,3,-3.47741,
Cd1Cu4Er1,216,cF24,0.0,metal,15.4614,9.55589,92.7686,271.968,149.687,2.28667,18.1595,17.3189,2.58204,6.9506e-05,82.8437,86.8649,6,3,-2.53469,
Cd1Cu4Yb1,216,cF24,0.0,metal,15.9008,9.39245,95.4047,177.052,97.4069,2.31151,18.8933,17.7175,0.709588,9.27693e-05,62.6906,66.851,6,3,-1.87077,
Cd1Dy1,221,cP2,0.0,metal,26.1952,8.7134,52.3905,181.943,144.453,1.90966,6.09289,5.89532,4.36636,5.76282e-05,50.8374,52.5411,2,2,-2.81564,
Cd1Dy1Ni4,216,cF24,0.0,metal,14.3043,9.861,85.8257,294.965,162.345,2.4354,18.0587,17.1992,2.66903,6.68077e-05,99.7035,104.686,6,3,-2.49739,
Cd1Er1,221,cP2,0.0,metal,25.5488,9.08854,51.0977,184.048,146.041,2.10596,6.1388,5.89505,3.68017,6.35743e-05,52.7421,54.9229,2,2,-2.79148,
Cd1Er1Ni4,216,cF24,0.0,metal,14.1313,10.0749,84.7877,308.001,169.499,2.41087,17.9444,17.1273,3.1229,6.46406e-05,102.406,107.291,6,3,-2.49754,
Cd1F2,225,cF12,3.0542,insulator-indirect,13.6653,6.09225,40.9958,294.189,203.848,2.29657,9.09189,8.60713,2.76298,8.00679e-05,82.4913,87.1373,3,2,-3.65955,
Cd1F3K1,221,cP5,3.397,insulator-indirect,17.6917,3.91402,88.4586,292.249,170.763,2.30592,15.5054,14.3669,1.73222,0.000111363,46.0139,49.6604,5,3,-3.91127,
Cd1F3Rb1,221,cP5,3.4652,insulator-indirect,18.0782,4.68218,90.391,270.178,157.897,2.33811,15.6395,14.4605,1.63605,0.000113022,45.2262,48.9136,5,3,-3.90108,
Cd1Gd1,221,cP2,0.0,metal,26.9922,8.29464,53.9844,182.045,144.453,2.00617,6.12453,5.89679,3.88838,6.3095e-05,47.2992,49.1259,2,2,-7.48284,
Cd1Hf2,139,tI6,0.0,metal,21.9727,11.8244,65.918,211.969,146.993,1.88856,8.96473,8.78542,5.77528,3.56456e-05,97.0736,99.0548,3,2,-6.8306,
Cd1Hg2Ti1,123,tP4,0.0,metal,21.668,10.7575,86.672,162.171,102.054,2.94792,13.2441,11.8515,0.727401,0.000127036,43.8573,49.0108,4,3,-1.53168,
Cd1Ho1,221,cP2,0.0,metal,25.8897,8.89417,51.7794,189.969,150.803,1.99577,6.1045,5.88703,4.53629,6.00757e-05,52.0525,53.9753,2,2,-2.80128,
Cd1Ho1Ni4,216,cF24,0.0,metal,14.2768,9.92713,85.6606,298.162,163.996,2.4157,18.0227,17.1854,2.8081,6.56302e-05,101.226,106.158,6,3,-2.49549,
Cd1In2Se4,82,tI14,1.0365,insulator-direct,30.0446,5.19444,210.312,238.049,124.416,2.20609,21.3766,20.3912,2.212,7.14036e-05,41.15,43.1387,7,3,-3.40547,
Cd1La1,221,cP2,0.0,metal,30.7204,6.79223,61.4407,171.057,135.723,2.01224,6.152,5.90872,3.11887,6.70651e-05,39.2134,40.8279,2,2,-2.92078,
Cd1Li2Pb1,216,cF16,0.0,metal,21.3417,6.48701,85.367,153.856,97.0139,2.093,13.0461,11.8627,0.775195,0.000153456,25.6593,28.219,4,3,-2.23018,
Cd1Li2Sb1,225,cF16,0.0,metal,19.613,5.25015,78.4519,172.966,108.983,2.01533,12.8894,11.8248,0.863144,0.000142115,29.361,32.0042,4,3,-2.50188,
Cd1N1,216,cF8,0.0,metal,17.0563,6.15373,34.1126,186.109,147.628,2.23036,6.16672,5.89408,1.32338,7.25197e-05,68.1263,71.2776,2,2,-3.29953,
Cd1N1,225,cF8,0.0,metal,13.4364,7.81161,26.8728,323.002,256.365,2.33579,5.9311,5.68002,5.80048,6.23346e-05,108.203,112.986,2,2,-3.38661,
Cd1N1Ni3,221,cP5,0.0,metal,11.199,8.9703,55.9949,388.971,227.489,2.37204,14.3497,13.8457,4.80128,5.05673e-05,157.341,163.069,5,3,-3.10839,
Cd1Na2Pb1,216,cF16,0.0,metal,26.2128,5.78987,104.851,145.061,91.3443,2.14857,13.2898,11.8813,0.718605,0.000177036,18.5012,20.6944,4,3,-1.85548,
Cd1Ni4Sc1,216,cF24,0.0,metal,13.6057,7.97632,81.6342,368.812,203.069,2.43579,17.5461,16.76,3.95563,6.30855e-05,107.442,112.482,6,3,-2.5666,
Cd1Ni4Tb1,216,cF24,0.0,metal,14.3806,9.73988,86.2836,296.977,163.445,2.45063,18.0647,17.1892,2.67373,6.76344e-05,98.4873,103.504,6,3,-2.49736,
Cd1Ni4Y1,216,cF24,0.0,metal,14.3788,8.39341,86.2726,314.893,173.351,2.46971,17.9853,17.0926,2.70393,6.87176e-05,97.2103,102.287,6,3,-2.79475,
Cd1O1,225,cF8,0.0,metal,13.5277,7.88122,27.0553,334.049,265.096,2.27237,5.87818,5.65693,6.92665,5.66534e-05,114.945,119.44,2,2,-3.79804,-0.87935
Cd1O1,225,cF8,,,13.6756,7.79596,27.3512,325.864,258.746,2.28432,5.89516,5.67227,6.38925,5.66786e-05,114.472,118.97,2,2,-3.95633,-1.03764
Cd1O6Pt3,65,oS20,0.5795,insulator-indirect,12.1253,10.8692,121.253,377.132,174.988,2.3447,28.5854,27.8071,3.78171,3.94568e-05,187.203,192.442,10,3,-4.85624,
Cd1O6Sb2,162,hP9,1.4565,insulator-indirect,13.3974,6.22351,120.576,461.915,222.106,2.34658,24.8449,24.1038,4.88431,4.34165e-05,147.452,151.986,9,3,-5.67192,-1.41951
Cd1P1Pd5,123,tP7,0.0,metal,15.6624,10.2293,109.636,271.038,141.667,2.57365,21.0003,20.2064,1.9373,5.00162e-05,129.314,134.394,7,3,-3.21586,
Cd1P1Pt5,123,tP7,0.0,metal,15.8477,16.7476,110.934,243.065,127.03,2.54168,20.8978,20.3477,2.37478,3.50646e-05,183.213,188.166,7,3,-3.81151,
Cd1Pd1,123,tP2,0.0,metal,17.2704,10.5192,34.5409,235.847,187.313,2.62733,6.13468,5.82892,3.31255,6.51194e-05,92.6778,97.5393,2,2,-2.00708,
Cd1Pt1,123,tP2,0.0,metal,17.3471,14.7176,34.6941,233.929,185.726,2.57915,6.04845,5.82923,4.70489,4.78712e-05,124.608,129.294,2,2,-2.40092,
Cd1Pt2Zn1,123,tP4,0.0,metal,15.5616,15.1517,62.2463,255.039,160.64,2.48952,11.9894,11.594,3.68847,4.50777e-05,141.034,145.845,4,3,-2.59386,
Cd1S1,216,cF8,1.1886,insulator-direct,25.8583,4.63871,51.7166,206.899,164.296,2.13709,6.13299,5.86742,2.63546,6.92196e-05,47.7194,49.8793,2,2,-2.95904,
Cd1S1,225,cF8,0.4119,insulator-indirect,20.5714,5.83086,41.1429,282.884,224.617,2.22838,6.00981,5.7534,5.70308,6.56121e-05,64.5614,67.4387,2,2,-2.83653,
Cd1Sc1,221,cP2,0.0,metal,22.8638,5.71455,45.7276,251.0,199.219,2.07094,6.02861,5.80433,5.25896,6.12912e-05,58.3551,60.6099,2,2,-3.07253,
Cd1Se1,216,cF8,0.64,insulator-direct,29.5291,5.38075,59.0582,173.035,137.31,2.1834,6.20762,5.90834,2.03323,7.54453e-05,39.5457,41.5488,2,2,-2.62151,
Cd1Se1,225,cF8,0.0,metal,23.4402,6.77846,46.8805,226.885,180.17,2.27351,6.13752,5.84207,3.89621,7.25625e-05,53.3086,56.0046,2,2,-2.48287,
Cd1Sr1,221,cP2,0.0,metal,33.4208,4.96933,66.8415,177.099,140.485,2.0066,6.38384,5.90692,2.86209,0.000126688,19.3706,20.9346,2,2,-1.37967,
Cd1Tb1,221,cP2,0.0,metal,26.4958,8.50254,52.9916,179.921,142.866,1.94401,6.104,5.89778,4.02585,5.91575e-05,49.7514,51.491,2,2,-2.83175,
Cd1Te1,225,cF8,0.0,metal,28.4865,6.99536,56.9729,172.935,137.31,2.31831,6.25157,5.90865,2.21241,8.13395e-05,40.3725,42.7156,2,2,-2.09775,
Cd1Te1,216,cF8,0.7092,insulator-direct,35.9608,5.5414,71.9215,150.063,119.055,2.22595,6.26641,5.9313,1.70177,8.23452e-05,30.4692,32.1907,2,2,-2.27311,
Cd1Y1,221,cP2,0.0,metal,26.3596,6.34102,52.7191,217.994,173.027,2.04026,6.07681,5.85253,4.77278,6.11505e-05,50.8158,52.7631,2,2,-3.7823,
Cd1Yb1,221,cP2,0.0,metal,28.4334,8.33528,56.8668,161.964,128.579,2.22425,6.47559,5.92384,2.37308,0.000133961,23.4624,25.6477,2,2,-1.09671,
Cd1Zr2,139,tI6,0.0,metal,22.4801,7.25991,67.4403,257.014,178.194,1.78474,8.86524,8.68598,7.37794,3.82535e-05,82.1078,83.8024,3,2,-5.95036,
Cd24N16,206,cI80,0.0,metal,16.5429,7.33245,661.718,278.975,81.5801,2.2682,120.226,115.2,0.66735,6.30749e-05,86.0131,89.7655,40,2,-3.09979,
Cd24P16,206,cI80,0.1326,insulator-direct,24.1184,5.49664,964.735,231.008,67.5448,2.21554,122.642,116.725,0.495852,7.46262e-05,48.8939,51.3724,40,2,-2.49118,
Cd26Cs2,226,cF112,0.0,metal,25.0181,7.55823,700.506,180.282,59.277,3.41361,127.215,83.0656,0.171012,0.000409025,15.5582,23.8272,28,2,-0.525984,
Cd26K2,226,cF112,0.0,metal,24.5208,7.25776,686.581,191.029,62.8995,3.19314,124.357,82.8161,0.220073,0.000411991,14.9125,22.3927,28,2,-0.543737,
Cd2Cr4S8,227,cF56,1.0666,insulator-indirect,20.1404,4.05931,281.965,332.011,137.751,2.10598,41.0432,39.6149,1.91918,5.62927e-05,71.7412,74.3277,14,3,-5.29145,
Cd2Cr4Se8,227,cF56,0.3466,insulator-indirect,23.5437,5.36274,329.611,244.101,101.239,2.19268,42.5265,40.7148,1.13475,6.61687e-05,56.2173,58.7188,14,3,-4.79459,
Cd2Cu2F8,140,tI24,2.6212,insulator-indirect_spin-polarized,12.6938,5.49315,152.325,361.128,157.681,2.25246,35.4375,33.6313,1.73266,7.82009e-05,86.1591,90.7863,12,3,-3.69289,
Cd2Dy1,191,hP3,0.0,metal,24.4178,8.77993,73.2535,207.089,143.526,2.16001,9.21365,8.80055,3.45044,7.09973e-05,49.5437,51.8692,3,2,-2.11566,
Cd2Dy4Ge4,127,tP10,0.0,metal,22.4729,8.60959,224.729,273.114,126.715,2.05693,29.7634,28.8328,3.44634,5.17455e-05,69.6848,71.934,10,3,-4.45429,
Cd2Dy4S8,227,cF56,1.1225,insulator-direct,25.6898,5.22321,359.658,242.053,100.409,1.94433,41.8537,40.7031,1.57065,4.79473e-05,62.888,64.6657,14,3,-5.41722,
Cd2Dy4Se8,227,cF56,0.619,insulator-direct,29.3113,6.09615,410.358,191.001,79.2484,1.9652,42.4767,41.1948,1.04931,5.20177e-05,52.1562,53.7792,14,3,-4.89637,
Cd2Dy4Te8,227,cF56,0.0,metal,36.0325,6.2399,504.455,150.037,62.237,1.96782,42.8888,41.4998,0.683127,5.58039e-05,39.8649,41.1991,14,3,-4.29598,
Cd2Er1,191,hP3,0.0,metal,24.049,9.02414,72.147,208.124,144.219,2.18581,9.21712,8.79928,3.43563,7.12506e-05,50.5337,52.9334,3,2,-2.08642,
Cd2Er4Ge4,127,tP10,0.0,metal,21.9778,8.94741,219.778,269.963,125.323,2.05652,29.8026,28.8627,3.36541,5.2109e-05,70.9255,73.2352,10,3,-4.41545,
Cd2Er4S8,227,cF56,1.1836,insulator-direct,25.2048,5.41332,352.868,244.009,101.239,1.93162,41.83,40.6904,1.64969,4.77215e-05,64.1416,65.9381,14,3,-5.41414,
Cd2Er4Se8,227,cF56,0.6677,insulator-direct,28.7804,6.28706,402.926,190.928,79.2484,1.96242,42.4634,41.1903,1.05954,5.1856e-05,53.0618,54.7019,14,3,-4.88401,
Cd2Ga4O8,227,cF56,1.7656,insulator-indirect,11.7939,6.35358,165.115,426.849,177.168,2.14527,39.2548,38.1211,3.00631,4.58394e-05,147.307,151.688,14,3,-5.29546,-1.51919
Cd2Ge2Sr1,139,tI10,0.0,metal,24.6917,6.15508,123.458,147.006,85.9661,2.17327,15.7254,14.8368,0.614525,8.91168e-05,40.3827,42.8015,5,3,-2.63097,
Cd2Ge4Tb4,127,tP10,0.0,metal,22.7001,8.41885,227.001,271.953,126.251,2.05974,29.774,28.8407,3.36995,5.1823e-05,68.8599,71.0883,10,3,-4.47436,
Cd2Hf2,129,tP4,0.0,metal,21.7358,11.1119,86.9431,216.03,136.071,1.97892,12.0146,11.7035,4.22505,4.42886e-05,82.1634,84.3471,4,2,-5.26781,
Cd2Ho1,191,hP3,0.0,metal,24.1902,8.91814,72.5707,209.051,144.913,2.18784,9.21881,8.79875,3.46744,7.13704e-05,50.2083,52.6053,3,2,-2.10021,
Cd2Ho4S8,227,cF56,1.153,insulator-direct,25.4539,5.31693,356.354,241.91,100.409,1.94148,41.8517,40.7043,1.58386,4.78912e-05,63.5054,65.2956,14,3,-5.4146,
Cd2Ho4Se8,227,cF56,0.6415,insulator-direct,28.9952,6.20238,405.932,191.011,79.2484,1.95926,42.474,41.1974,1.05971,5.19089e-05,52.6515,54.2829,14,3,-4.88906,
Cd2In4O8,141,tI28,1.0847,insulator-indirect,14.3012,6.73527,200.217,363.076,150.614,2.18534,40.3943,39.1611,2.42846,4.75404e-05,123.288,127.171,14,3,-5.17498,-1.45025
Cd2In4O8,227,cF56,1.0826,insulator-indirect,14.3128,6.72983,200.379,364.131,151.028,2.1853,40.3699,39.1403,2.44862,4.74569e-05,123.377,127.253,14,3,-5.17502,-1.45029
Cd2In4S8,227,cF56,1.1997,insulator-indirect,23.6583,4.71556,331.216,256.066,106.218,2.21366,42.2673,40.5808,1.13508,6.13615e-05,60.8339,63.362,14,3,-3.80474,
Cd2In4Se8,227,cF56,0.183,insulator-indirect,27.4117,5.69335,383.764,191.902,79.6633,2.27732,43.2078,41.2005,0.66152,6.98088e-05,48.1421,50.4875,14,3,-3.37494,
Cd2La1,191,hP3,0.0,metal,27.3283,7.36696,81.985,188.991,131.045,2.11367,9.24963,8.83481,2.68293,7.29969e-05,42.0674,44.0425,3,2,-2.22023,
Cd2La1,191,hP3,0.0,metal,27.45,7.3343,82.3501,188.934,131.045,2.13398,9.2599,8.83561,2.62684,7.39228e-05,41.9874,44.0036,3,2,-2.22718,
Cd2La2Tl2,194,hP6,0.0,metal,28.9544,8.71122,173.726,180.909,99.6081,2.43256,18.7753,17.7015,1.39371,8.08158e-05,42.1687,44.7266,6,3,-2.87174,
Cd2La4Rh4,127,tP10,0.0,metal,23.9062,8.28015,239.062,190.0,88.1902,2.00302,30.2659,29.4266,1.28679,4.69706e-05,71.3995,73.4359,10,3,-4.15862,
Cd2Lu4S8,227,cF56,1.2837,insulator-direct,24.6067,5.6935,344.494,250.053,103.728,1.86302,41.714,40.6223,1.94935,4.74749e-05,64.2096,65.9351,14,3,-5.43292,
Cd2Mg2,51,oP4,0.0,metal,21.3883,5.30713,85.553,223.034,140.481,2.34725,12.7952,11.7084,1.51293,0.000127619,33.8209,36.9601,4,2,-1.10471,
Cd2Mn4O8,141,tI28,0.6967,insulator-indirect,12.5785,5.39908,176.099,428.959,177.998,2.29446,39.5302,38.1055,2.43845,5.36567e-05,126.821,131.563,14,3,-6.50245,
Cd2N2,194,hP4,0.0,half-metal,14.1731,7.4056,56.6922,228.041,143.631,1.82277,12.0056,11.673,2.237,5.24894e-05,96.2218,98.9635,4,2,-3.29548,
Cd2O2,186,hP4,0.0,metal,16.9552,6.28799,67.821,229.956,144.891,2.18795,12.1468,11.6707,1.66417,6.11897e-05,84.5194,87.9671,4,2,-3.78289,-0.864205
Cd2O8Rh4,227,cF56,1.8886,insulator-indirect,12.6207,7.1842,176.69,376.089,156.007,2.25027,40.0484,38.9541,2.28708,4.12486e-05,164.802,169.432,14,3,-5.14331,-0.0987392
Cd2P4Sn2,122,tI16,0.1366,insulator-direct,26.6025,4.57305,212.82,267.935,134.0,2.22984,24.1436,23.1151,2.11472,6.53751e-05,50.5896,52.8405,8,3,-3.79744,
Cd2S2,186,hP4,1.2626,insulator-direct,25.8711,4.63641,103.484,210.898,132.922,2.13572,12.2531,11.724,1.7601,6.91411e-05,47.6189,49.7682,4,2,-2.9607,
Cd2S8Sc4,227,cF56,1.2756,insulator-direct,23.164,3.38525,324.296,318.942,132.357,1.93284,40.9046,39.7829,2.05915,4.81118e-05,67.4581,69.3602,14,3,-5.49352,
Cd2S8Y4,227,cF56,1.1465,insulator-direct,25.7612,3.85337,360.657,280.013,116.176,1.94406,41.4164,40.2768,1.80276,4.79905e-05,61.9729,63.7263,14,3,-5.95305,
Cd2Sb4Sn2,122,tI16,0.0,metal,36.5066,5.39692,292.053,177.959,89.0,2.24267,24.8662,23.6107,1.0997,7.72975e-05,32.1904,33.9021,8,3,-3.1334,
Cd2Sc4Se8,227,cF56,0.7749,insulator-direct,26.6662,4.60952,373.327,234.953,97.5046,1.96371,42.08,40.7853,1.30609,5.31636e-05,55.3153,57.0713,14,3,-4.95928,
Cd2Se2,186,hP4,0.69,insulator-direct,29.544,5.37804,118.176,172.046,108.353,2.18231,12.413,11.817,1.25962,7.53915e-05,39.4026,41.3899,4,2,-2.62079,
Cd2Se8Y4,227,cF56,0.6463,insulator-direct,29.4084,4.88875,411.717,213.047,88.3765,1.9645,42.2825,41.0,1.17313,5.23243e-05,51.4178,53.0261,14,3,-5.4381,
Cd2Se8Yb4,227,cF56,0.0,metal,29.5921,6.20727,414.29,128.952,53.5238,2.09304,43.7933,41.6407,0.29051,8.02522e-05,36.2042,38.0757,14,3,-3.43518,
Cd2Tb1,191,hP3,0.0,metal,24.6034,8.63327,73.8103,204.944,142.139,2.1331,9.21194,8.80599,3.42244,7.04338e-05,49.0303,51.2906,3,2,-2.13274,
Cd2Te2,63,oS8,0.0,metal,28.5525,6.97918,114.21,159.086,100.164,2.3254,12.5397,11.8463,1.07363,8.16359e-05,40.5404,42.9134,4,2,-2.09506,
Cd2Te2,186,hP4,0.744,insulator-direct,35.9788,5.53862,143.915,150.056,94.4941,2.2181,12.5335,11.8633,1.0799,8.24794e-05,30.3375,32.0515,4,2,-2.26964,
Cd2Y1,191,hP3,0.0,metal,24.6197,7.05336,73.8591,233.917,162.247,2.17547,9.15294,8.74591,3.98638,7.01861e-05,49.6006,51.9089,3,2,-2.75808,
Cd33La3,221,cP36,0.0,metal,23.3987,8.13413,842.352,196.061,59.3593,2.62653,115.955,105.964,0.321074,0.000114192,39.5231,43.2496,36,2,-0.957481,
Cd33Na6,200,cP39,0.0,metal,24.1952,6.77067,943.611,177.894,52.4886,2.82858,142.154,115.399,0.168069,0.000243166,20.8432,25.6755,39,2,-0.657627,
Cd33Th3,221,cP36,0.0,metal,23.1196,8.78972,832.307,202.837,61.4792,2.60818,114.281,105.777,0.384384,9.86688e-05,46.0232,49.7233,36,2,-1.02834,
Cd3Cu3Dy3,189,hP9,0.0,metal,21.1382,8.86262,190.244,218.88,105.284,2.13535,27.4471,26.3273,1.67027,6.52631e-05,61.8993,64.5319,9,3,-2.6908,
Cd3Dy3Ga3,189,hP9,0.0,metal,22.398,8.51714,201.582,271.915,130.764,2.13274,27.0087,25.9689,3.33026,6.16698e-05,60.9017,63.3403,9,3,-2.98564,
Cd3Er3Ga3,189,hP9,0.0,metal,22.0057,8.7887,198.051,274.864,132.206,2.14989,27.002,25.9458,3.409,6.21704e-05,61.9428,64.4645,9,3,-2.95499,
Cd3I6,156,hP9,2.3815,insulator-indirect,38.8143,5.22248,349.329,153.041,73.5547,2.32923,28.742,26.6871,0.625531,0.000106153,23.0787,24.8558,9,2,-1.77481,
Cd3In1,221,cP4,0.0,metal,23.5159,7.98022,94.0635,99.844,62.9961,3.10098,15.109,11.9515,0.127784,0.00025692,21.4706,27.143,4,2,-0.960461,
Cd3La3Pd3,189,hP9,0.0,metal,24.4354,8.103,219.919,192.962,92.7847,2.18452,27.5044,26.4791,1.20834,5.81197e-05,61.6229,64.0092,9,3,-3.28475,
Cd3Nb1,221,cP4,0.0,metal,19.9624,8.94506,79.8495,272.03,171.349,2.34049,12.0017,11.5426,4.22277,5.57667e-05,82.5351,85.8184,4,2,-2.27809,
Cd3Te3,152,hP6,0.2049,insulator-indirect,31.9058,6.24568,191.435,161.055,88.6017,2.26069,18.8042,17.7635,0.939184,8.39767e-05,34.1833,36.1859,6,2,-2.16644,
Cd3Y1,225,cF16,0.0,metal,23.1774,7.63261,92.7096,211.134,132.922,2.3329,12.437,11.7301,2.06976,8.35495e-05,48.2643,51.1729,4,2,-2.20579,
Cd3Zr1,123,tP4,0.0,metal,21.3986,8.31199,85.5943,213.018,134.182,2.3193,12.2509,11.7184,2.11184,6.41961e-05,66.8222,69.8585,4,2,-2.55664,
Cd4Co4Dy16,216,cF96,0.0,metal,25.0149,9.08709,600.357,204.943,71.0695,1.81543,72.4869,70.4068,1.29919,5.34834e-05,54.6995,56.3155,24,3,-3.80594,
Cd4Co4Ho16,216,cF96,0.0,metal,24.6568,9.32817,591.763,196.057,67.9494,1.83306,72.6651,70.5468,1.11991,5.3847e-05,55.6917,57.364,24,3,-3.79626,
Cd4Dy16Rh4,216,cF96,0.0,metal,26.0114,9.20681,624.273,203.048,70.3762,1.85477,72.3286,70.4264,1.28642,4.80366e-05,59.4879,61.0946,24,3,-4.29235,
Cd4Ge4Sr4,62,oP12,0.0,metal,26.3379,5.72935,316.054,239.127,104.393,2.13659,36.9047,34.9506,1.55148,8.55104e-05,37.7168,39.8256,12,3,-2.69516,
Cd4Ho16Rh4,216,cF96,0.0,metal,25.7046,9.42136,616.911,202.93,70.3762,1.89,72.4016,70.4299,1.24315,4.88459e-05,60.4043,62.0953,24,3,-4.28272,
Cd4La16Ru4,216,cF96,0.0,metal,31.0717,6.85042,745.72,181.98,63.0959,1.82096,72.723,70.7356,0.909134,5.0879e-05,46.4847,47.7907,24,3,-4.45047,
Cd4La2Pd2,63,oS16,0.0,metal,23.7276,8.22524,189.821,202.056,101.0,2.30034,24.5576,23.4937,1.30997,6.44418e-05,59.9055,62.6184,8,3,-2.63686,
Cd4Na4Sb4,62,oP12,0.0,metal,27.6998,5.13851,332.398,181.953,79.4958,2.20879,38.0982,35.4071,0.611519,0.000111193,29.0062,31.2108,12,3,-2.30635,
Cd4Nb4O14,227,cF88,1.9621,insulator-indirect,12.1343,6.50184,266.954,435.886,155.601,2.08891,60.9154,59.6213,2.66189,3.44397e-05,185.433,189.458,22,3,-6.68657,
Cd4Nb4O14,227,cF88,2.0818,insulator-indirect,13.1848,5.98381,290.065,554.954,198.07,2.08462,57.1403,56.032,5.67356,3.15246e-05,174.348,177.796,22,3,-6.96768,
Cd4O12Sn4,62,oP20,0.4471,insulator-indirect,13.0463,7.10473,260.927,416.995,153.624,2.3211,56.5423,54.6979,2.37723,4.80278e-05,138.555,143.227,20,3,-5.09004,-1.19108
Cd4O12Ti4,62,oP20,2.6187,insulator-indirect,11.5329,5.99856,230.658,551.972,203.359,2.08799,52.1785,51.0331,4.97296,3.57114e-05,176.345,180.303,20,3,-6.36042,-1.63276
Cd4O12V4,62,oP20,0.4482,insulator-indirect,11.1518,6.29411,223.037,537.872,198.201,2.12647,52.6891,51.4446,4.43936,3.77807e-05,176.993,181.275,20,3,-6.26122,-1.2983
Cd4O14Sb4,227,cF88,0.4798,insulator-indirect,12.9015,6.79017,283.833,489.061,174.516,2.4621,60.1907,58.1583,2.9836,4.69587e-05,146.656,151.781,22,3,-5.36123,-1.35131
Cd4O14Ta4,227,cF88,2.1174,insulator-indirect,13.2847,7.93969,292.263,499.029,178.085,2.06734,58.8812,57.7796,5.6234,3.0619e-05,182.678,186.161,22,3,-7.38325,
Cd4O8,205,cP12,1.4193,insulator-indirect,13.0114,6.14323,156.137,363.137,158.555,2.19089,34.9502,33.5791,2.15515,6.14056e-05,104.712,108.988,12,2,-4.03947,-0.449962
Cd4O8Rb8,60,oP20,1.3563,insulator-indirect,22.2469,4.70755,444.938,215.957,79.5751,2.21737,62.911,58.6005,0.492799,0.000107384,37.3571,40.105,20,3,-3.56908,-1.03043
Cd4O8Si2,227,cF56,1.1565,insulator-direct,12.1418,6.1915,169.985,432.934,179.657,2.16722,39.1009,38.0062,3.10276,4.39864e-05,150.657,154.996,14,3,-5.47771,-1.62617
Cd4O8Sn2,55,oP14,0.3593,insulator-indirect,13.4592,7.18237,188.429,351.156,145.635,2.27363,40.7167,39.3408,1.9816,5.06671e-05,128.585,133.082,14,3,-4.75786,-1.13897
Cd4P8,33,oP12,1.4819,insulator-indirect,23.876,4.0421,286.513,305.957,133.658,2.14393,35.6857,34.2688,2.00221,6.33115e-05,55.2144,57.4975,12,2,-3.88546,
Cd4Pd2Sr2,63,oS16,0.0,metal,24.5401,7.08536,196.32,188.958,94.5,2.36014,25.1293,23.5662,0.915474,9.14725e-05,41.8839,44.662,8,3,-1.81658,
Cd4Rh4Tb16,216,cF96,0.0,metal,26.3263,8.94635,631.832,201.999,70.0295,1.83459,72.3115,70.4439,1.28251,4.77136e-05,58.3995,59.9477,24,3,-4.30339,
Cd4Sb4Tl4,62,oP12,0.0,metal,29.8794,8.12374,358.553,132.096,57.6563,2.3453,38.4311,35.6888,0.358543,0.000105688,30.2395,32.5632,12,3,-2.39667,
Cd4Sr2,74,oI12,0.0,metal,29.612,5.8402,177.672,156.967,86.4004,2.29593,19.3714,17.7834,0.715945,0.000123915,25.3126,27.5728,6,2,-1.18252,
Cd6Er2,63,oS16,0.0,metal,23.3913,8.95338,187.131,197.012,98.5,2.31513,24.9095,23.5292,1.28087,8.21158e-05,48.2843,51.1168,8,2,-1.71393,
Cd6Ho2,63,oS16,0.0,metal,23.5979,8.83403,188.783,197.01,98.5,2.31144,24.8987,23.5292,1.28213,8.16248e-05,48.1701,50.9737,8,2,-1.72611,
Cd6P4,224,cP10,0.0,metal,24.2637,5.46372,242.637,224.006,103.972,2.31015,30.9454,29.2363,1.04351,8.23574e-05,45.9902,48.6788,10,2,-2.31363,
Cd6Sc2,194,hP8,0.0,metal,21.9742,7.22024,175.793,194.006,97.0,2.32281,24.9704,23.5422,0.901495,8.46535e-05,49.9473,52.9773,8,2,-1.80448,
Cd8Yb4,194,hP12,0.0,metal,25.8861,8.50729,310.633,173.891,76.0015,2.35398,38.8334,35.4688,0.70711,0.000127038,29.2982,32.0774,12,2,-0.957404,
Ce1Co1Si3,107,tI10,0.0,metal,15.7555,5.97186,78.7773,481.937,281.875,2.03686,13.5436,13.25,13.2962,3.61223e-05,129.394,132.261,5,3,-5.1934,
Ce1Fe4P12,204,cI34,0.5849,insulator-indirect,13.9306,5.15505,236.82,653.738,254.348,2.2195,41.7556,40.724,8.93987,3.79726e-05,136.169,139.618,17,3,-5.47378,
Ce1Ga1O3,221,cP5,0.0,half-metal,17.5994,4.86582,87.9972,299.928,175.441,2.27813,14.8761,14.306,2.37931,6.1894e-05,75.6034,78.6163,5,3,-6.00631,
Ce1O2,225,cF12,2.4184,insulator-indirect,13.822,6.89265,41.466,449.91,312.013,2.09258,8.23808,8.07565,13.8996,3.18829e-05,174.86,178.377,3,2,-8.01523,
Ce1Os4P12,204,cI34,0.3337,insulator-indirect,15.7221,7.90648,267.276,506.011,196.789,2.18196,45.3428,44.4861,7.71658,2.93019e-05,169.903,173.175,17,3,-6.57224,
Ce1P1,225,cF8,0.0,metal,23.2174,6.11844,46.4347,337.065,267.477,2.15499,5.79088,5.64758,12.7541,3.87688e-05,92.2746,94.6159,2,2,-6.04899,
Ce1P12Ru4,204,cI34,0.3465,insulator-indirect,15.5414,5.75767,264.204,563.912,219.346,2.17659,43.9673,43.0698,7.71232,3.18164e-05,152.278,155.452,17,3,-6.09328,
Ce1Pb3,221,cP4,0.0,metal,29.2174,10.8229,116.87,138.985,87.5645,2.20569,12.3806,11.8789,1.28281,6.30829e-05,48.5454,50.5958,4,2,-3.96541,
Ce1Pt3,221,cP4,0.0,metal,18.0223,16.709,72.0891,254.066,160.01,2.28823,11.8259,11.5891,5.85664,2.95498e-05,170.978,174.473,4,2,-4.59103,
Ce1Rh3,221,cP4,0.0,metal,16.8022,11.0895,67.2089,335.064,211.037,2.29891,11.5494,11.299,8.04648,3.19148e-05,166.076,169.757,4,2,-4.52221,
Ce1Se1,221,cP2,0.0,metal,23.9701,7.58844,47.9402,298.049,236.523,2.09768,5.881,5.72277,11.9189,4.33228e-05,82.6115,84.8956,2,2,-5.11265,
Ce1Se1,225,cF8,0.0,metal,25.0812,7.25227,50.1624,249.912,198.425,2.25981,5.9874,5.80417,6.16872,4.62255e-05,76.6407,79.0601,2,2,-5.21197,
Ce1Te1,225,cF8,0.0,metal,30.6562,7.25072,61.3125,183.987,146.041,2.03675,6.0514,5.89303,4.01069,4.38235e-05,60.9785,62.6173,2,2,-4.56187,
Ce1Te1,221,cP2,0.0,metal,27.239,8.16035,54.478,269.932,214.299,2.12821,5.94064,5.77141,11.0807,4.52469e-05,68.7881,70.805,2,2,-4.53889,
Ce1Tl3,221,cP4,0.0,metal,27.4639,11.3856,109.856,148.013,93.2342,2.47198,12.5671,11.8663,1.17159,7.79412e-05,47.1567,49.9417,4,2,-2.88539,
Ce1Zn1,221,cP2,0.0,metal,22.9486,7.43491,45.8971,229.074,181.757,1.92162,6.02984,5.83572,6.13501,5.68115e-05,58.8622,60.8203,2,2,-2.23822,
Ce2,225,cF4,0.0,metal,28.9143,8.04704,57.8287,182.146,182.0,2.69085,3.16395,2.95175,3.50088,0.000102102,30.6058,32.8061,2,1,-3.68379,
Ce2Co2Si4,63,oS16,0.0,metal,16.3144,6.49442,130.515,441.897,221.0,2.15325,22.1362,21.6171,7.56027,3.69086e-05,132.386,135.565,8,3,-5.09209,
Ce2Ge6V2,194,hP10,0.0,metal,18.7633,7.23627,187.633,369.069,171.275,2.06319,28.6085,27.8913,5.58928,4.1242e-05,101.375,103.981,10,3,-5.17015,
Ce2Ir4,227,cF24,0.0,metal,18.17,15.9797,109.02,345.955,190.411,2.21069,17.1399,16.8726,11.7621,2.37736e-05,197.91,201.046,6,2,-5.97298,
Ce2N2Se1,164,hP5,1.0594,insulator-direct,18.9956,6.76982,94.9779,387.042,226.319,2.02409,14.1136,13.8396,10.1317,3.242e-05,124.805,127.275,5,3,-7.17124,
Ce2Ni12P7,174,hP21,0.0,metal,12.3781,7.67431,259.941,432.849,156.945,2.26892,58.6091,57.0098,2.73303,4.09322e-05,164.808,169.431,21,3,-4.04415,
Ce2O4,136,tP6,2.4966,insulator-indirect,16.3876,5.81356,98.3253,398.992,219.578,2.05283,16.8666,16.5303,6.72636,3.27931e-05,144.47,147.409,6,2,-7.87525,
Ce2O8Si2,141,tI24,2.0285,insulator-indirect,13.0862,4.91079,157.035,540.919,236.304,2.05868,31.4108,30.815,6.57371,3.11783e-05,177.084,180.507,12,3,-7.95701,
Ce2O8V2,141,tI24,2.4075,insulator-indirect,15.5164,4.54933,186.197,442.07,193.061,1.9751,33.0955,32.4294,4.55947,3.44796e-05,136.48,139.283,12,3,-8.17348,
Ce2Os4,227,cF24,0.0,metal,18.5157,15.5606,111.094,158.013,86.9508,2.10484,18.0035,17.7556,1.24337,2.20027e-05,210.259,213.194,6,2,-6.80728,
Ce2Pd21Si6,225,cF116,0.0,metal,15.7615,9.74765,457.083,269.015,87.5561,2.39387,86.2703,83.7185,0.822396,4.20172e-05,142.822,147.175,29,3,-4.02021,
Ce2Pd2Sb4,129,tP8,0.0,metal,23.8688,8.5226,190.951,258.032,129.0,2.32772,23.938,23.1641,2.76457,4.7313e-05,81.9536,84.6914,8,3,-4.4807,
Ce2Rh2,63,oS8,0.0,metal,21.865,9.22829,87.4601,190.001,119.692,2.13538,12.0518,11.7702,2.03371,3.68658e-05,107.698,110.275,4,2,-4.59087,
Ce3Ga3Ni3,189,hP9,0.0,metal,18.1034,8.21086,162.93,272.913,131.245,2.13074,26.7575,25.9494,2.45038,4.81971e-05,95.9073,98.8938,9,3,-3.25947,
Ce4Ge4Ir4,62,oP12,0.0,metal,19.5443,11.468,234.531,251.945,110.071,2.16906,35.5251,34.7907,2.35879,3.21241e-05,138.108,141.024,12,3,-5.61388,
Ce4In2Pt4,127,tP10,0.0,metal,22.975,11.3508,229.75,216.962,100.722,2.2637,30.0409,29.2577,1.90286,3.88831e-05,102.585,105.332,10,3,-4.41859,
Ce4O12Sr4,62,oP20,2.9297,insulator-direct,16.4815,5.55621,329.631,417.876,153.993,2.05806,55.9793,54.6491,3.31914,3.91637e-05,119.258,122.161,20,3,-7.23974,
Ce4O28P8,205,cP40,2.2386,insulator-indirect,17.7423,2.93938,709.694,486.916,142.4,2.0497,107.863,105.757,1.94692,3.2178e-05,129.986,132.573,40,3,-7.55696,
Ce4Os8,194,hP12,0.0,metal,18.5203,15.5567,222.244,187.008,81.6798,2.1001,35.8048,35.3182,1.30507,2.17708e-05,210.747,213.651,12,2,-6.82267,
Ce4Os8,194,hP12,0.0,metal,18.5264,15.5516,222.317,183.977,80.3694,2.09935,35.8251,35.3386,1.24431,2.17688e-05,210.672,213.572,12,2,-6.8227,
Ce4Rh12Si1,229,cI34,0.0,metal,16.898,10.5403,287.266,275.027,106.951,2.17905,50.0164,48.961,1.82451,3.27819e-05,154.889,158.228,17,3,-4.7291,
Ce6S8,220,cI28,0.0,metal,21.3829,6.08613,299.36,305.051,126.549,2.22863,41.3294,39.9802,2.13326,5.00631e-05,81.1684,83.9076,14,2,-5.78496,
Cl10Cs2Pb4,140,tI32,3.8332,insulator-indirect,32.6393,4.60786,522.228,190.934,75.7984,2.21794,50.9157,47.1296,0.644584,0.000116657,23.6713,25.5729,16,3,-3.57993,-1.43019
Cl16Hg12O4,198,cP32,1.4772,insulator-indirect,27.2634,5.783,872.43,193.023,60.7912,2.37984,100.885,94.2137,0.354789,9.61864e-05,36.9031,39.5163,32,3,-2.18207,-0.559262
Cl16Hg12O4,198,cP32,1.4816,insulator-indirect,27.2676,5.78211,872.563,185.137,58.2713,2.37965,101.034,94.3558,0.312538,9.62425e-05,36.8862,39.4969,32,3,-2.18197,-0.559166
Cl16Hg12O4,198,cP32,1.4766,insulator-indirect,27.2815,5.77917,873.008,181.028,57.0114,2.37251,101.107,94.4311,0.294549,9.61616e-05,36.9567,39.5693,32,3,-2.18216,-0.559358
Cl1Cs1,225,cF8,4.8357,insulator-indirect,44.2244,3.16077,88.4487,117.014,92.863,2.50445,7.11873,5.96593,0.470616,0.000251439,8.81097,10.5135,2,2,-3.32164,-2.00181
Cl1Cs1,221,cP2,5.0062,insulator-direct,37.1241,3.76529,74.2482,137.856,109.531,2.51604,7.55599,5.95407,0.722104,0.000317212,9.12838,11.5843,2,2,-3.27416,-1.95433
Cl1Cu1,225,cF8,1.1441,insulator-indirect,16.7955,4.89394,33.5909,150.128,119.055,2.37436,6.50926,5.93437,0.476112,0.000130752,43.3386,47.5371,2,2,-2.43591,
Cl1Cu1,216,cF8,1.2785,insulator-direct,19.9929,4.11126,39.9858,200.152,158.74,2.36589,6.4618,5.88388,1.20686,0.000133256,35.255,38.7178,2,2,-2.57869,
Cl1K1,225,cF8,5.0534,insulator-direct,32.4245,1.90898,64.8489,213.205,169.058,2.40522,7.01484,5.88113,1.2452,0.000253988,11.5712,13.8017,2,2,-3.43174,-1.9899
Cl1K1,221,cP2,4.8604,insulator-indirect,27.8769,2.22039,55.7539,207.925,165.09,2.28286,6.94312,5.88362,1.23719,0.000248055,13.1225,15.4855,2,2,-3.35196,-1.91012
Cl1K1O4,216,cF24,5.1425,insulator-indirect,18.3843,2.08571,110.306,455.044,250.396,2.20449,16.9362,16.15,3.59182,7.28292e-05,60.0115,62.9328,6,3,-4.37739,-0.609348
Cl1Li1,225,cF8,6.2324,insulator-indirect,17.1459,2.05288,34.2918,363.038,288.113,2.09853,6.31779,5.62406,3.82212,0.000188975,24.649,27.6894,2,2,-3.68828,-1.84216
Cl1Na1,225,cF8,5.0416,insulator-direct,22.8151,2.12681,45.6301,271.114,215.093,2.22727,6.68705,5.79577,2.12177,0.000219511,17.3178,19.981,2,2,-3.39075,-1.83946
Cl1Na3O1,221,cP5,2.0952,insulator-direct,18.3738,2.17663,91.8692,373.434,218.132,2.09368,15.4267,13.9896,2.63317,0.000160032,26.2353,28.9303,5,3,-3.60721,-1.47432
Cl1O4Rb1,216,cF24,5.2205,insulator-indirect,19.5437,2.61862,117.262,414.035,227.833,2.21047,17.2828,16.458,3.66355,7.46102e-05,56.366,59.1908,6,3,-4.37755,-0.631856
Cl1O4Tl1,216,cF24,4.5736,insulator-direct,19.6568,4.27761,117.941,285.185,156.842,2.19948,18.1523,17.2568,1.9836,7.72305e-05,56.9381,59.8928,6,3,-4.24007,-0.260982
Cl1Rb1,225,cF8,4.8345,insulator-direct,37.6102,2.66941,75.2204,154.765,123.024,2.37308,6.98243,5.93758,0.837648,0.000240245,10.3391,12.1585,2,2,-3.35454,-1.97976
Cl1Rb1,221,cP2,4.7618,insulator-indirect,32.0655,3.13099,64.131,164.065,130.167,2.3579,7.13665,5.93017,0.953933,0.000267947,11.261,13.552,2,2,-3.29258,-1.9178
Cl1Tl1,225,cF8,2.5246,insulator-direct,34.7175,5.73538,69.435,110.068,87.3071,2.34639,6.94483,5.96772,0.590775,0.000216375,13.0287,15.1619,2,2,-3.12207,-1.0471
Cl1Tl1,221,cP2,2.1725,insulator-direct,29.5902,6.72918,59.1804,113.963,90.4819,2.40213,6.89793,5.96542,0.592328,0.000205755,16.1761,18.7048,2,2,-3.07524,-1.00026
Cl24Cs8Pb4,225,cF36,1.4364,insulator-direct,35.3756,3.57648,1273.52,162.069,49.0623,2.4708,120.591,106.676,0.156605,0.000166428,17.3534,19.6169,36,3,-3.17916,-1.38662
Cl2F12Pb7,174,hP21,4.206,insulator-indirect,18.0637,7.65747,379.337,224.974,81.5535,2.19919,64.8632,61.3788,0.675226,8.45529e-05,57.6613,60.9346,21,3,-4.70263,-2.23493
Cl2F2Yb2,129,tP6,3.1592,insulator-direct,17.8079,7.071,106.847,250.919,138.131,2.10204,18.4422,17.425,2.16643,9.08122e-05,51.4782,54.4834,6,3,-4.74029,
Cl2H12Sr7,174,hP21,3.8637,insulator-indirect,16.1749,3.40416,339.673,350.861,127.224,1.82778,63.3551,59.1327,1.48238,0.000127802,33.3341,35.7144,21,3,-3.50703,-0.84058
Cl2Hg2,139,tI8,2.5748,insulator-indirect,30.5794,6.40886,122.318,165.153,103.943,2.49398,13.0233,11.8423,1.03633,0.000127316,26.4154,29.0498,4,2,-1.61641,-0.572388
Cl2La10Sn6,193,hP18,0.0,metal,31.9299,6.27567,574.737,233.044,88.9061,1.97138,54.0307,52.4661,1.84448,4.95633e-05,50.2511,51.7496,18,3,-5.1173,
Cl2Mg1,115,tP3,4.9478,insulator-indirect,28.7822,1.83102,86.3465,344.829,239.21,1.9941,8.9374,8.45929,4.94904,9.29976e-05,28.2778,29.876,3,2,-3.53701,-1.81438
Cl2O2Y2,129,tP6,5.0652,insulator-direct,17.2937,4.49239,103.762,392.067,215.726,2.00395,17.0344,16.5832,5.58495,4.49195e-05,97.6463,100.303,6,3,-7.46315,-3.06931
Cl2Sr1,225,cF12,5.2217,insulator-indirect,29.1833,3.00673,87.5498,224.998,156.006,2.11434,9.34088,8.77052,2.00874,9.99672e-05,29.1098,31.0028,3,2,-4.27983,-2.52718
Cl3Cs1Pb1,221,cP5,2.1891,insulator-direct,37.7244,3.93047,188.622,150.025,87.7205,2.19288,16.1805,14.8349,0.719095,0.000132689,17.9512,19.5795,5,3,-3.54215,-1.5584
Cl3Mn1Tl1,221,cP5,2.6104,insulator-indirect,26.4657,4.58862,132.328,199.956,116.961,2.15759,15.8458,14.7016,1.28891,0.000116756,28.0051,30.1846,5,3,-4.2661,
Cl4Cs4O16,216,cF24,5.3337,insulator-indirect,21.8919,2.93744,525.405,348.189,120.645,2.20665,71.0828,67.6021,1.12733,7.65958e-05,50.5014,53.1016,24,3,-4.388,-0.660631
Cl4K2Mg1,139,tI14,4.7625,insulator-indirect,28.1956,2.0555,197.369,276.052,144.281,2.13224,22.1539,20.2201,1.35403,0.000144783,20.5875,22.5566,7,3,-3.5145,-1.95233
Cl4K2Pd1,123,tP7,2.1873,insulator-indirect,30.6885,2.52312,214.819,254.737,133.303,2.35156,22.4108,20.3364,1.18727,0.000139699,21.7634,23.9834,7,3,-3.18801,
Cl4La4Se4,62,oP12,1.2934,insulator-direct,26.0789,5.37657,312.947,259.923,113.565,2.0605,35.877,34.7263,1.9965,5.30026e-05,59.2425,61.2055,12,3,-5.48252,
Cl4La4Te4,62,oP12,0.8889,insulator-direct,29.2576,5.71265,351.091,227.943,99.5882,2.05445,36.227,35.0214,1.67783,5.51389e-05,51.1153,52.8749,12,3,-5.15456,
Cl4Mg2,40,oS12,3.4571,insulator-indirect,26.5489,1.98504,159.294,273.918,150.788,2.04666,18.3499,17.3142,1.42745,9.53744e-05,31.921,33.8305,6,2,-3.42495,-1.70232
Cl4Na4O12,198,cP20,5.6206,insulator-indirect,14.9227,2.36886,298.455,530.019,195.254,2.15438,54.3642,51.7933,2.29745,7.60899e-05,66.4238,69.7209,20,3,-4.27509,-0.695887
Cl4Na4O12,198,cP20,5.6272,insulator-indirect,14.8633,2.37833,297.267,544.799,200.78,2.1611,53.8856,51.354,2.48018,7.5427e-05,66.6564,69.9423,20,3,-4.27477,-0.695572
Cl4O2Pd4,141,tI20,1.4743,insulator-indirect,21.1848,4.69839,211.848,253.135,117.432,2.36726,30.4213,29.015,1.01977,6.69753e-05,66.494,69.7168,10,3,-3.40897,
Cl4Pd1Tl2,123,tP7,1.4342,insulator-indirect,32.1115,4.85316,224.78,167.939,87.8233,2.4036,22.7998,20.713,0.661356,0.000135157,22.2847,24.53,7,3,-2.99878,
Cl4Zn2,122,tI12,4.6279,insulator-direct,26.2928,2.86908,157.757,328.932,181.056,2.06025,17.9889,17.0179,3.49317,9.03243e-05,33.2912,35.1908,6,2,-2.68066,
Cl6Cs2Ge1,225,cF36,2.1983,insulator-direct,32.9313,3.08776,296.382,210.037,100.957,2.34417,29.0818,26.4252,0.757207,0.000136625,21.2094,23.3417,9,3,-3.32853,-1.44721
Cl6Cs2Pt1,225,cF36,2.2212,insulator-indirect,32.9717,3.76946,296.746,214.074,102.88,2.39823,28.4877,26.3882,0.93101,0.000107412,27.3673,29.5447,9,3,-3.10691,
Cl6Cs2Se1,225,cF36,2.7447,insulator-indirect,33.7062,3.05164,303.356,219.9,105.765,2.19306,28.6529,26.3584,1.02532,0.000128157,20.3934,22.1686,9,3,-2.97495,-1.20709
Cl6Cs2Sn1,225,cF36,2.3955,insulator-direct,35.073,3.14172,315.657,195.041,93.7462,2.40643,29.2138,26.5034,0.632969,0.000135354,20.7849,22.9106,9,3,-3.30403,
Cl6Cs2Te1,225,cF36,2.7862,insulator-indirect,35.6231,3.13935,320.608,217.126,104.323,2.23624,28.6512,26.3745,1.04363,0.0001233,20.7518,22.5431,9,3,-3.09177,-1.36182
Cl6Cs2Ti1,225,cF36,2.7465,insulator-indirect,33.5528,2.8948,301.975,220.089,105.765,2.11544,28.0682,26.3412,1.04358,0.000100589,25.2911,26.9493,9,3,-3.85467,
Cl6Cs2Zr1,225,cF36,3.6438,insulator-indirect,34.8519,3.01623,313.667,240.921,115.861,2.10089,27.7379,26.2024,1.52754,9.09284e-05,26.4982,28.0511,9,3,-4.3667,-2.0365
Cl6K2Mn1,225,cF36,0.4979,insulator-indirect,27.1814,2.34761,244.633,265.661,127.879,2.57825,30.1054,26.1166,0.739844,0.000187827,20.1565,23.235,9,3,-3.61311,
Cl6K2Pd1,225,cF36,1.157,insulator-indirect,27.48,2.66762,247.32,272.788,131.245,2.39386,28.4239,26.013,1.08062,0.000124829,27.6552,30.2183,9,3,-2.9257,
Cl6K2Pt1,225,cF36,1.9802,insulator-indirect,27.8499,3.21976,250.649,271.068,130.283,2.34279,27.9353,26.0092,1.35828,0.000102614,32.5375,34.9471,9,3,-3.1036,
Cl6K2Re1,225,cF36,2.3038,insulator-direct_spin-polarized,28.7487,3.06204,258.739,279.843,134.61,2.18017,27.4695,25.9316,1.73555,8.88334e-05,33.7693,35.7721,9,3,-3.93184,
Cl6K2Sn1,225,cF36,2.1812,insulator-direct,30.3849,2.48722,273.464,238.967,114.899,2.38089,28.8026,26.2493,0.780749,0.000130736,24.1973,26.551,9,3,-3.28308,
Cl6K2Tc1,225,cF36,2.4147,insulator-direct_spin-polarized,28.497,2.5239,256.473,298.136,143.263,2.20025,27.525,25.8025,1.67366,9.85975e-05,30.7892,32.8447,9,3,-3.71698,
Cl6K2Ti1,225,cF36,2.6192,insulator-indirect,28.2927,2.2095,254.634,290.91,139.898,2.10717,27.4739,25.8463,1.48494,9.74804e-05,29.9509,31.8369,9,3,-3.84105,
Cl6Mn1Rb2,225,cF36,0.6149,insulator-indirect,29.1559,2.7755,262.403,235.912,113.457,2.57863,30.4654,26.3125,0.669902,0.000192588,18.5964,21.5315,9,3,-3.60701,
Cl6Pb1Rb2,225,cF36,1.3169,insulator-direct,32.7326,3.33047,294.594,172.802,83.1697,2.44455,29.9291,26.6201,0.413343,0.000161104,19.042,21.409,9,3,-3.15938,-1.34242
Cl6Pd1Rb2,225,cF36,1.2176,insulator-indirect,29.0738,3.10992,261.664,274.278,131.725,2.40885,28.4829,26.0138,1.35331,0.00012657,26.1081,28.5862,9,3,-2.91887,
Cl6Pt1Rb2,225,cF36,2.086,insulator-indirect,29.7212,3.59275,267.491,253.953,122.11,2.35045,28.1032,26.1334,1.3511,0.000103972,30.3534,32.6412,9,3,-3.09879,
Cl6Pt1Tl2,225,cF36,1.916,insulator-indirect,28.1602,5.34999,253.442,197.014,94.7077,2.32699,28.3579,26.4742,0.892226,9.93234e-05,33.5751,35.9641,9,3,-2.95836,
Cl6Rb2Se1,225,cF36,2.6107,insulator-indirect,30.6193,2.7876,275.573,249.807,120.187,2.17847,28.4026,26.1711,1.22776,0.000126381,22.4375,24.3507,9,3,-2.96247,-1.17018
Cl6Rb2Sn1,225,cF36,2.244,insulator-direct,32.1941,2.87893,289.747,218.805,105.284,2.39515,29.0001,26.3721,0.740265,0.000132948,22.8298,25.1049,9,3,-3.28671,
Cl6Rb2Te1,225,cF36,2.6807,insulator-indirect,32.8861,2.86834,295.975,233.029,112.015,2.20804,28.4554,26.2746,1.0914,0.00012052,22.5159,24.3848,9,3,-3.07128,-1.31691
Cl6Rb2Ti1,225,cF36,2.6675,insulator-indirect,30.1664,2.63948,271.497,246.945,118.745,2.10881,27.8649,26.1727,1.17799,9.95309e-05,28.0801,29.8957,9,3,-3.84084,
Cl6Rb2Zr1,225,cF36,3.5736,insulator-indirect,31.9591,2.74151,287.632,251.871,121.149,2.08943,27.638,26.1288,1.43125,9.01316e-05,28.9016,30.571,9,3,-4.34682,-1.9922
Cl6Sn1Tl2,225,cF36,2.1435,insulator-indirect,30.1236,4.53334,271.113,176.956,85.0927,2.42007,29.1864,26.5879,0.551358,0.00012919,25.4094,27.8927,9,3,-3.13782,
Cl6Te1Tl2,225,cF36,2.5503,insulator-indirect,30.7836,4.48955,277.052,188.173,90.381,2.24863,28.7374,26.5276,0.788915,0.000118564,25.2342,27.3363,9,3,-2.92079,-0.855217
Cl8Co1Li6,225,cF60,0.0,half-metal,18.2484,2.33074,273.726,326.676,132.592,1.07688,43.6711,42.492,3.7919,8.00982e-05,29.8344,30.6623,15,3,-3.58172,
Cl8Cu2Rb4,64,oS28,1.1233,insulator-indirect_spin-polarized,30.0341,2.9721,420.477,211.782,87.9616,2.21048,45.1984,41.0872,0.561956,0.000146797,19.8925,21.883,14,3,-3.03603,
Cl8Cu8,205,cP16,1.0169,insulator-direct,18.0087,4.56423,288.14,231.844,92.0693,2.39754,51.2099,46.7386,0.440031,0.000128538,40.9626,44.8814,16,2,-2.51828,
Cl8H24N8,205,cP40,5.4634,insulator-indirect,12.4215,1.40323,496.859,514.289,150.295,1.68134,108.947,104.437,1.05159,8.48883e-05,56.0071,58.4259,40,3,-4.52888,-0.475893
Cl8Li4Zn2,227,cF56,4.5538,insulator-indirect,19.8376,2.64362,277.727,319.198,132.357,2.07038,43.1232,39.8819,1.13141,0.000127661,31.4917,34.0511,14,3,-3.24874,
Cl8Li6V1,225,cF60,3.0624,insulator-direct,18.4896,2.25249,277.344,379.969,154.082,2.11067,45.8864,41.8435,1.36051,0.000148468,28.952,31.7493,15,3,-3.9623,
Cl8Mg2Na4,55,oP14,4.9262,insulator-indirect,22.9183,2.19535,320.856,299.726,124.474,2.10467,43.6226,40.1424,0.91383,0.000133577,26.7005,29.0154,14,3,-3.48244,-1.85772
Cl8Th2,141,tI20,3.8994,insulator-indirect,29.8889,4.15401,298.889,278.949,129.5,2.12625,29.7916,28.7837,2.41154,5.41672e-05,52.0305,53.8525,10,2,-4.74569,
Cl8U2,141,tI20,2.2688,insulator-indirect,27.5606,4.57714,275.606,284.958,132.285,2.0753,29.7594,28.74,2.68205,5.60898e-05,53.0652,54.9475,10,2,-5.10904,
Co1Ga2Zr6,189,hP9,0.0,metal,19.9033,6.91293,179.13,337.001,162.013,1.80579,25.8532,25.3985,6.2982,3.28091e-05,107.202,109.121,9,3,-6.91263,
Co1Hf1,221,cP2,0.0,metal,16.6923,11.8094,33.3846,321.034,254.778,1.68825,5.77472,5.67633,23.2757,3.39733e-05,115.574,117.577,2,2,-7.19691,
Co1In8Y2,123,tP11,0.0,metal,23.1864,7.52178,255.05,232.085,104.317,2.27666,33.662,32.091,1.45048,7.04982e-05,55.535,58.2537,11,3,-3.61394,
Co1La1Si3,107,tI10,0.0,metal,16.7533,5.5921,83.7665,448.907,262.577,2.04712,13.8068,13.4694,10.8168,4.0593e-05,110.265,113.027,5,3,-5.35,
Co1N1,225,cF8,0.0,metal,8.00575,7.56454,16.0115,753.147,597.656,2.04386,4.54354,4.46314,47.798,2.93931e-05,263.185,267.927,2,2,-5.50366,
Co1Nb1,221,cP2,0.0,metal,15.3185,8.22979,30.637,394.036,312.718,1.94031,5.6186,5.51924,19.7376,3.07589e-05,155.484,158.283,2,2,-6.2122,
Co1Nb1Sb1,216,cF12,0.0,metal,17.7377,8.5375,53.213,333.003,230.889,2.06613,8.65387,8.4797,9.98823,3.31399e-05,135.454,138.237,3,3,-5.28646,
Co1Ni1,221,cP2,0.0,metal,11.5599,8.4481,23.1198,388.829,308.75,2.56579,5.83089,5.54274,7.35292,6.64109e-05,125.811,132.352,2,2,-2.88422,
Co1O1,216,cF8,0.873,insulator-direct,12.4671,4.99028,24.9342,374.876,297.638,2.03108,5.74917,5.56829,7.10625,5.28025e-05,117.545,121.364,2,2,-5.8269,0.193049
Co1O3Sr1,221,cP5,0.0,metal,11.5729,5.58305,57.8645,449.896,263.162,2.14929,14.0016,13.4788,5.97575,5.9717e-05,113.955,118.375,5,3,-5.67577,
Co1O6Pt3,65,oS20,0.5743,insulator-indirect_spin-polarized,11.5325,10.6579,115.325,403.884,187.52,2.30266,28.2318,27.4981,4.44125,3.83417e-05,196.365,201.604,10,3,-5.23445,
Co1Sb1Ta1,216,cF12,0.0,metal,17.5378,11.4135,52.6133,310.054,214.942,2.15788,8.72055,8.54638,9.65301,3.12188e-05,154.367,157.512,3,3,-5.74359,
Co1Sb1Ti1,216,cF12,0.8166,insulator-indirect,16.9877,7.44798,50.963,400.074,277.345,2.12796,8.45106,8.26091,13.4071,3.58082e-05,131.39,134.414,3,3,-4.46284,
Co1Sc1,221,cP2,0.0,metal,18.1445,4.75385,36.2889,368.081,292.082,1.53772,5.70787,5.57995,19.4033,4.91513e-05,65.5977,67.1014,2,2,-4.71913,
Co1Si2,225,cF12,0.0,metal,12.3983,5.13874,37.1949,495.097,343.214,2.2255,8.10338,7.89778,10.4523,3.86843e-05,167.108,171.458,3,2,-5.00268,
Co1Si3Th1,107,tI10,0.0,metal,16.9303,7.36052,84.6517,391.011,228.658,2.08144,14.1349,13.821,9.16192,3.61213e-05,129.539,132.481,5,3,-5.62259,
Co1Ta1,221,cP2,0.0,metal,15.229,13.0781,30.4579,357.974,284.145,1.90348,5.68996,5.59991,24.3372,2.8004e-05,170.976,173.725,2,2,-7.09085,
Co1Ti1,221,cP2,0.0,metal,14.9274,5.94211,29.8549,497.146,394.469,1.92127,5.39391,5.26114,28.3162,4.331e-05,107.037,109.739,2,2,-4.6237,
Co1Zr1,221,cP2,0.0,metal,17.5036,7.12242,35.0071,342.945,272.239,1.81176,5.75119,5.63163,15.6361,3.87715e-05,102.929,105.114,2,2,-6.44088,
Co2Dy2Ge4,63,oS16,0.0,metal,17.4572,8.71814,139.657,293.039,146.5,2.15102,23.6221,22.9254,3.24496,4.66272e-05,103.439,106.583,8,3,-4.70535,
Co2Er2Ge4,63,oS16,0.0,metal,17.2552,8.9347,138.042,284.022,142.0,2.14485,23.6949,22.9943,2.99871,4.67867e-05,104.652,107.841,8,3,-4.67213,
Co2Er2Si4,63,oS16,0.0,metal,15.6911,7.47043,125.529,392.008,196.0,2.02799,22.6323,22.1077,6.56039,3.871e-05,126.395,129.394,8,3,-5.30164,
Co2Fe1Ga1,225,cF16,0.0,metal,13.0145,7.76553,52.0581,400.893,252.614,1.41004,11.2449,11.0052,20.0452,4.93817e-05,84.7132,86.5583,4,3,-3.90823,
Co2Fe1In1,225,cF16,0.0,metal,14.9527,8.01062,59.8108,367.019,231.196,1.97444,11.5864,11.1742,9.14975,6.06885e-05,83.613,86.6972,4,3,-3.80309,
Co2Ga1Hf1,225,cF16,0.0,metal,14.9926,10.1369,59.9702,325.997,205.367,1.367,11.4803,11.3266,18.1245,3.207e-05,112.512,114.038,4,3,-5.30524,
Co2Ga1Mn1,225,cF16,0.0,metal,14.2553,7.06318,57.021,345.936,217.966,2.37082,11.7196,11.271,4.26312,6.16591e-05,92.3646,96.0408,4,3,-4.34717,
Co2Ga1Ta1,225,cF16,0.0,metal,13.7608,11.1184,55.0431,369.017,232.455,1.99878,11.4311,11.1592,11.2182,4.14625e-05,129.662,132.822,4,3,-5.17236,
Co2Ga1Ti1,225,cF16,0.0,metal,14.0606,6.95317,56.2424,406.992,256.394,1.15756,11.0857,10.9658,31.807,3.11751e-05,99.3715,100.458,4,3,-4.02415,
Co2Ge1Mn1,225,cF16,0.0,metal,14.1582,7.19524,56.6329,333.032,209.777,1.28226,11.5953,11.3065,14.6521,5.96553e-05,63.8561,65.4875,4,3,-4.80784,
Co2Ge1Zn1,225,cF16,0.0,metal,14.0249,7.5727,56.0997,181.003,114.023,0.597264,11.8819,11.7862,10.6235,3.77049e-05,54.294,54.735,4,3,-3.08849,
Co2Hf1Sn1,225,cF16,0.0,metal,16.3257,10.5539,65.3028,312.9,197.178,1.98093,11.7171,11.3911,8.32087,4.81492e-05,97.0873,99.8661,4,3,-5.49661,
Co2In4S8,227,cF56,1.3128,insulator-indirect,21.9313,4.50847,307.038,297.96,123.644,2.14715,41.5956,40.0719,1.65282,5.81462e-05,66.1617,68.6774,14,3,-4.26332,
Co2In4Se8,227,cF56,0.637,insulator-indirect,25.4741,5.62843,356.637,218.996,90.866,2.20241,42.8083,40.9644,0.94661,6.65862e-05,52.333,54.6887,14,3,-3.80051,
Co2K2O4,129,tP8,1.0851,insulator-direct_spin-polarized,14.8711,3.62988,118.969,418.834,209.5,2.08644,22.7412,21.8761,3.41067,6.2527e-05,83.8045,87.1187,8,3,-5.07432,
Co2Mn1Sn1,225,cF16,0.0,metal,16.4725,7.34618,65.8898,310.026,195.288,2.30047,12.4442,11.4251,4.13052,0.000114509,52.2922,56.9568,4,3,-4.57303,
Co2Mo2P4,194,hP8,0.0,metal,13.0567,6.89378,104.453,534.973,267.5,2.21059,21.0253,20.6035,9.99331,3.07676e-05,193.471,197.431,8,3,-6.03849,
Co2Nb1Sn1,225,cF16,0.0,metal,15.6816,8.7218,62.7263,339.068,213.557,2.6699,11.8872,11.3024,4.34209,6.35623e-05,103.54,108.898,4,3,-4.86537,
Co2Nb8Si2,124,tP12,0.0,metal,16.2065,7.83221,194.478,473.949,207.039,1.87974,32.3235,31.9142,11.4202,2.26617e-05,186.589,188.981,12,3,-7.3225,
Co2Ni4S8,227,cF56,0.0,half-metal,17.1578,4.21069,240.209,267.11,110.782,2.01838,42.1213,40.4531,0.912407,6.97605e-05,64.781,67.4524,14,3,-3.95415,
Co2O12Sb4,136,tP18,0.7899,insulator-indirect,11.7045,6.28068,210.68,575.084,219.404,2.03875,46.2611,45.2743,6.78386,3.54746e-05,168.646,172.322,18,3,-6.12248,
Co2O2,186,hP4,1.011,insulator-direct,12.4541,4.9955,49.8162,377.864,238.125,1.97713,11.4625,11.1233,4.85589,5.09495e-05,118.448,122.06,4,2,-5.84584,0.174111
Co2O8Rh4,227,cF56,1.928,insulator-indirect_spin-polarized,11.5153,6.77222,161.214,457.908,190.03,2.20839,38.5155,37.5516,3.59214,3.8544e-05,182.387,187.069,14,3,-5.72038,0.210262
Co2P2Ta8,124,tP12,0.0,metal,15.9318,14.135,191.182,369.035,161.176,1.94063,33.8833,33.4501,8.85837,2.20996e-05,211.586,214.326,12,3,-8.51984,
Co2P2Zr8,124,tP12,0.0,metal,18.5668,6.77905,222.802,284.999,124.485,1.77132,35.0108,34.4519,2.93078,3.03022e-05,124.215,126.23,12,3,-7.63025,
Co2P4W2,194,hP8,0.0,metal,13.1517,9.61884,105.214,477.885,239.0,2.1779,21.6571,21.2464,10.3591,2.94282e-05,204.892,208.852,8,3,-6.56357,
Co2Rh4S8,227,cF56,0.9024,insulator-indirect_spin-polarized,17.9542,5.1923,251.359,370.01,153.518,2.18601,40.1935,39.0499,2.68662,4.42534e-05,104.678,107.743,14,3,-4.68839,
Co2S6Ta9,189,hP17,0.0,metal,18.1933,10.4091,309.286,321.026,124.84,1.99866,48.9927,48.2341,3.81112,2.60911e-05,164.06,166.64,17,3,-7.84964,
Co2Sb4,58,oP6,0.0,metal,22.709,7.37156,136.254,229.016,126.024,1.39347,17.8379,17.4986,5.81571,4.48757e-05,55.6439,56.7227,6,2,-3.98894,
Co2Sb4,58,oP6,0.0,metal,20.1905,8.29108,121.143,317.1,174.452,2.36921,17.7197,17.0656,4.65611,5.33318e-05,85.8475,89.1376,6,2,-3.83843,
Co2Sc1Sn1,225,cF16,0.0,metal,17.4901,6.68183,69.9602,325.178,204.737,2.36435,11.9582,11.3577,4.41102,7.24401e-05,73.1141,76.9795,4,3,-4.39374,
Co2Se2Tl1,139,tI10,0.0,metal,20.2502,7.87467,101.251,221.131,129.242,3.51209,21.4011,14.7352,0.734211,0.00030768,29.7766,43.2469,5,3,-3.10596,
Co2Si1Ti1,225,cF16,0.0,metal,12.3492,6.51662,49.3966,495.748,312.46,2.88439,11.2122,10.5586,6.29005,7.09409e-05,116.956,124.196,4,3,-4.88001,
Co2Si1V1,225,cF16,0.0,half-metal,11.6103,7.0401,46.441,464.018,292.302,2.30143,11.0014,10.7051,8.30361,4.1272e-05,168.497,173.16,4,3,-5.05516,
Co2Si4Tb2,63,oS16,0.0,metal,16.0871,7.07147,128.697,405.877,203.0,2.04138,22.4988,21.9732,7.0285,3.88055e-05,122.996,125.938,8,3,-5.32516,
Co2Si4Y2,63,oS16,0.0,metal,16.0092,5.29021,128.073,461.908,231.0,2.03827,21.9157,21.414,7.72964,3.81158e-05,122.183,125.046,8,3,-5.78418,
Co2Sn1Ti1,225,cF16,0.0,metal,15.8351,7.45735,63.3404,339.989,214.187,2.71373,12.407,11.3257,3.67036,0.000110954,61.6207,67.5038,4,3,-4.19943,
Co2Sn1Zr1,225,cF16,0.0,metal,16.8688,8.06644,67.4754,329.937,207.887,1.82838,11.5969,11.3206,9.27328,4.41852e-05,94.6346,96.9443,4,3,-5.1974,
Co2Ta4,140,tI12,0.0,metal,15.6646,14.8701,93.9878,301.018,165.647,1.87774,17.3541,17.137,8.43775,2.23692e-05,210.307,212.971,6,2,-7.82978,
Co2Te4,58,oP6,0.0,half-metal,24.1414,7.20245,144.848,241.919,133.178,2.17825,18.305,17.4577,2.74201,7.24029e-05,50.111,52.543,6,2,-3.49879,
Co2V6,223,cP8,0.0,metal,12.7081,6.91749,101.665,526.081,263.0,1.94458,21.0495,20.7106,12.1667,2.79436e-05,192.719,195.873,8,2,-5.50973,
Co2Y2,63,oS8,0.0,metal,22.8358,5.37517,91.3433,217.012,136.701,1.84422,12.0872,11.7034,2.57575,5.99842e-05,52.8208,54.5533,4,2,-5.15891,
Co2Zr4,140,tI12,0.0,metal,19.8665,6.72505,119.199,201.976,111.165,1.39221,17.8315,17.6024,3.04521,3.08448e-05,91.6915,92.8851,6,2,-6.97276,
Co2Zr4,140,tI12,0.0,metal,18.4358,7.24695,110.615,282.935,155.741,1.83195,17.5589,17.2386,4.48544,3.35639e-05,116.634,118.8,6,2,-6.59537,
Co3Fe1,221,cP4,0.0,metal,12.7331,7.58494,50.9324,416.917,262.694,1.88148,11.3528,10.94,11.433,6.3897e-05,88.001,91.3211,4,2,-4.04661,
Co3Ga3Hf3,189,hP9,0.0,metal,14.9571,11.367,134.614,323.918,155.763,2.05798,26.1,25.518,4.73586,3.66761e-05,145.358,148.673,9,3,-5.52634,
Co3Ge3Ti3,189,hP9,0.0,metal,13.9134,7.13797,125.22,476.905,229.318,2.12403,24.4622,23.9141,8.03578,3.5778e-05,155.52,159.084,9,3,-4.53152,
Co3Hf3Sn3,189,hP9,0.0,metal,19.4607,10.1288,175.146,228.941,110.092,2.0597,26.9858,26.255,2.10972,4.45763e-05,95.068,97.7143,9,3,-5.9417,
Co3Sn3Th3,189,hP9,0.0,metal,22.3605,10.1408,201.245,259.041,124.514,2.10824,26.6619,26.0431,3.49518,3.72505e-05,100.521,102.91,9,3,-4.60584,
Co4Cu2S8,227,cF56,0.0,metal,15.3293,4.79186,214.61,371.928,154.348,2.10911,40.3652,39.033,2.20631,5.34552e-05,97.7548,101.091,14,3,-4.02602,
Co4Dy4Ge4,62,oP12,0.0,metal,19.191,8.4803,230.292,355.768,155.061,1.51913,34.5345,33.7181,10.4245,4.3475e-05,82.6659,84.6674,12,3,-4.9297,
Co4Dy4Sn4,62,oP12,0.0,metal,22.5736,8.33995,270.883,268.037,117.06,2.06994,35.8197,34.6576,2.77542,5.31506e-05,68.3616,70.6538,12,3,-4.55459,
Co4Dy4Sn4,62,oP12,0.1448,insulator-indirect,20.5941,9.14158,247.129,286.93,125.359,2.13504,35.5293,34.4572,3.08714,4.7871e-05,85.6334,88.2979,12,3,-4.06178,
Co4Er4Ga4,62,oP12,0.0,metal,16.8843,9.70137,202.612,238.997,104.393,1.97636,35.9224,34.9177,1.71742,4.79274e-05,97.5461,100.353,12,3,-3.66619,
Co4Ge4Mn4,62,oP12,0.0,metal,12.0418,8.5709,144.501,475.022,207.475,2.38504,32.949,31.9325,5.05431,4.42356e-05,162.348,167.516,12,3,-3.87801,
Co4Ge4Nb4,62,oP12,0.0,metal,15.3176,8.10996,183.811,390.08,170.348,1.70499,33.722,33.1628,7.567,3.17828e-05,136.56,138.863,12,3,-5.83451,
Co4Ge4Ta4,62,oP12,0.0,metal,15.2037,11.3759,182.445,326.014,142.394,1.08316,34.1835,33.9683,16.4019,1.93126e-05,143.972,144.884,12,3,-6.28833,
Co4Ge4V4,62,oP12,0.0,metal,12.7851,7.89957,153.421,475.085,207.475,2.14661,32.6167,31.9154,6.33757,3.394e-05,179.729,183.679,12,3,-4.79117,
Co4In2Zr4,127,tP10,0.0,metal,18.4129,7.4875,184.129,337.106,156.422,1.9799,28.9749,28.2346,4.69468,4.37834e-05,94.8928,97.3808,10,3,-5.67031,
Co4Mo4P4,62,oP12,0.0,metal,12.3695,8.31634,148.434,488.96,213.59,2.6717,32.8645,31.7187,4.34111,4.4596e-05,175.242,181.573,12,3,-6.01899,
Co4N12,204,cI32,0.0,metal,8.98514,4.66428,143.762,900.085,357.165,2.11666,32.3086,31.708,13.573,2.99129e-05,210.647,214.636,16,2,-6.77007,
Co4N12,204,cI32,0.0,metal,7.71061,5.43527,123.37,1057.2,419.471,2.12595,27.9362,27.4997,20.7248,2.50116e-05,254.548,258.588,16,2,-6.484,
Co4Nb4P4,62,oP12,0.0,metal,12.9104,7.83783,154.925,506.208,221.016,2.95465,32.826,31.4494,3.86745,4.87437e-05,168.658,176.041,12,3,-6.46315,
Co4O12Se4,62,oP20,3.1502,insulator-indirect_spin-polarized,11.7982,5.23267,235.964,541.148,199.306,2.06943,52.8131,51.3692,4.29365,4.51054e-05,135.934,139.755,20,3,-5.53372,-0.456748
Co4O14Sb4,227,cF88,0.9008,insulator-indirect,11.9407,5.98438,262.696,561.802,200.568,2.38557,57.5756,55.8447,3.85683,4.31175e-05,159.987,164.945,22,3,-5.95436,
Co4P12,204,cI32,0.0,metal,14.2356,4.42834,227.77,668.224,265.096,2.20522,38.9309,37.9632,8.88978,3.84639e-05,129.734,133.041,16,2,-5.2508,
Co4P12,204,cI32,0.0,metal,14.2331,4.42913,227.729,667.976,265.096,2.20741,38.9398,37.9696,8.87044,3.85171e-05,129.715,133.029,16,2,-5.2508,
Co4P12,204,cI32,0.0,metal,14.2273,4.43094,227.636,667.914,265.096,2.20693,38.941,37.971,8.875,3.85169e-05,129.674,132.987,16,2,-5.25076,
Co4P12,204,cI32,0.0,metal,14.2323,4.42938,227.717,667.79,265.096,2.20566,38.9439,37.9744,8.88645,3.85175e-05,129.594,132.903,16,2,-5.25077,
Co4S4Sb4,198,cP12,0.6494,insulator-indirect,16.7422,7.0335,200.906,430.18,187.82,2.25033,33.7879,32.6393,5.42072,5.17646e-05,95.9394,99.3154,12,3,-4.08444,
Co4Sb12,204,cI32,0.152,insulator-direct,23.4529,7.5084,375.246,309.955,123.024,2.32667,47.335,45.6243,2.60437,5.31244e-05,72.8706,75.603,16,2,-3.97008,
Co4Sb12,204,cI32,0.1516,insulator-direct,23.4778,7.50042,375.645,309.999,123.024,2.32505,47.3319,45.623,2.60821,5.30995e-05,72.8747,75.6043,16,2,-3.97008,
Co4Sb12,204,cI32,0.1484,insulator-direct,23.4539,7.50805,375.263,310.06,123.024,2.33021,47.346,45.6275,2.59584,5.32494e-05,72.8551,75.5991,16,2,-3.97009,
Co4Sb12,204,cI32,0.1461,insulator-direct,23.451,7.50899,375.216,309.931,123.024,2.32797,47.3344,45.6247,2.60128,5.30771e-05,72.9512,75.6848,16,2,-3.97008,
Co4Sb12,204,cI32,0.1592,insulator-direct,23.461,7.5058,375.375,310.0,123.024,2.32502,47.3322,45.6233,2.60832,5.30961e-05,72.8787,75.6085,16,2,-3.97007,
Co4Sb12,204,cI32,0.1534,insulator-direct,23.4644,7.50471,375.43,310.114,123.024,2.32943,47.3342,45.6221,2.59762,5.31177e-05,72.9557,75.6937,16,2,-3.97006,
Co4Sb12,204,cI32,0.152,insulator-direct,23.4529,7.5084,375.246,309.955,123.024,2.32667,47.335,45.6243,2.60437,5.31244e-05,72.8706,75.603,16,2,-3.97008,
Co4Sb12,204,cI32,0.1535,insulator-direct,23.4675,7.5037,375.48,310.895,123.42,2.32475,47.3228,45.6142,2.63431,5.30908e-05,72.8817,75.6117,16,2,-3.97004,
Co4Sb12,204,cI32,0.147,insulator-direct,23.4594,7.50629,375.351,310.008,123.024,2.32687,47.3352,45.6234,2.60394,5.3147e-05,72.849,75.5822,16,2,-3.97011,
Co4Sb12,204,cI32,0.1528,insulator-direct,23.4781,7.50033,375.649,310.134,123.024,2.32776,47.3277,45.6171,2.60167,5.31255e-05,72.8733,75.6061,16,2,-3.97008,
Co4Sb12,204,cI32,0.1517,insulator-direct,23.4655,7.50434,375.448,310.933,123.42,2.32389,47.3198,45.6135,2.63641,5.30418e-05,72.9167,75.6443,16,2,-3.97006,
Co4Sb12,204,cI32,0.1492,insulator-direct,23.4658,7.50424,375.454,310.127,123.024,2.33203,47.3413,45.6222,2.59135,5.32608e-05,72.8557,75.6009,16,2,-3.97012,
Co4Sb12,204,cI32,0.1509,insulator-direct,23.4646,7.50464,375.433,310.039,123.024,2.32925,47.3329,45.6189,2.59806,5.319e-05,72.8389,75.5757,16,2,-3.97033,
Co4Sb12,204,cI32,0.1508,insulator-direct,23.4649,7.50455,375.438,309.885,123.024,2.33099,47.3353,45.6213,2.59389,5.31564e-05,72.9236,75.6632,16,2,-3.97006,
Co4Sb12,204,cI32,0.1473,insulator-direct,23.4535,7.50818,375.256,310.042,123.024,2.32518,47.3365,45.6272,2.60804,5.3092e-05,72.8933,75.624,16,2,-3.9701,
Co4Se8,205,cP12,0.0,metal,16.5509,7.25226,198.61,379.961,165.98,2.30061,34.7684,33.3702,3.61835,5.99459e-05,88.1138,91.8056,12,2,-3.57726,
Co4Si4V4,62,oP12,0.0,metal,11.8955,6.41948,142.746,621.053,271.247,2.04672,29.8647,29.351,11.5991,2.8462e-05,201.321,204.845,12,3,-5.40043,
Co4Si6Zr6,63,oS32,0.0,metal,16.3293,6.04784,261.269,482.061,191.282,1.56448,42.9492,42.3888,11.5526,2.80245e-05,124.079,125.719,16,3,-6.8747,
Co4Sn4Tb4,62,oP12,0.0,metal,22.796,8.1718,273.552,268.093,117.06,2.0575,35.7896,34.6497,2.79122,5.25844e-05,67.8785,70.1115,12,3,-4.57026,
Co4Sn4Y4,62,oP12,0.0,metal,20.2578,7.28251,243.093,260.094,113.565,2.22097,35.9652,34.7327,1.63831,5.20973e-05,84.8961,87.9086,12,3,-4.67586,
Co5Y1,65,oS12,0.0,metal,16.0108,6.63028,96.0648,271.946,149.687,1.60787,17.7696,17.3007,4.02615,5.48438e-05,72.7926,74.7655,6,2,-4.23269,
Co6S8,227,cF56,0.4234,insulator-indirect,16.0866,4.49826,225.212,415.823,172.604,2.41504,40.3833,38.3608,2.30412,7.0549e-05,80.9434,85.211,14,2,-4.3439,
Co8Dy6Ge26,223,cP40,0.0,metal,16.7155,8.27962,668.62,353.991,103.51,2.17365,116.059,112.281,1.71436,5.10463e-05,97.5772,100.86,40,3,-4.55221,
Co8Er6Ge26,223,cP40,0.0,metal,16.519,8.44986,660.762,356.974,104.387,2.17331,115.945,112.168,1.76847,5.10605e-05,98.3852,101.698,40,3,-4.53941,
Co8Ge26Lu6,223,cP40,0.0,metal,16.3788,8.63944,655.15,349.038,102.048,2.15844,116.257,112.485,1.69309,5.12441e-05,98.8313,102.146,40,3,-4.52699,
Co8Ge26Tb6,223,cP40,0.0,metal,16.7906,8.18956,671.624,358.921,104.972,2.17684,115.826,112.06,1.77386,5.09518e-05,97.138,100.402,40,3,-4.55851,
Co8Ge26Y6,223,cP40,0.0,metal,16.7446,7.1705,669.783,383.153,111.99,2.16924,114.723,111.022,1.89488,5.07098e-05,96.4262,99.6406,40,3,-4.83014,
Co8Ge26Yb6,223,cP40,0.0,metal,16.8167,8.3859,672.668,294.867,86.2585,2.1894,119.273,114.634,0.998261,6.07532e-05,83.5918,86.9747,40,3,-3.93052,
Co8N4Ta16,227,cF112,0.0,metal,14.049,14.4481,393.372,378.0,124.482,1.95877,78.8065,77.768,4.58214,2.2607e-05,235.803,238.952,28,3,-8.23133,
Co8N4Zr16,227,cF112,0.0,metal,16.1325,7.3045,451.71,404.019,133.044,1.9188,78.2713,76.9355,3.55887,3.0006e-05,149.596,152.194,28,3,-7.47621,
Co8Ti16,227,cF96,0.0,metal,15.2086,5.63146,365.008,411.997,142.832,1.92416,67.0266,65.7301,2.97081,3.39598e-05,139.153,141.898,24,2,-4.31933,
Co8Y12,58,oP20,0.0,metal,21.7644,5.86845,435.289,252.05,92.8376,1.75187,59.4312,57.9908,1.5827,4.67489e-05,68.209,69.9032,20,2,-5.0568,
Cr1Dy4Ga12,229,cI34,0.0,metal,18.6982,8.03886,317.869,280.888,109.284,2.16628,51.0382,48.9335,1.72541,6.476e-05,70.552,73.5864,17,3,-3.60636,
Cr1La1O3,221,cP5,1.7885,insulator-indirect,12.241,6.48151,61.2052,573.939,335.677,2.06128,12.8655,12.5969,16.9784,3.43833e-05,168.067,171.651,5,3,-8.08312,
Cr1N1,225,cF8,0.0,half-metal,9.6742,5.66456,19.3484,815.161,646.866,2.0739,4.32681,4.2523,56.6018,2.82427e-05,218.886,222.721,2,2,-8.2353,0.738748
Cr1N1,216,cF8,0.0,half-metal,12.0609,4.54363,24.1217,331.006,262.715,0.637592,5.66758,5.6509,45.6585,1.59368e-05,124.977,125.346,2,2,-7.98887,0.985178
Cr1Ni1Sb1,216,cF12,0.0,metal,17.8506,7.2074,53.5518,264.839,183.741,2.51514,9.18192,8.67963,2.81656,7.48661e-05,74.103,78.3914,3,3,-4.5944,
Cr1O2,225,cF12,0.0,half-metal,9.0018,5.16477,27.0054,753.31,522.101,2.49082,6.90551,6.69627,19.0136,4.18171e-05,199.033,205.253,3,2,-7.27029,
Cr1Rh3,221,cP4,0.0,metal,13.4399,11.1418,53.7595,444.971,280.332,2.3321,10.9993,10.7924,13.6772,2.72762e-05,233.498,237.976,4,2,-4.33314,
Cr1Si2,139,tI6,0.0,metal,11.9823,4.9967,35.9469,800.812,555.382,2.10058,6.57248,6.45544,46.7959,2.88011e-05,177.279,180.493,3,2,-5.83994,
Cr1Te1,216,cF8,0.0,half-metal,31.8257,4.68531,63.6513,60.0371,47.622,2.1923,6.33486,5.989,0.0805987,8.48536e-05,33.616,35.5572,2,2,-5.41064,
Cr2,194,hP2,0.0,metal,21.0193,4.10772,42.0386,259.178,205.568,2.29038,6.20911,5.79993,3.00771,0.000102862,39.9859,42.8068,2,1,-6.38044,
Cr2Cu2O4,194,hP8,1.6367,insulator-indirect,11.4937,5.32897,91.9492,472.135,236.0,2.13391,21.9533,21.3265,4.84194,4.55453e-05,147.806,152.151,8,3,-6.40901,-0.511832
Cr2Er2O8,141,tI24,0.188,insulator-indirect,13.3181,5.88616,159.817,483.89,211.406,2.04561,32.4867,31.7695,5.86044,3.65879e-05,151.613,155.035,12,3,-7.68682,
Cr2F6K2,140,tI20,1.7886,insulator-indirect,15.5538,3.16203,155.538,380.872,176.845,2.1867,29.7128,27.84,1.85145,0.00010071,52.6858,56.2301,10,3,-5.55311,
Cr2F8Sr2,140,tI24,3.5143,insulator-indirect_spin-polarized,15.3504,3.8873,184.204,379.949,165.98,2.18451,35.2017,33.3874,1.96611,8.1748e-05,65.8057,69.3817,12,3,-6.06857,
Cr2Ho2O8,141,tI24,0.19,insulator-indirect,13.4746,5.76995,161.695,483.01,210.97,2.05185,32.5096,31.7869,5.7556,3.67273e-05,150.267,153.683,12,3,-7.68734,
Cr2K2O4,194,hP8,2.7688,insulator-indirect,12.6447,4.04124,101.158,602.152,301.0,2.16131,20.4956,19.8378,8.42349,5.08589e-05,113.057,116.806,8,3,-6.44653,-1.29949
Cr2N2Nb2,129,tP6,0.0,metal,11.4272,7.69727,68.5633,664.926,365.964,2.01979,14.449,14.2642,26.4276,2.13414e-05,269.374,272.863,6,3,-8.25771,
Cr2N6Sr6,176,hP14,0.0,metal,19.8272,4.2698,277.581,415.14,172.189,1.942,39.3626,38.3154,4.60048,4.65734e-05,78.631,80.7801,14,3,-5.94712,
Cr2O4,136,tP6,0.0,half-metal,9.99441,4.65182,59.9665,701.352,385.775,2.52754,14.3792,13.9164,9.66821,4.37729e-05,181.288,187.317,6,2,-7.46746,
Cr2O6,40,oS16,,,17.4494,2.37894,139.595,803.171,401.5,2.07696,17.5173,17.1897,19.7069,3.06094e-05,113.211,115.369,8,2,-7.73099,-1.62529
Cr2O8P2,63,oS24,1.7989,insulator-indirect,10.8191,3.75947,129.83,875.949,382.628,2.09134,24.7097,24.2832,16.0695,2.80696e-05,188.246,191.553,12,3,-7.59243,
Cr2O8Tb2,141,tI24,0.1927,insulator-indirect,13.7819,5.5207,165.383,497.909,217.522,2.05716,32.2544,31.5413,6.18622,3.6456e-05,147.147,150.474,12,3,-7.69236,
Cr2O8V2,63,oS24,1.8322,insulator-indirect,12.2133,3.78281,146.559,728.78,318.42,2.01844,27.7622,27.2583,11.8175,3.05419e-05,166.744,169.826,12,3,-7.80516,-1.39367
Cr2P8,15,mS20,0.1757,insulator-direct,15.2004,3.84298,152.004,682.815,317.021,2.10025,24.0214,23.4837,13.7047,3.62943e-05,121.092,123.864,10,2,-5.71904,
Cr2S2,15,mS8,0.1505,insulator-indirect,18.6297,3.74613,74.5187,379.857,239.385,2.03422,11.5066,11.1167,5.96175,5.70656e-05,72.0542,74.5816,4,2,-6.49592,
Cr2Te2,63,oS8,0.0,half-metal,24.5789,6.06671,98.3157,128.018,80.6349,2.32347,12.5645,11.8991,0.398922,7.83565e-05,49.1803,51.9304,4,2,-5.58467,
Cr3Ge3Nb3,189,hP9,0.0,metal,15.0512,7.99836,135.461,426.028,204.799,2.10654,24.9536,24.4991,7.25123,2.91519e-05,179.548,182.879,9,3,-6.46819,
Cr3N1Pt1,221,cP5,0.0,metal,14.5073,8.35768,72.5366,343.932,201.172,2.56492,14.8126,14.1025,3.6728,6.45489e-05,106.154,111.499,5,3,-6.92568,
Cr3Nb1,221,cP4,0.0,metal,18.0974,5.70938,72.3895,346.069,217.966,1.70552,11.5755,11.2586,9.69749,5.37058e-05,67.9434,69.8559,4,2,-6.98872,
Cr3Si6,180,hP9,0.9299,insulator-indirect,11.9683,5.00255,107.715,766.241,368.254,2.084,20.2525,19.8897,19.9543,2.91916e-05,178.755,182.015,9,2,-5.79668,
Cr4Cu2S8,227,cF56,0.0,metal,17.8696,3.92648,250.174,354.939,147.294,2.12248,40.7895,39.2994,1.90054,5.87339e-05,77.7559,80.7039,14,3,-5.40971,
Cr4Cu2Se8,227,cF56,0.0,metal,21.0948,5.43579,295.327,235.966,97.9195,2.20295,42.6607,40.7915,0.888126,6.79835e-05,61.7019,64.5292,14,3,-4.92683,
Cr4Cu2Te8,227,cF56,0.0,metal,26.3239,6.10929,368.535,154.979,64.3116,2.25592,43.6983,41.4858,0.361188,7.67096e-05,45.6284,48.0618,14,3,-4.47575,
Cr4Ga2N2,194,hP8,0.0,metal,13.3254,5.84867,106.603,522.96,261.5,1.30722,21.0153,20.7289,25.5787,3.45842e-05,102.042,103.452,8,3,-6.42115,
Cr4Hf2,227,cF24,0.0,metal,15.0471,10.3912,90.2826,284.967,156.842,1.79816,17.4728,17.2257,5.21894,2.63806e-05,178.633,181.196,6,2,-7.06901,
Cr4Hg2O8,227,cF56,1.2025,insulator-indirect_spin-polarized,12.3654,7.07091,173.115,380.012,157.667,2.14452,40.0156,38.8843,2.5102,4.48314e-05,147.143,151.424,14,3,-6.55242,-0.940388
Cr4Hg2S8,227,cF56,0.4267,insulator-direct_spin-polarized,20.3204,5.05275,284.486,299.076,124.059,2.14649,41.6205,40.0697,1.69273,5.90459e-05,70.2784,72.9984,14,3,-5.12046,
Cr4Hg2Se8,227,cF56,0.0,half-metal,23.8058,6.18237,333.282,224.963,93.3555,2.27225,42.9508,40.9118,0.962853,7.10425e-05,54.3457,57.0542,14,3,-4.65056,
Cr4La4S12,62,oP20,0.2562,insulator-direct_spin-polarized,20.4742,4.65669,409.484,383.129,141.098,2.03712,57.1027,55.4987,2.92377,4.67821e-05,80.8486,83.1852,20,3,-6.34186,
Cr4La4Se12,62,oP20,0.0921,insulator-indirect,23.5256,6.03895,470.511,289.9,106.837,2.07417,59.2943,57.3877,1.90356,5.26394e-05,66.0236,68.2171,20,3,-5.8045,
Cr4Mg2O8,227,cF56,2.7649,insulator-direct,10.9061,4.18264,152.685,636.132,263.885,2.04676,34.7063,33.9299,6.52937,3.71844e-05,166.169,169.972,14,3,-7.47939,-1.6827
Cr4Mg2O8,227,cF56,2.766,insulator-direct,10.9081,4.18185,152.714,639.105,265.13,2.04545,34.6371,33.865,6.63248,3.70751e-05,166.214,170.004,14,3,-7.47939,-1.68269
Cr4Mn2O8,227,cF56,2.3446,insulator-indirect,11.3923,4.642,159.492,539.934,224.053,2.06594,36.8581,35.9789,4.60207,3.92546e-05,161.914,165.87,14,3,-8.02361,-1.14691
Cr4Nb4P4,62,oP12,0.0,metal,14.7498,6.60008,176.997,510.887,223.2,1.97688,31.9697,31.3338,9.54724,3.46364e-05,135.394,138.142,12,3,-7.45558,
Cr4O12Te2,136,tP18,1.2773,insulator-indirect,10.9371,5.52627,196.868,647.782,247.258,2.22796,44.2923,43.2708,6.43882,3.5278e-05,188.577,193.028,18,3,-6.90599,
Cr4O12W2,136,tP18,1.1356,insulator-indirect,10.9124,6.48988,196.422,635.061,242.298,2.08488,44.4131,43.6401,8.187,2.8271e-05,223.389,227.346,18,3,-8.2221,-1.3554
Cr4O8,205,cP12,0.0,half-metal,9.38466,4.95407,112.616,710.98,310.558,2.2088,28.3709,27.6399,8.31568,3.98758e-05,184.056,188.924,12,2,-7.35863,
Cr4O8Zn2,227,cF56,2.6342,insulator-indirect,10.6447,5.20069,149.026,601.964,249.778,2.05393,35.4787,34.6744,6.61224,3.75339e-05,173.25,177.269,14,3,-7.05338,-1.30349
Cr4O8Zn2,141,tI28,2.6349,insulator-indirect,10.6421,5.20196,148.99,601.935,249.778,2.05491,35.4803,34.6751,6.60566,3.75622e-05,173.188,177.21,14,3,-7.05336,-1.30347
Cr4P4,62,oP8,0.0,metal,15.8767,4.33889,127.014,478.75,239.5,2.36966,22.1978,21.2707,5.05641,6.00079e-05,90.7302,94.6847,8,2,-6.63058,
Cr4S8Zn2,227,cF56,1.1686,insulator-indirect,18.3592,3.84545,257.029,410.086,170.114,2.06585,39.6971,38.4211,3.15726,5.29808e-05,79.4239,82.0616,14,3,-5.37411,
Cr4Se8Zn2,227,cF56,0.3897,insulator-indirect,21.6301,5.32138,302.822,291.114,120.74,2.16446,41.8645,40.1751,1.75505,6.35842e-05,61.846,64.4466,14,3,-4.84226,
Cr4Ti2,227,cF24,0.0,metal,13.9052,6.04626,83.431,446.927,245.994,1.85154,16.4112,16.1689,9.90962,2.68458e-05,182.452,185.186,6,2,-5.37787,
Cr6Si2,223,cP8,0.0,metal,11.7418,6.50798,93.9343,643.15,321.5,2.84088,20.0355,19.3243,8.30376,4.30899e-05,183.035,189.772,8,2,-5.78739,
Cs1,225,cF4,0.0,metal,115.717,1.90719,115.717,42.9222,43.0,1.66203,3.6992,2.99774,0.196911,0.000443323,1.26243,1.55783,1,1,-0.853276,-0.000825
Cs1,229,cI2,0.0,metal,115.337,1.91348,115.337,36.0384,36.0,1.48274,3.91138,2.99834,0.148068,0.000566601,1.00797,1.31492,1,1,-0.852328,0.000123
Cs12O12Sb4,198,cP28,3.0799,insulator-indirect,29.3421,4.59582,821.579,182.911,60.265,2.20131,87.6459,82.5835,0.343002,9.0735e-05,33.483,35.5356,28,3,-4.57251,-1.53821
Cs1F1,225,cF8,5.277,insulator-indirect,28.521,4.42205,57.042,148.871,118.261,2.28832,6.80724,5.93998,0.923511,0.000205395,15.513,17.778,2,2,-4.01614,-2.66015
Cs1F1,221,cP2,5.9596,insulator-direct,25.2669,4.99155,50.5338,131.031,103.975,2.35389,7.24893,5.95516,0.566103,0.000269864,15.0917,18.3704,2,2,-3.90867,-2.55268
Cs1F3Mg1,221,cP5,6.6888,insulator-direct,15.4119,4.61587,77.0595,355.157,207.605,2.21288,15.0515,14.0607,3.34248,0.000104183,52.6188,56.3269,5,3,-4.79555,-3.19065
Cs1F3Pb1,221,cP5,2.9226,insulator-direct,23.5583,5.59803,117.792,194.934,114.037,2.26361,15.9455,14.7183,1.12304,0.00011907,32.5283,35.2405,5,3,-4.57216,-2.54502
Cs1F3Sr1,221,cP5,6.2215,insulator-indirect,22.4189,4.11113,112.094,250.054,146.201,2.20777,15.7533,14.5355,1.72397,0.000122166,32.0031,34.6844,5,3,-5.0611,-3.43819
Cs1F3Yb1,221,cP5,1.7844,insulator-direct,19.768,6.0975,98.8401,244.09,142.692,2.18758,15.7083,14.5584,2.04399,0.00011653,37.9904,40.9912,5,3,-4.95134,
Cs1H1,221,cP2,2.5936,insulator-indirect,28.3712,3.91891,56.7423,147.121,116.674,2.06973,7.5185,5.94744,0.976334,0.000393218,7.38566,9.33664,2,2,-2.22309,-0.103695
Cs1H1,225,cF8,2.3222,insulator-direct,32.7677,3.3931,65.5354,139.204,110.324,1.76839,7.28025,5.95037,1.22114,0.000378132,5.84723,7.15406,2,2,-2.27473,-0.155328
Cs1I1,221,cP2,3.6833,insulator-indirect,50.6611,4.25795,101.322,98.9233,78.5764,2.40993,7.49937,5.97616,0.500102,0.000319121,6.26573,7.86274,2,2,-2.72468,-1.53978
Cs1I1,225,cF8,3.8625,insulator-direct,60.5266,3.56393,121.053,82.0159,65.0834,2.46685,7.24747,5.98385,0.286487,0.000275423,5.84975,7.08504,2,2,-2.75761,-1.57271
Cs1I3Sn1,221,cP5,0.4577,insulator-direct,49.3494,4.25527,246.747,119.022,69.5916,2.16023,16.349,14.8983,0.574119,0.000143094,12.6936,13.9295,5,3,-2.8093,-0.969369
Cs1K2Sb1,225,cF16,0.8783,insulator-direct,41.8411,3.30246,167.364,143.86,90.7143,2.08384,13.6388,11.8875,0.798508,0.000221493,9.20709,10.5636,4,3,-2.18828,-0.454599
Cs2Cu2F8,140,tI24,1.8166,insulator-indirect,20.5002,3.67806,246.002,258.824,113.129,2.32794,37.6893,34.8042,0.756474,0.000115608,38.5395,41.7344,12,3,-3.7376,
Cs2Cu2O4,63,oS16,1.2828,insulator-indirect,22.468,4.22102,179.744,261.993,131.0,2.23128,24.4256,23.1634,1.45598,7.96349e-05,49.2376,51.9207,8,3,-4.26136,
Cs2F4H2,140,tI16,6.5153,insulator-direct,19.2415,3.70896,153.932,227.017,113.5,2.12267,26.3354,23.4154,0.755878,0.000186173,23.7356,26.6955,8,3,-4.28118,-2.29172
Cs2F6Ge1,225,cF36,6.013,insulator-direct,20.9086,3.99205,188.177,233.97,112.495,2.23533,28.0477,26.2567,0.821265,9.88263e-05,43.0605,45.9977,9,3,-4.71356,-2.78403
Cs2F6Si1,225,cF36,6.9045,insulator-direct,20.6565,3.64326,185.908,271.966,130.764,2.08058,27.3713,25.983,1.34969,8.39319e-05,47.4237,49.9575,9,3,-5.20756,-3.1758
Cs2Fe2O4,227,cF32,1.7527,insulator-direct_spin-polarized,20.7509,4.41627,166.007,235.027,117.5,2.01325,24.1707,23.3128,1.23136,5.99933e-05,64.8012,67.1859,8,3,-5.62294,-0.8305
Cs2Gd2S4,194,hP8,2.0817,insulator-indirect,30.2116,4.86807,241.693,253.035,126.5,1.96547,24.0358,23.2023,2.94447,6.00269e-05,43.2463,44.7999,8,3,-7.56756,
Cs2H4Mg1,139,tI14,3.0015,insulator-indirect,19.7708,3.52934,138.395,243.811,127.553,1.77217,22.7393,20.4021,1.50805,0.000206912,16.8487,18.7789,7,3,-2.62548,-0.219223
Cs2Hf1I6,225,cF36,2.201,insulator-indirect,47.8247,4.65161,430.422,136.038,65.382,2.13625,28.5732,26.7485,0.621899,0.000103048,17.8053,19.0199,9,3,-3.57994,-1.27306
Cs2I6Pd1,225,cF36,0.091,insulator-indirect,44.2065,4.73146,397.859,141.907,68.2665,2.51585,30.0901,26.7446,0.455577,0.000156364,15.1351,17.0284,9,3,-2.3049,
Cs2I6Pt1,225,cF36,0.6116,insulator-indirect,45.0259,5.00878,405.233,143.873,69.228,2.46513,29.3127,26.7294,0.537885,0.000124898,18.1465,19.9003,9,3,-2.4485,
Cs2I6Sn2,127,tP10,0.6731,insulator-direct,50.824,4.1318,508.24,117.976,54.7707,2.17554,32.6099,29.7973,0.348189,0.000139549,12.8192,14.0293,10,3,-2.78125,
Cs2I6Te1,225,cF36,1.4093,insulator-indirect,49.2472,4.3266,443.225,131.075,62.9782,2.34473,29.9389,26.7823,0.438525,0.000157355,12.7515,14.2544,9,3,-2.38464,-0.834592
Cs2N4Nb2,227,cF32,1.7973,insulator-indirect,22.6677,4.64855,181.341,299.021,149.5,1.87374,23.3407,22.8721,3.50971,3.61334e-05,89.9619,91.8048,8,3,-7.32511,
Cs2N6,140,tI16,4.2179,insulator-direct,23.0361,3.15235,184.289,350.871,175.5,2.02584,23.3148,22.4891,3.32689,5.97274e-05,56.5512,58.6275,8,2,-6.6228,-0.170667
Cs2Na2S2,129,tP6,2.4474,insulator-indirect,30.8556,3.37169,185.134,189.201,104.011,2.09417,19.5625,17.6913,0.927923,0.000160958,16.9991,18.7971,6,3,-3.16787,-1.06981
Cs2O12Te4,227,cF72,0.0,metal,16.3924,5.44881,295.063,454.923,173.615,2.49031,50.3545,48.4123,2.95947,5.32122e-05,105.007,109.219,18,3,-5.28173,-1.20149
Cs2O4Y2,194,hP8,2.8353,insulator-indirect,18.9464,5.56123,151.571,348.994,174.5,2.08279,23.2336,22.4957,4.1819,5.19717e-05,81.4304,84.1012,8,3,-6.92011,-2.62563
Cs2S2,71,oI8,1.7124,insulator-indirect,44.0775,3.10739,176.31,137.002,86.3046,2.14914,12.9988,11.8917,0.646664,0.000140357,14.0576,15.3664,4,2,-3.44597,-0.95656
Cs2S4Tb2,194,hP8,2.2114,insulator-indirect,29.6606,4.98194,237.285,254.963,127.5,1.97942,24.0196,23.1902,2.96457,5.93468e-05,44.8453,46.4492,8,3,-5.27066,
Cs3H9Mg3,166,hR15,2.6477,insulator-indirect,16.6625,3.1937,249.937,323.943,131.376,1.62667,45.8,42.6555,1.84575,0.000151118,23.7138,25.462,15,3,-2.75118,-0.230181
Cs3I9Sb2,164,hP14,1.5371,insulator-indirect,49.3068,4.29236,690.296,133.022,55.1835,2.19097,45.3067,41.6394,0.394267,0.00012957,14.0113,15.2453,14,3,-2.66448,-0.950753
Cs3In9,119,tI24,0.0,metal,36.8414,5.37904,442.096,148.99,65.0817,2.57809,41.4413,35.6387,0.36912,0.000194347,15.0015,17.444,12,2,-2.29611,
Cs4I8Li4,36,oS32,3.7393,insulator-direct,42.2201,3.87067,675.521,111.93,44.4472,2.15437,56.1678,47.7331,0.163865,0.000254012,8.35218,9.82805,16,3,-2.83345,-1.38541
Cs4Na8,194,hP12,0.0,metal,54.0144,1.83313,648.173,90.9868,39.7479,1.62668,43.4769,35.8762,0.131432,0.000390018,3.07525,3.72677,12,2,-1.15888,0.0021855
Cs4Pt2,194,hP6,1.992,insulator-indirect,39.7115,6.4242,238.269,89.9892,49.5289,1.98818,19.9444,17.9312,0.300135,0.00018025,11.1141,12.3619,6,2,-1.82798,
Cs6Hg40,223,cP46,0.0,metal,33.1899,9.59412,1526.73,60.0049,16.7455,2.71852,146.821,137.965,0.0137347,5.27106e-05,74.8802,79.6863,46,2,-0.53792,-0.165141
Cs6Ni2O4,136,tP12,1.3118,insulator-direct_spin-polarized,28.883,4.68948,346.596,171.929,75.1279,2.23058,38.5288,35.4758,0.488223,0.00012407,25.1899,27.3577,12,3,-3.52205,
Cs8I24Sn4,225,cF36,0.1169,insulator-direct,48.7029,4.3412,1753.3,115.929,35.131,2.50365,123.26,107.334,0.103803,0.000183793,11.7984,13.5491,36,3,-2.51514,
Cs8Te20,63,oS28,0.3231,insulator-indirect,44.2174,4.84882,1238.09,146.99,48.4096,2.23932,89.0325,83.0963,0.312046,0.000102692,20.3117,21.7627,28,2,-3.05958,-0.572154
Cs8Te4,62,oP12,1.7636,insulator-direct,54.5119,3.99469,654.143,90.0308,39.3111,2.1428,40.5607,35.8663,0.151365,0.00019183,8.47326,9.58229,12,2,-2.63864,-1.0232
Cu1,229,cI2,0.0,metal,11.888,8.87624,11.888,400.245,400.0,2.37696,2.89822,2.75832,16.4319,7.00279e-05,105.531,110.883,1,1,-2.18193,
Cu12N4Pd1,123,tP17,0.0,metal,12.9396,6.9825,219.973,318.119,123.674,2.32643,50.5348,48.3625,1.14098,6.32848e-05,109.711,114.639,17,3,-3.2729,
Cu18Ga15Mg6,200,cP39,0.0,metal,14.6562,6.7855,571.593,310.189,91.4128,2.3933,118.444,111.349,0.656778,8.65499e-05,73.008,77.6601,39,3,-2.36527,
Cu1Dy1,221,cP2,0.0,metal,21.1083,8.89124,42.2167,225.004,178.583,1.91502,6.04061,5.84215,6.26072,5.85702e-05,61.8805,63.9825,2,2,-3.6233,
Cu1Dy2Ge6,38,oS18,0.0,metal,19.5884,7.76212,176.296,317.944,152.878,2.18716,26.6,25.6008,3.84805,5.8678e-05,73.5873,76.4594,9,3,-4.68074,
Cu1Er1,221,cP2,0.0,metal,20.3301,9.42599,40.6602,224.961,178.583,1.92277,6.04386,5.84212,6.2748,5.86867e-05,64.5165,66.7444,2,2,-3.62632,
Cu1Ga1Pt2,123,tP4,0.0,metal,14.1333,15.3756,56.5332,263.989,166.31,2.5605,11.9501,11.5639,3.43674,4.28939e-05,167.789,173.392,4,3,-3.49255,
Cu1Ga2,123,tP3,0.0,metal,15.7044,7.15557,47.1133,285.265,197.608,2.64066,9.48139,8.64087,2.6483,0.000115788,58.2701,63.9382,3,2,-2.42036,
Cu1Ge6Ho2,38,oS18,0.0,metal,19.5321,7.8304,175.789,316.102,151.917,2.19364,26.6294,25.6178,3.76637,5.91689e-05,73.6889,76.5985,9,3,-4.66391,
Cu1Ge6Y2,38,oS18,0.0,metal,19.8336,6.29692,178.502,340.104,163.455,2.17407,26.3731,25.3981,3.92314,5.8176e-05,72.5713,75.3572,9,3,-5.09852,
Cu1Hf1Hg2,216,cF16,0.0,metal,19.0498,14.017,76.1993,134.009,84.4147,2.50532,12.4233,11.8885,0.638006,5.84642e-05,92.7529,96.9248,4,3,-3.05244,
Cu1Hf2,139,tI6,0.0,metal,18.8375,12.3566,56.5124,267.988,185.821,1.79827,8.8142,8.65726,11.052,3.33767e-05,113.182,115.234,3,2,-7.50393,
Cu1Hg2Zr1,216,cF16,0.0,metal,19.3948,11.8997,77.5791,163.999,103.314,2.50385,12.3712,11.8332,1.01794,5.91465e-05,89.7307,93.8099,4,3,-2.80272,
Cu1Ho1,221,cP2,0.0,metal,20.649,9.18674,41.298,227.979,180.964,1.90501,6.03381,5.83781,6.62784,5.78996e-05,63.4579,65.5885,2,2,-3.6248,
Cu1I1,216,cF8,1.6515,insulator-direct,28.2043,5.60643,56.4085,162.092,128.579,2.46922,6.50148,5.92418,1.2584,0.000126115,28.0164,30.7465,2,2,-2.14468,
Cu1Li2Sb1,216,cF16,0.5017,insulator-indirect,16.0423,5.15422,64.1693,319.006,200.957,2.11096,12.287,11.3943,3.68519,0.000120899,41.7484,45.0191,4,3,-2.97885,
Cu1Li2Sn1,216,cF16,0.0,metal,15.998,5.08911,63.9919,298.175,187.728,2.18831,12.5257,11.4791,2.73586,0.000134533,39.4146,43.0083,4,3,-2.75343,
Cu1Mg1Sb1,216,cF12,0.0,metal,20.3736,5.69447,61.1208,281.86,195.528,2.18997,9.06404,8.63377,4.30762,7.45593e-05,56.5059,59.3219,3,3,-2.92041,
Cu1Mg1Sn1,216,cF12,0.0,metal,20.5315,5.56817,61.5946,232.841,161.553,2.30217,9.30332,8.75291,2.15744,8.81926e-05,50.7893,53.9831,3,3,-2.65545,
Cu1Mg1Sn1,216,cF12,0.0,metal,22.6742,5.04199,68.0227,125.047,86.6702,2.13746,9.48148,8.92886,0.402978,9.35651e-05,41.2095,43.76,3,3,-2.43448,
Cu1Mn1Sb1,216,cF12,0.0,metal,20.0075,6.64613,60.0226,250.983,174.034,2.0542,9.06729,8.70791,3.97886,6.62414e-05,60.7409,63.2476,3,3,-4.57003,
Cu1Mn3N1,221,cP5,0.0,metal,13.6953,5.87736,68.4763,340.177,198.833,3.74952,15.7297,14.1897,1.04126,0.000117311,70.1774,77.794,5,3,-6.32405,
Cu1Ni2Sb1,225,cF16,0.0,metal,13.1103,9.5842,52.4411,269.887,170.089,2.36621,11.9998,11.5484,2.46569,5.42312e-05,130.903,136.019,4,3,-2.74563,
Cu1Ni2Sn1,225,cF16,0.0,metal,13.3117,9.34372,53.2469,233.977,147.411,2.36438,12.1352,11.6602,1.60187,5.63913e-05,124.797,129.881,4,3,-2.57522,
Cu1Pd1,221,cP2,0.0,metal,13.7034,10.2968,27.4067,273.941,217.474,2.57211,6.04199,5.76863,3.88647,6.03605e-05,123.271,129.113,2,2,-2.59105,
Cu1Pt7,225,cF32,0.0,metal,15.0391,19.7253,120.313,252.045,126.0,2.72753,23.8828,23.1994,2.28524,3.57061e-05,202.549,208.516,8,2,-3.48378,
Cu1Rh2Sn1,225,cF16,0.0,metal,15.1255,10.6504,60.502,312.969,197.178,2.42894,11.7286,11.3914,4.86328,4.01335e-05,156.918,161.564,4,3,-3.77326,
Cu1Sc1,221,cP2,0.0,metal,18.0502,4.99086,36.1003,359.055,284.938,1.93482,5.78314,5.60341,11.3908,5.46656e-05,74.4396,76.8273,2,2,-3.91737,
Cu1Tb1,221,cP2,0.0,metal,21.3913,8.63488,42.7826,221.987,176.202,1.97885,6.06332,5.84658,5.53727,6.16787e-05,60.0332,62.2587,2,2,-3.62465,
Cu1Ti2,139,tI6,0.0,metal,16.2415,5.43055,48.7245,444.09,307.852,1.91197,8.2797,8.10025,15.9117,3.83441e-05,112.939,115.441,3,2,-4.04309,
Cu1Ti3,123,tP4,0.0,metal,17.4654,4.92602,69.8617,368.054,231.825,2.08913,11.5636,11.1704,6.15669,5.47344e-05,84.5574,87.5341,4,2,-4.24508,
Cu1Y1,221,cP2,0.0,metal,21.4236,5.90827,42.8471,273.886,217.474,1.87862,5.95079,5.7649,7.99639,5.67348e-05,60.896,62.8597,2,2,-4.5463,
Cu1Zn1,221,cP2,0.0,metal,12.6742,8.44577,25.3484,272.03,215.887,2.29787,6.10155,5.77529,3.60069,8.00284e-05,89.2757,94.3191,2,2,-1.45948,
Cu1Zr2,139,tI6,0.0,metal,19.5935,6.94907,58.7805,305.972,212.169,1.84998,8.73114,8.55637,9.17171,3.65314e-05,100.996,103.059,3,2,-6.54609,
Cu2Dy1Ge2,139,tI10,0.0,metal,17.0776,8.45502,85.3879,322.012,188.307,2.22348,14.749,14.199,5.16864,5.73756e-05,87.9459,91.352,5,3,-4.09639,
Cu2Dy1In1,225,cF16,0.0,metal,18.2661,9.19112,73.0642,250.07,157.49,2.17377,12.1062,11.6133,3.50893,6.39881e-05,73.6848,76.8123,4,3,-3.2408,
Cu2Dy2Pb2,186,hP6,0.0,metal,22.8608,10.4899,137.165,238.092,130.976,2.24462,18.2282,17.4746,3.30965,6.28506e-05,62.5501,65.2475,6,3,-3.90069,
Cu2Dy2Si2,194,hP6,0.0,metal,18.5552,7.5809,111.331,357.936,197.015,2.01815,17.2818,16.8097,7.78039,4.59799e-05,90.2193,92.7533,6,3,-4.72877,
Cu2Dy2Sn2,194,hP6,0.0,metal,22.2017,8.59465,133.21,270.034,148.587,2.11654,17.9118,17.3164,4.33028,5.34735e-05,70.2426,72.658,6,3,-4.05019,
Cu2Er1In1,225,cF16,0.0,metal,17.8757,9.50237,71.5029,249.118,156.86,2.19235,12.1196,11.617,3.42503,6.45547e-05,75.0357,78.2826,4,3,-3.22755,
Cu2Er1Si2,139,tI10,0.0,metal,15.5943,7.46502,77.9713,404.162,236.261,2.1201,14.1858,13.7563,8.86544,4.86283e-05,104.675,107.943,5,3,-4.51562,
Cu2Er2Pb2,194,hP6,0.0,metal,22.413,10.8171,134.478,223.92,123.272,2.23826,18.2842,17.5344,2.79132,6.26661e-05,63.5884,66.3074,6,3,-3.81781,
Cu2Er2Si2,194,hP6,0.0,metal,18.1719,7.8858,109.031,355.935,195.914,2.01709,17.2967,16.8241,7.74222,4.6001e-05,92.3733,94.9685,6,3,-4.71321,
Cu2Er2Sn2,194,hP6,0.0,metal,21.6923,8.91795,130.154,271.885,149.687,2.12279,17.9134,17.3101,4.42785,5.39399e-05,71.4567,73.947,6,3,-4.01461,
Cu2F6K2,127,tP10,1.2831,insulator-indirect_spin-polarized,14.0123,3.78364,140.123,416.932,193.554,2.22187,29.28,27.428,2.44734,9.97443e-05,58.5768,62.532,10,3,-3.9984,
Cu2F6K2,140,tI20,1.2955,insulator-indirect_spin-polarized,14.0454,3.77474,140.454,409.306,189.841,2.21342,29.3754,27.5162,2.33043,0.000100108,58.2186,62.1523,10,3,-3.99913,
Cu2F6Rb2,140,tI20,1.3462,insulator-indirect_spin-polarized,15.0049,4.55966,150.049,364.268,168.954,2.28427,30.1423,28.0272,2.02218,0.000107616,53.651,57.6998,10,3,-3.95506,
Cu2F8Sr2,140,tI24,2.7079,insulator-direct_spin-polarized,14.6919,4.27909,176.303,369.809,161.612,2.22512,35.4654,33.5228,1.81352,8.53771e-05,67.0944,70.9822,12,3,-4.76254,
Cu2Fe4Ge4,51,oP10,0.0,metal,12.963,8.20908,129.63,437.212,202.837,2.5916,28.3885,27.1385,3.93539,5.78093e-05,129.082,135.028,10,3,-3.63551,
Cu2Ga1Sc1,225,cF16,0.0,metal,15.2683,6.57398,61.0731,279.073,175.759,2.16759,12.0147,11.5198,2.76616,6.48625e-05,86.0221,89.7178,4,3,-3.3292,
Cu2Ga2O4,194,hP8,1.0375,insulator-indirect,11.2309,6.10941,89.8473,452.028,226.0,2.17319,22.2384,21.5413,4.54873,4.91775e-05,143.67,148.319,8,3,-5.03943,-0.824228
Cu2Ga2S4,122,tI16,1.122,insulator-direct,19.1436,4.28074,153.149,347.139,173.5,2.24791,23.5818,22.5313,2.72807,6.80466e-05,66.0468,69.1263,8,3,-3.85327,
Cu2Ga2Te4,122,tI16,0.43,insulator-direct,28.3443,5.68979,226.754,215.126,107.5,2.31176,24.7947,23.4349,1.366,8.16884e-05,40.1431,42.4725,8,3,-3.04882,
Cu2Ga2Zr2,194,hP6,0.0,metal,16.8254,7.38558,100.952,359.94,198.116,2.08748,17.2601,16.7983,6.28372,4.35206e-05,108.733,111.723,6,3,-4.78957,
Cu2Ge1Li1,225,cF16,0.0,metal,12.8419,6.67944,51.3675,293.01,184.578,2.35037,12.3513,11.4865,2.17903,0.000103798,68.4767,73.632,4,3,-2.90468,
Cu2Ge2La1,139,tI10,0.0,metal,18.5877,7.34654,92.9385,327.982,191.816,2.23811,14.738,14.1755,5.24461,5.82757e-05,79.8911,83.0618,5,3,-4.16854,
Cu2Ge2Sr1,139,tI10,0.0,metal,19.044,6.27616,95.2199,315.076,184.213,2.25268,14.985,14.2442,4.04382,7.58051e-05,60.4349,63.5778,5,3,-3.39018,
Cu2Ge2Tb1,139,tI10,0.0,metal,17.1216,8.36394,85.608,330.944,193.57,2.22645,14.7088,14.1589,5.56247,5.73989e-05,87.3872,90.7813,5,3,-4.1125,
Cu2Hf10Pb6,193,hP18,0.0,metal,21.483,13.549,386.694,239.073,91.1956,2.11792,53.6585,52.3692,2.16858,3.83924e-05,102.657,105.184,18,3,-7.09453,
Cu2Hf10Sn6,193,hP18,0.0,metal,20.9037,11.5808,376.267,268.039,102.261,2.03349,53.0686,51.9546,2.75404,3.48085e-05,110.895,113.273,18,3,-7.33325,
Cu2Hf1In1,225,cF16,0.0,metal,16.2898,10.7137,65.1591,278.956,175.759,2.19319,11.8904,11.5144,4.78808,4.90001e-05,107.706,111.223,4,3,-4.39613,
Cu2Hf8P2,124,tP12,0.0,metal,18.3166,12.2158,219.799,234.0,102.209,1.85133,35.5733,34.9524,2.6045,3.17094e-05,127.952,130.225,12,3,-8.40835,
Cu2Ho1In1,225,cF16,0.0,metal,18.0781,9.34249,72.3124,249.021,156.86,2.17951,12.1142,11.6174,3.45826,6.41906e-05,74.4018,77.5834,4,3,-3.23289,
Cu2Ho2Si2,194,hP6,0.0,metal,18.3803,7.72624,110.282,354.937,195.364,2.01891,17.3021,16.8288,7.6226,4.60215e-05,91.3416,93.9103,6,3,-4.7209,
Cu2Ho2Sn2,194,hP6,0.0,metal,22.1026,8.69404,132.616,272.029,149.687,2.11243,17.9038,17.3085,4.46413,5.35162e-05,70.7735,73.2078,6,3,-4.03203,
Cu2In1Lu1,225,cF16,0.0,metal,17.4568,9.91367,69.8273,256.99,161.9,2.19322,12.0935,11.5919,3.80571,6.46378e-05,76.3304,79.633,4,3,-3.21413,
Cu2In1Mn1,225,cF16,0.0,metal,15.6723,7.86309,62.6893,262.098,165.05,2.35749,12.2661,11.584,2.36892,8.12511e-05,73.0212,77.321,4,3,-3.54041,
Cu2In1Sc1,225,cF16,0.0,metal,16.8434,7.07036,67.3736,286.956,180.799,2.21689,11.9968,11.4943,3.51917,6.45714e-05,79.6342,83.1156,4,3,-3.33308,
Cu2In1Ti1,225,cF16,0.0,metal,15.5115,7.75626,62.0459,304.909,192.138,2.23115,11.8527,11.4266,4.08727,5.48875e-05,102.126,105.934,4,3,-3.05819,
Cu2In1Y1,225,cF16,0.0,metal,18.2594,7.52128,73.0376,263.002,165.68,2.16106,12.0597,11.5716,3.39449,6.39604e-05,72.4486,75.5043,4,3,-3.70382,
Cu2In1Zr1,225,cF16,0.0,metal,16.635,8.3135,66.5398,317.071,199.697,2.20897,11.7593,11.3762,5.51684,5.01977e-05,102.518,105.97,4,3,-4.11097,
Cu2In2O4,194,hP8,0.4446,insulator-indirect,14.0159,6.23075,112.128,339.965,170.0,2.22172,23.3821,22.5738,2.52247,5.30502e-05,115.173,119.296,8,3,-4.90755,-0.737437
Cu2In2Se4,122,tI16,0.0,metal,25.3947,5.49738,203.157,220.992,110.5,2.2692,24.6453,23.4027,1.28928,7.62297e-05,47.0193,49.5157,8,3,-3.441,
Cu2Ir4S8,227,cF56,0.0,metal,17.4625,7.82778,244.474,318.929,132.357,2.26761,40.8576,39.7723,2.30535,3.97774e-05,127.29,130.764,14,3,-4.86347,
Cu2K2Se2,194,hP6,0.4621,insulator-direct,24.9713,4.02544,149.828,262.176,144.184,2.23663,18.787,17.3909,1.92942,0.000116156,30.4312,32.8742,6,3,-3.00706,
Cu2K2Te2,194,hP6,0.8173,insulator-direct,29.5243,4.31655,177.146,221.104,121.621,2.27461,19.0589,17.5675,1.49648,0.000120541,25.4829,27.6462,6,3,-2.79888,
Cu2La1Si2,139,tI10,0.0,metal,17.3927,6.15171,86.9635,414.064,242.109,2.16733,14.1481,13.6963,8.66599,5.02354e-05,92.5623,95.6152,5,3,-4.54593,
Cu2La2Pb2,194,hP6,0.0,metal,26.4528,8.57179,158.717,232.973,128.225,2.23722,18.2395,17.4946,3.10657,6.23821e-05,54.1518,56.4577,6,3,-3.9677,
Cu2La2Si2,194,hP6,0.0,metal,21.8331,5.84457,130.999,328.101,180.505,1.93798,17.4643,16.9969,6.25025,4.66605e-05,74.0103,76.0455,6,3,-4.69679,
Cu2Li1P2,139,tI10,0.0,metal,14.5202,4.4825,72.6009,373.106,218.132,2.27498,14.6999,13.9529,3.27323,7.70296e-05,77.3617,81.5035,5,3,-3.74926,
Cu2Li1Si1,225,cF16,0.0,metal,11.9034,5.65394,47.6135,400.865,252.614,2.27254,11.6799,11.037,4.60526,8.42557e-05,83.5184,88.3827,4,3,-3.15163,
Cu2Na2Se2,129,tP6,0.3663,insulator-direct,19.5052,4.6964,117.031,274.032,150.788,2.23483,18.6409,17.3301,1.84977,0.000109881,41.3087,44.433,6,3,-3.00495,
Cu2Nb6Te8,176,hP16,0.0,metal,23.1407,7.64823,370.252,266.979,105.959,2.14787,47.4256,46.2046,1.97817,4.05968e-05,90.737,93.1348,16,3,-5.15966,
Cu2Nb8Si2,124,tP12,0.0,metal,16.5354,7.75364,198.425,429.069,187.383,1.90483,33.0673,32.6064,8.36711,2.46182e-05,174.192,176.654,12,3,-7.13188,
Cu2O2,15,mS8,0.0,metal,11.0669,5.96773,44.2675,272.008,171.349,2.22573,12.0105,11.5413,1.43012,6.00002e-05,131.534,136.881,4,2,-4.17131,0.342769
Cu2O2,15,mS8,,,11.1372,5.93003,44.5489,306.14,192.768,2.21766,11.8546,11.4215,2.05511,5.62487e-05,137.791,143.015,4,2,-5.11907,-0.604995
Cu2O3Sr1,65,oS12,0.0,metal,13.599,5.3465,81.5937,424.165,233.336,2.13458,16.9738,16.3695,5.34777,5.71792e-05,101.013,104.741,6,3,-4.8533,-0.741471
Cu2O4Sc2,194,hP8,2.6414,insulator-indirect,13.4506,4.33637,107.605,451.148,225.5,2.02606,22.1171,21.5378,4.74294,4.39598e-05,125.446,128.82,8,3,-6.73244,-1.65958
Cu2O4Sr2,63,oS16,0.0,metal,14.6669,5.18432,117.335,413.792,207.0,2.15882,22.7595,21.9238,4.29353,5.83123e-05,93.7495,97.3228,8,3,-5.18657,-1.27586
Cu2O4Y2,194,hP8,2.7617,insulator-indirect,15.7166,4.87204,125.733,357.993,179.0,2.05372,23.049,22.4151,3.18158,4.55094e-05,109.691,112.793,8,3,-7.05577,-1.95015
Cu2P2Sr2,194,hP6,0.0295,insulator-indirect,21.0441,4.79073,126.265,362.903,199.767,2.09947,17.4985,16.7959,5.57176,6.54804e-05,57.9884,60.4141,6,3,-3.93315,
Cu2Rh4Se8,227,cF56,0.0,metal,20.2627,6.85105,283.677,237.102,98.3344,2.32393,42.2228,40.7656,0.956171,5.05969e-05,90.875,94.1233,14,3,-3.94064,
Cu2S1,225,cF12,0.0,metal,14.3169,6.15306,42.9507,258.942,179.581,2.34933,9.21341,8.69389,1.94602,8.30631e-05,76.6895,81.2723,3,2,-3.02401,
Cu2S4Tl2,122,tI16,0.0,metal,23.0202,5.98778,184.161,219.931,110.0,2.33882,24.8425,23.41,1.13821,8.51717e-05,47.8433,50.7709,8,3,-3.45589,
Cu2S8Zr4,227,cF56,0.0,metal,20.4978,4.33089,286.97,339.988,141.071,2.01922,40.4712,39.4747,2.46149,4.13453e-05,92.0733,94.3977,14,3,-6.44523,
Cu2Sb2Sr2,194,hP6,0.0,metal,26.5344,5.69308,159.207,266.942,146.936,2.14335,18.1777,17.3434,3.42814,7.35502e-05,43.2209,45.3,6,3,-3.40806,
Cu2Sb2Yb2,186,hP6,0.0,metal,23.4851,8.4455,140.911,235.085,129.325,2.13188,18.3307,17.4893,2.9805,7.38846e-05,48.7726,51.1192,6,3,-3.15886,
Cu2Sb2Yb2,194,hP6,0.0,metal,23.4716,8.45038,140.829,236.957,130.426,2.12317,18.3167,17.4832,3.08599,7.34577e-05,48.8157,51.1432,6,3,-3.15957,
Cu2Sb4Ti10,140,tI32,0.0,metal,18.3373,6.18657,293.397,348.945,138.501,2.02456,46.0407,44.9732,2.98298,3.87259e-05,109.851,112.458,16,3,-4.64624,
Cu2Sc1,139,tI6,0.0,metal,15.7343,6.05242,47.203,331.13,229.503,2.11199,8.83878,8.49592,5.68982,6.28226e-05,81.7642,85.0638,3,2,-3.3898,
Cu2Sc2Sn2,194,hP6,0.0,metal,20.1326,6.24628,120.795,320.104,176.103,2.15001,17.6745,17.0497,4.44734,5.61225e-05,73.7379,76.4403,6,3,-4.11667,
Cu2Se1,225,cF12,0.0,metal,16.3774,6.96403,49.1321,163.078,113.018,2.34042,9.44001,8.87938,0.661273,8.76457e-05,64.865,68.9605,3,2,-2.7578,
Cu2Si2Tb2,194,hP6,0.0,metal,18.8679,7.3504,113.207,360.064,198.116,2.02012,17.2728,16.7992,7.81616,4.60625e-05,89.0927,91.6046,6,3,-4.73711,
Cu2Si2Y2,194,hP6,0.0,metal,18.7334,5.33431,112.401,417.999,230.034,2.01308,16.8554,16.4031,8.86952,4.52578e-05,88.6263,91.0699,6,3,-5.36013,
Cu2Sn2Tb2,194,hP6,0.0,metal,22.43,8.41896,134.58,274.894,151.338,2.11445,17.8834,17.2911,4.55154,5.33755e-05,69.4907,71.8713,6,3,-4.06826,
Cu2Sn2Y2,194,hP6,0.0,metal,22.2793,6.73632,133.676,307.038,168.949,2.11579,17.709,17.1224,5.02127,5.33258e-05,69.2136,71.5847,6,3,-4.6928,
Cu2Sn2Y2,186,hP6,0.0,metal,22.1048,6.7895,132.629,313.965,172.801,2.12306,17.6812,17.086,5.31827,5.39929e-05,69.0597,71.4655,6,3,-4.72434,
Cu2Sn6Zr10,193,hP18,0.0,metal,21.5869,7.48479,388.564,334.041,127.445,2.02019,51.9319,50.8499,3.65049,3.48912e-05,103.744,105.952,18,3,-6.73056,
Cu2Te2Tl1,139,tI10,0.0,metal,25.2138,7.72734,126.069,174.914,102.341,2.37689,15.7934,14.771,1.10456,9.42888e-05,40.4023,43.1989,5,3,-2.80327,
Cu2Zn1Zr1,225,cF16,0.0,metal,15.0218,7.83996,60.0873,297.944,187.728,2.14017,11.8444,11.4484,4.03791,5.31856e-05,104.666,108.286,4,3,-3.54178,
Cu2Zr2,11,mP4,0.0,metal,17.5071,7.33972,70.0286,244.05,153.71,1.95546,11.9112,11.6229,3.10384,4.18086e-05,105.157,107.765,4,2,-5.44343,
Cu36Ga16,215,cP52,0.0,metal,12.9001,8.42504,670.805,336.837,90.2877,2.51039,156.13,147.1,0.657801,7.95775e-05,93.8441,99.6055,52,2,-2.38663,
Cu36In16,215,cP52,0.0,metal,14.9182,8.82938,775.746,279.818,75.0165,2.50213,159.255,149.844,0.483051,8.14138e-05,80.8598,85.9379,52,2,-2.35186,
Cu3Ge3Sc3,189,hP9,0.0,metal,16.8969,5.93227,152.072,410.012,197.107,2.09152,25.5043,24.6949,5.70797,5.17598e-05,88.919,91.8334,9,3,-4.57228,
Cu3In3La3,189,hP9,0.0,metal,24.1926,7.25899,217.733,202.984,97.5922,2.10824,27.5261,26.4246,1.34108,6.46921e-05,54.1299,56.3863,9,3,-3.55372,
Cu3Mg3Y3,189,hP9,0.0,metal,21.5839,4.53288,194.255,250.045,120.187,1.8628,27.0889,26.1226,1.7611,6.5123e-05,52.4358,54.3755,9,3,-3.62009,
Cu3N1,221,cP4,0.5237,insulator-indirect,13.9693,6.08158,55.877,326.896,205.997,2.27364,11.8503,11.3446,3.30319,6.44706e-05,97.0526,101.379,4,2,-3.52783,
Cu3Nb1S4,215,cP8,1.8962,insulator-indirect,21.5239,3.97107,172.191,408.939,204.5,2.09342,22.6601,21.9572,5.6388,5.05335e-05,72.1668,74.4769,8,3,-4.59473,
Cu3Nb1Se4,215,cP8,1.5572,insulator-indirect,23.799,5.22764,190.392,321.861,161.0,2.13644,23.5237,22.7157,3.96601,5.4879e-05,63.261,65.511,8,3,-4.18632,
Cu3Nb1Te4,215,cP8,1.0677,insulator-indirect,27.3558,6.02421,218.846,276.06,138.0,2.18381,23.9411,23.0527,3.30112,5.80075e-05,54.2525,56.3433,8,3,-3.77072,
Cu3O5Sr2,65,oS20,0.0,metal,13.583,5.45089,135.83,434.817,201.909,2.27474,28.3361,27.1633,3.63613,6.25124e-05,98.8413,103.109,10,3,-4.98132,-0.949935
Cu3Pt1,221,cP4,0.0,metal,12.7902,12.5197,51.1608,278.937,175.759,2.48183,12.003,11.52,3.10191,5.53826e-05,137.661,143.433,4,2,-2.72675,
Cu3S4V1,215,cP8,1.2808,insulator-indirect,20.1072,3.81767,160.857,407.993,204.0,2.11321,22.7543,21.9765,4.83634,5.5253e-05,70.5047,72.9998,8,3,-4.30608,
Cu3Se4Ta1,215,cP8,1.8038,insulator-indirect,23.8722,5.97713,190.978,305.067,152.5,2.12411,23.6349,22.8451,3.91849,5.35878e-05,64.6333,66.8679,8,3,-4.38716,
Cu3Te4V1,215,cP8,0.7031,insulator-indirect,26.5099,5.88787,212.079,257.903,129.0,2.19726,24.1811,23.1806,2.49759,6.42975e-05,50.9956,53.1967,8,3,-3.45664,
Cu4Dy4In2,127,tP10,0.0,metal,21.2403,8.86409,212.403,207.02,96.0809,2.01376,30.3891,29.3268,1.50375,5.89957e-05,64.3858,66.718,10,3,-3.61099,
Cu4Er1Pd1,216,cF24,0.0,metal,14.5614,10.0323,87.3683,242.96,133.728,2.27026,18.2084,17.454,1.80705,6.23864e-05,98.8416,103.114,6,3,-3.02589,
Cu4Ge4Hf4,62,oP12,0.0,metal,16.0295,10.8643,192.355,322.919,141.083,2.13021,34.9288,34.0446,3.76841,4.0263e-05,127.894,131.216,12,3,-6.03292,
Cu4Ge4Zr4,62,oP12,0.0,metal,16.4277,7.66051,197.132,382.135,166.854,2.1328,34.1697,33.3003,4.53258,4.04617e-05,121.345,124.513,12,3,-5.65565,
Cu4Hf3Si2,189,hP9,0.0,metal,15.2001,10.2669,136.801,356.936,171.628,2.04794,25.8224,25.2238,5.92195,3.82986e-05,134.01,137.19,9,3,-5.96106,
Cu4Hf4Si4,62,oP12,0.0,metal,15.3118,9.76476,183.741,372.971,162.923,2.03581,34.1476,33.4101,5.40844,3.59046e-05,141.213,144.33,12,3,-6.4369,
Cu4Ho4In2,127,tP10,0.0,metal,21.0015,9.04174,210.015,216.96,100.722,2.01826,30.3191,29.263,1.73221,5.86567e-05,65.4962,67.86,10,3,-3.60124,
Cu4In1Sc1,216,cF24,0.0,metal,15.0091,7.63314,90.0543,347.099,190.961,2.30729,17.6781,16.9001,4.03299,6.54204e-05,89.67,93.7981,6,3,-3.00441,
Cu4In1Tb1,216,cF24,0.0,metal,15.9796,9.14339,95.8778,291.902,160.694,2.28518,18.025,17.2176,3.18707,6.7171e-05,83.3949,87.3059,6,3,-2.93898,
Cu4In1Y1,216,cF24,0.0,metal,15.9383,7.95125,95.6299,313.871,172.801,2.2821,17.8862,17.0925,3.44776,6.67623e-05,83.0179,86.8726,6,3,-3.24304,
Cu4In1Yb1,216,cF24,0.0,metal,15.9883,9.38275,95.9298,257.093,141.433,2.3651,18.5075,17.3977,2.07909,8.77666e-05,66.1137,70.3309,6,3,-2.26982,
Cu4K4S4,33,oP12,2.2557,insulator-indirect,29.8529,2.4976,358.234,205.153,89.542,2.14643,37.8156,35.247,0.5004,0.000109908,26.1845,28.0928,12,3,-3.28227,
Cu4La4,62,oP8,0.0,metal,25.5276,6.58462,204.221,168.035,84.0,1.84012,24.4835,23.6442,1.0792,6.32088e-05,45.8355,47.4625,8,2,-3.61652,
Cu4Mg1Sn1,216,cF24,0.0,metal,15.0395,7.30889,90.2369,344.221,189.31,2.41789,17.9346,16.9285,3.40429,8.03366e-05,76.9299,81.5021,6,3,-2.46289,
Cu4Mg1Y1,216,cF24,0.0,metal,15.8216,6.4266,94.9295,358.078,197.015,2.17208,17.6109,16.8325,4.56618,6.98814e-05,74.3106,77.7467,6,3,-3.02082,
Cu4Mg4P4,62,oP12,0.0911,insulator-indirect,15.0189,4.37922,180.227,432.765,189.13,2.12345,33.9426,32.6121,3.38746,6.34355e-05,82.02,85.3663,12,3,-3.51788,
Cu4Mn1Sn1,216,cF24,0.0,metal,14.7747,8.01369,88.6481,321.132,176.653,2.42755,18.0446,17.0628,2.94325,7.75371e-05,81.4318,86.1172,6,3,-3.29732,
Cu4Mn4P4,62,oP12,0.0,metal,14.941,5.53692,179.291,349.879,152.877,1.90179,34.8902,33.7298,2.85313,5.90775e-05,83.0289,85.8852,12,3,-5.13358,
Cu4Ni1Yb1,216,cF24,0.0,metal,14.2515,9.43621,85.5089,250.133,137.58,2.26263,18.4007,17.4251,1.8199,8.06607e-05,76.9393,81.2467,6,3,-2.0045,
Cu4O2,224,cP6,,,13.146,6.02486,78.8761,145.975,80.3469,2.23614,18.6358,17.8021,0.211946,6.85107e-05,100.307,105.005,6,2,-4.79156,-0.416504
Cu4O2,224,cP6,0.6558,insulator-direct,13.1579,6.01944,78.9472,155.957,85.8501,2.25972,18.7031,17.7756,0.253177,7.51445e-05,92.2171,97.0286,6,2,-3.6167,0.758351
Cu4S8,205,cP12,0.0,metal,16.4582,4.29359,197.499,369.007,161.176,2.17928,34.9856,33.5184,2.19457,6.60136e-05,76.0931,79.424,12,2,-3.59221,
Cu4Sb2,129,tP6,0.0,metal,16.5706,8.31217,99.4234,255.054,140.332,2.36362,18.2903,17.4022,1.88495,7.05107e-05,79.8392,83.9138,6,2,-2.85889,
Cu4Sb4Se8,62,oP16,0.7331,insulator-indirect,24.5761,5.79754,393.218,255.048,101.197,2.16354,48.4292,46.396,1.39627,6.63706e-05,52.6009,54.906,16,3,-3.57053,
Cu4Se8,205,cP12,0.0,metal,19.6371,6.24248,235.645,260.109,113.565,2.22547,36.4072,34.7568,1.34732,6.97356e-05,64.3717,67.4283,12,2,-3.15404,
Cu4Si4Ti4,62,oP12,0.0,metal,14.3083,5.39774,171.7,490.915,214.464,2.32032,32.7917,31.6994,4.70732,4.94328e-05,116.696,120.717,12,3,-4.64205,
Cu4Te8,205,cP12,0.0,metal,24.5662,7.18183,294.794,246.845,107.887,2.29679,36.627,34.8736,1.67288,7.14652e-05,52.0394,54.6559,12,2,-2.84607,
Cu5Nd1,191,hP6,0.0,metal,15.5688,8.21214,93.4129,235.015,129.325,1.14215,17.6899,17.4685,6.53662,3.70131e-05,76.717,77.6897,6,2,-3.06416,
Cu6Dy6Sb8,220,cI40,0.2605,insulator-indirect,22.0629,8.76927,441.259,282.019,103.89,2.11447,59.4523,57.5285,2.23844,5.20313e-05,72.5965,75.0242,20,3,-4.41052,
Cu6Ho6Sb8,220,cI40,0.2881,insulator-indirect,21.9479,8.8704,438.958,278.971,102.784,2.12036,59.4926,57.5647,2.16293,5.20694e-05,73.1775,75.6282,20,3,-4.38833,
Cu6O8Pb1,225,cF60,0.1957,insulator-direct,13.7216,5.78034,205.823,353.842,143.54,2.27498,43.8627,42.1305,1.60526,5.91899e-05,107.536,111.957,15,3,-4.47772,0.0380055
Cu6P2S8,31,oP16,1.3773,insulator-indirect,17.7435,4.09264,283.896,363.068,144.057,2.29018,46.9841,44.8001,1.63022,6.99514e-05,70.2489,73.6736,16,3,-3.8921,
Cu6Sb8Tb6,220,cI40,0.2379,insulator-indirect,22.1595,8.65068,443.191,286.99,105.732,2.11703,59.3475,57.4322,2.33773,5.19079e-05,72.0879,74.4919,20,3,-4.43265,
Cu6Sb8Y6,220,cI40,0.2728,insulator-indirect,22.1734,7.07219,443.467,308.942,113.837,2.11251,58.9337,57.0334,2.39774,5.20054e-05,71.2685,73.643,20,3,-4.97536,
Cu6Se4,113,tP10,0.0,metal,18.0082,6.42813,180.082,216.062,100.258,2.31044,30.9307,29.2876,0.738414,7.90768e-05,64.9288,68.5716,10,2,-2.91024,
Cu7Hf6Zn16,225,cF116,0.0,metal,14.8948,9.84848,431.949,288.893,94.0658,2.12358,86.3119,83.235,1.23997,5.72867e-05,97.5447,101.151,29,3,-3.03424,
Cu7Zn16Zr6,225,cF116,0.0,metal,15.1443,7.70642,439.186,333.954,108.713,2.14205,85.1474,82.0234,1.50352,5.85152e-05,93.2886,96.8416,29,3,-2.7819,
Cu8O6,141,tI28,0.0653,insulator-direct_spin-polarized,12.238,5.85747,171.332,272.995,113.271,2.21611,42.1279,40.3872,0.710014,6.38159e-05,111.364,116.163,14,2,-3.98597,
Dy10Ni2Pb6,193,hP18,0.0,metal,27.2033,10.1247,489.66,205.003,78.2221,2.02257,54.4762,52.8126,1.54724,5.10863e-05,59.0696,60.9303,18,3,-4.54344,
Dy10Rh6,193,hP16,0.0,metal,22.9823,10.1264,367.717,182.968,72.6236,1.86605,48.2321,47.144,1.13594,4.10094e-05,79.4781,81.3124,16,2,-5.08579,
Dy10Ru4,15,mS28,0.0,metal,25.553,9.41935,357.742,203.949,84.6423,1.78331,41.9622,41.0701,2.03415,4.02149e-05,69.7701,71.2856,14,2,-5.31033,
Dy12Os4,62,oP16,0.0,metal,26.4737,10.627,423.579,195.962,77.7827,1.77659,47.9475,47.0121,1.96641,3.70321e-05,73.0921,74.5465,16,2,-5.73811,
Dy12Pt4,62,oP16,0.0,metal,27.168,10.4302,434.687,146.024,57.9401,1.8151,48.5463,47.4553,0.788135,4.1727e-05,65.2824,66.7833,16,2,-5.0581,
Dy12Rh4,62,oP16,0.0,metal,26.4303,9.27336,422.885,148.017,58.7338,1.78534,48.5587,47.4402,0.729881,4.34993e-05,63.1666,64.6558,16,2,-4.97623,
Dy12Ru4,62,oP16,0.0,metal,26.3499,9.27276,421.598,196.964,78.1795,1.71201,47.976,47.0062,1.87749,3.97868e-05,65.8951,67.2545,16,2,-5.22852,
Dy16In4Rh4,216,cF96,0.0,metal,26.3035,9.12991,631.285,212.972,73.843,1.79643,71.9732,70.2735,1.6031,4.43337e-05,61.8563,63.3524,24,3,-4.72153,
Dy16Mg4Rh4,216,cF96,0.0,metal,26.6202,8.08027,638.884,206.929,71.7629,1.78242,72.2081,70.3648,1.3457,4.84834e-05,55.4145,56.8661,24,3,-4.4009,
Dy1Ga3,221,cP4,0.0,metal,19.3426,7.97773,77.3705,239.907,151.191,1.93159,12.0932,11.6406,3.76552,6.5646e-05,60.4641,62.8149,4,2,-3.48282,
Dy1Ge2Ni2,139,tI10,0.0,metal,16.0776,8.78026,80.3882,303.931,177.78,2.1682,14.7161,14.2779,4.39503,4.67072e-05,112.981,116.449,5,3,-4.20013,
Dy1Ge2Rh2,139,tI10,0.0,metal,17.6088,9.68463,88.0439,334.902,195.909,2.23993,14.4739,14.1251,6.82159,3.64506e-05,135.208,138.546,5,3,-5.20103,
Dy1Ge2Ru2,139,tI10,0.0,metal,17.8483,9.48636,89.2414,330.981,193.57,2.13789,14.4375,14.1422,7.2577,3.23458e-05,143.667,146.668,5,3,-5.69527,
Dy1H2,225,cF12,0.0,metal,11.6336,7.82751,34.9007,376.851,261.397,1.82865,8.70935,8.35086,9.95648,7.74185e-05,76.0989,79.3658,3,2,-4.47536,
Dy1Hg1,221,cP2,0.0,metal,25.7573,11.704,51.5146,144.977,115.087,2.08199,6.14087,5.93404,2.39767,5.47546e-05,60.2878,62.3891,2,2,-2.9328,
Dy1Hg2,191,hP3,0.0,metal,24.2083,12.8883,72.625,173.068,119.952,2.54132,9.37104,8.86357,2.04947,7.33515e-05,57.9074,61.2228,3,2,-2.12068,
Dy1In1,221,cP2,0.0,metal,26.3692,8.73178,52.7385,174.04,138.104,1.97137,6.10391,5.90502,3.59642,5.63638e-05,53.2649,55.059,2,2,-4.05785,
Dy1In1Pd2,225,cF16,0.0,metal,19.407,10.4842,77.6279,210.064,132.292,2.27646,12.1377,11.725,2.32477,5.07584e-05,92.5359,95.793,4,3,-3.97722,
Dy1In1Pt4,216,cF24,0.0,metal,18.2041,16.0799,109.224,229.951,126.574,2.44004,17.9617,17.4992,2.81977,3.56662e-05,150.488,154.465,6,3,-4.4066,
Dy1In3,221,cP4,0.0,metal,24.6973,8.52147,98.789,192.937,121.582,1.98554,12.2397,11.7673,2.72553,6.56825e-05,49.4408,51.4254,4,2,-3.50465,
Dy1Ir1Si3,107,tI10,0.0,metal,17.0386,8.55633,85.1928,353.032,206.436,2.03944,14.3271,14.0306,8.26774,3.42187e-05,135.113,137.968,5,3,-6.19099,
Dy1Ir2Si2,139,tI10,0.0,metal,16.3498,12.2508,81.7492,394.08,230.413,2.12625,14.0354,13.7972,14.2256,2.69219e-05,183.057,186.216,5,3,-6.64542,
Dy1Ir3,221,cP4,0.0,metal,16.301,18.824,65.2041,315.042,198.438,2.29052,11.5889,11.3755,10.9919,2.70988e-05,202.43,206.228,4,2,-6.15621,
Dy1Mg1,221,cP2,0.0,metal,27.0909,5.72512,54.1818,213.936,169.852,1.70584,6.05054,5.85612,6.22953,6.4834e-05,38.4679,39.745,2,2,-3.17585,
Dy1Mg3,225,cF16,0.0,metal,24.33,4.01682,97.3198,282.1,177.649,1.75916,11.9836,11.5078,5.11888,7.71082e-05,36.7012,38.2184,4,2,-2.42175,
Dy1N1,225,cF8,0.049,insulator-indirect,14.8106,9.89484,29.6211,463.066,367.483,1.98677,5.45163,5.34961,34.9622,3.18537e-05,154.269,157.211,2,2,-8.17077,
Dy1Ni1Sb1,216,cF12,0.0997,insulator-indirect,21.1274,8.98464,63.3821,291.912,202.461,2.11766,8.85567,8.59982,8.50417,4.63649e-05,84.4559,86.9686,3,3,-4.48789,
Dy1Ni2P2,139,tI10,0.0,metal,13.8791,8.17948,69.3955,442.978,259.068,2.20134,13.8843,13.5113,10.1007,4.15085e-05,140.514,144.393,5,3,-4.91648,
Dy1Ni2Si2,139,tI10,0.0,metal,14.7943,7.5438,73.9715,410.967,240.354,2.05202,14.0431,13.7048,9.4319,3.98206e-05,130.016,133.225,5,3,-4.71996,
Dy1Os2Si2,139,tI10,0.0,metal,16.809,11.8363,84.0449,368.038,215.208,2.06043,14.1633,13.942,12.4415,2.55663e-05,183.462,186.374,5,3,-7.06682,
Dy1P1,225,cF8,0.0,metal,22.7455,7.06229,45.4911,331.966,263.509,1.79464,5.76747,5.65391,20.3293,3.70546e-05,82.6255,84.2849,2,2,-6.62057,
Dy1P1Pt1,187,hP3,0.0,metal,18.9394,11.356,56.8181,259.033,179.581,2.19903,8.89323,8.68336,5.95419,3.62335e-05,127.819,130.908,3,3,-5.90971,
Dy1Pd1,221,cP2,0.0,metal,21.4197,10.4231,42.8393,196.055,155.565,2.05416,6.05173,5.87876,4.25013,4.69883e-05,82.3848,84.8087,2,2,-4.5063,
Dy1Pd2Si2,139,tI10,0.0,metal,17.0453,8.40674,85.2263,326.097,190.646,2.18855,14.5488,14.1731,5.50352,3.99288e-05,124.672,127.977,5,3,-5.07988,
Dy1Pd3,221,cP4,0.0,metal,17.1854,11.636,68.7418,274.961,173.239,2.34529,11.9098,11.5271,4.62863,4.67369e-05,113.911,117.694,4,2,-4.07212,
Dy1Pt1Sb1,216,cF12,0.2269,insulator-direct,23.819,11.139,71.457,235.049,162.94,2.22877,8.97471,8.73879,5.75835,3.99519e-05,93.5889,96.1155,3,3,-5.34758,
Dy1Pt2Si2,139,tI10,0.0,metal,17.1566,11.7858,85.7828,250.045,146.201,2.19172,14.8343,14.5036,3.49274,3.4366e-05,147.956,151.329,5,3,-5.57624,
Dy1Pt3,221,cP4,0.0,metal,17.1457,18.1051,68.5828,239.014,150.561,2.43736,11.9432,11.6377,4.32304,3.55863e-05,158.801,162.97,4,2,-4.89069,
Dy1Rh1,221,cP2,0.0,metal,19.8287,11.1131,39.6574,228.022,180.964,1.99897,5.96987,5.83553,6.82856,3.7999e-05,105.868,108.305,2,2,-5.1925,
Dy1Rh2Si2,139,tI10,0.0,metal,16.2621,8.66885,81.3106,421.919,246.787,2.13543,13.9108,13.634,12.1903,3.15242e-05,155.062,158.21,5,3,-5.80113,
Dy1Rh3Si2,191,hP6,0.0,metal,15.969,9.14008,95.814,428.945,236.088,2.16566,16.6289,16.3084,11.319,3.00896e-05,167.347,170.635,6,3,-5.58446,
Dy1Rh5,191,hP6,0.0,metal,16.8264,11.1356,100.958,332.08,182.707,2.29548,17.3376,16.964,6.03987,3.17561e-05,165.903,169.557,6,2,-4.32181,
Dy1Ru2Si2,139,tI10,0.0,metal,16.5719,8.43325,82.8593,414.959,242.693,2.03178,13.9168,13.6771,12.8768,2.85737e-05,160.821,163.639,5,3,-6.33518,
Dy1S1,225,cF8,0.0,metal,21.0354,7.67931,42.0708,285.94,226.998,2.03493,5.89232,5.74396,9.67909,4.17622e-05,91.7975,94.1686,2,2,-6.35789,
Dy1Sb1,225,cF8,0.0,metal,29.7934,7.92136,59.5868,224.036,177.789,1.85045,5.98277,5.84046,9.3838,4.34503e-05,57.3575,58.755,2,2,-5.4927,
Dy1Se1,225,cF8,0.0,metal,23.9156,8.38267,47.8313,209.995,166.677,2.11405,6.0421,5.86124,4.56498,4.7672e-05,75.4732,77.802,2,2,-5.7905,
Dy1Sn3,221,cP4,0.0,metal,27.0817,7.94916,108.327,141.981,89.4544,2.12255,12.3412,11.8744,0.986287,6.09581e-05,52.3028,54.3589,4,2,-4.32634,
Dy1Te1,225,cF8,0.0,metal,29.1613,8.25963,58.3226,176.968,140.485,2.01491,6.07046,5.9008,3.8945,4.684e-05,60.097,61.8249,2,2,-5.14832,
Dy1Tl1,221,cP2,0.0,metal,27.3074,11.1545,54.6147,131.932,104.768,2.0814,6.17263,5.94514,1.86399,6.06001e-05,51.0113,52.9633,2,2,-3.82014,
Dy1Tl3,221,cP4,0.0,metal,26.9714,11.9379,107.886,107.019,67.4058,2.39981,12.744,11.9309,0.48435,9.11874e-05,40.2199,42.9608,4,2,-3.13937,
Dy1Zn1,221,cP2,0.0,metal,22.574,8.38141,45.148,219.952,174.614,1.70608,6.01784,5.84768,7.77467,5.68135e-05,52.5032,54.0309,2,2,-2.81358,
Dy2,194,hP2,0.0,metal,31.8502,8.47208,63.7005,185.006,146.835,1.35155,5.99437,5.8897,12.2794,4.36518e-05,39.0081,39.7014,2,1,-4.58784,
Dy2Ga2Zn2,194,hP6,0.0,metal,20.225,8.14512,121.35,313.068,172.251,2.04514,17.7188,17.0929,6.08711,5.89333e-05,66.6411,69.0815,6,3,-3.02518,
Dy2Ga4Ni2,63,oS16,0.0,metal,17.083,8.76453,136.664,286.974,143.5,2.0911,23.7673,22.9762,3.1787,5.39962e-05,88.3954,91.4393,8,3,-3.48202,
Dy2Ga8Ni2,63,oS24,0.0,metal,16.9617,8.16052,203.541,302.873,132.347,2.26286,35.868,34.3146,2.21704,6.54483e-05,79.2341,82.821,12,3,-3.24228,
Dy2Ge2,63,oS8,0.0,metal,22.6834,8.60487,90.7338,288.004,181.429,2.05309,11.8161,11.4813,7.58021,4.68215e-05,75.8174,78.0284,4,2,-5.42684,
Dy2Ge2Sn2,63,oS12,0.0,metal,24.1065,8.12321,144.639,254.108,139.782,2.07187,17.9815,17.3936,3.98028,5.37781e-05,63.2887,65.428,6,3,-4.8793,
Dy2Hg6,194,hP8,0.0,metal,23.8694,13.2921,190.955,135.061,67.5,2.65024,25.5504,23.783,0.468047,8.94873e-05,51.2789,55.0896,8,2,-1.72184,
Dy2In2Pt4,194,hP8,0.0,metal,20.19,13.7247,161.52,200.026,100.0,2.26855,24.126,23.4912,1.7557,3.9322e-05,114.796,117.899,8,3,-4.6077,
Dy2In2Zn2,194,hP6,0.0,metal,22.7125,8.35174,136.275,260.979,143.634,2.09276,18.0555,17.3665,4.01433,6.2091e-05,58.8777,61.2138,6,3,-2.95398,
Dy2Ir4,227,cF24,0.0,metal,17.718,17.0865,106.308,287.03,157.942,2.17709,17.5071,17.2182,7.17934,2.54928e-05,190.226,193.417,6,2,-6.36429,
Dy2Ir4Si4,129,tP10,0.0,metal,16.5179,12.1261,165.179,302.996,140.64,2.08316,29.0475,28.5468,4.27282,2.78991e-05,177.347,180.457,10,3,-6.61854,
Dy2Mg2Sn2,139,tI12,0.0,metal,25.9918,6.50572,155.951,262.063,144.184,1.94517,17.927,17.3569,4.43066,5.55833e-05,53.5409,55.2997,6,3,-3.87362,
Dy2O8P2,141,tI24,5.9062,insulator-direct,12.2276,5.82753,146.732,535.097,233.683,2.02239,31.5317,30.9144,7.16596,3.27768e-05,177.489,181.033,12,3,-8.01555,
Dy2O8V2,88,tI24,2.7789,insulator-direct,12.1527,6.31819,145.832,491.921,214.901,1.97758,32.2646,31.6371,6.29261,3.32948e-05,175.859,179.347,12,3,-8.11733,
Dy2O8V2,141,tI24,2.9629,insulator-indirect,13.7501,5.5842,165.001,463.08,202.234,1.96983,32.7461,32.0999,5.50685,3.39074e-05,154.631,157.745,12,3,-8.1556,
Dy2Pd2Sb2,194,hP6,0.0,metal,22.7714,9.49567,136.629,221.031,121.621,2.21654,18.0757,17.5404,2.45128,4.52239e-05,86.4798,89.1192,6,3,-4.82838,
Dy2Pd2Sb2,186,hP6,0.0,metal,22.5736,9.57887,135.442,247.005,135.929,2.22377,17.9678,17.4273,3.38744,4.58838e-05,85.6887,88.3461,6,3,-4.88511,
Dy2Pt4,227,cF24,0.0,metal,18.6009,16.4463,111.605,250.978,138.131,2.32431,17.7989,17.4003,4.28532,3.26033e-05,152.068,155.552,6,2,-5.0033,
Dy2Pt4Si4,129,tP10,0.0,metal,17.172,11.7752,171.72,264.985,123.002,2.20268,29.556,28.8943,2.59148,3.41601e-05,149.787,153.218,10,3,-5.62225,
Dy2Rh4,227,cF24,0.0,metal,17.6327,11.5617,105.796,287.0,157.942,2.16437,17.5921,17.2179,4.8964,3.32414e-05,144.857,148.006,6,2,-4.87733,
Dy2S4,129,tP6,0.0,metal,19.7673,6.34569,118.604,325.982,179.405,1.91022,17.4299,17.0029,6.01284,4.34516e-05,86.5329,88.7059,6,2,-5.95484,
Dy2Se4,129,tP6,0.0,metal,23.0678,7.6885,138.407,257.074,141.433,1.9342,17.8467,17.3761,4.26463,4.61432e-05,72.4738,74.4366,6,2,-5.42069,
Dy2Si2,63,oS8,0.0,metal,21.6806,7.29857,86.7224,351.0,221.116,1.94018,11.4977,11.2355,12.3647,3.97547e-05,87.028,89.059,4,2,-5.8413,
Dy2Si4,141,tI12,0.0,metal,19.2121,6.30005,115.273,235.926,129.876,2.075,18.0576,17.4775,1.82052,5.27485e-05,81.8278,84.5436,6,2,-5.68747,
Dy2Sn4,63,oS12,0.0,metal,27.0968,8.16845,162.581,226.939,124.923,2.0928,18.1333,17.5146,3.26052,5.56056e-05,55.6659,57.6321,6,2,-4.57297,
Dy2Te4,129,tP6,0.0,metal,29.2654,7.9002,175.592,179.952,99.0578,1.93234,18.1899,17.691,2.07149,4.80695e-05,55.755,57.3273,6,2,-4.77644,
Dy2Tl2Zn2,194,hP6,0.0,metal,23.1592,10.3309,138.955,234.093,128.775,2.28544,18.3747,17.4937,3.03407,7.15771e-05,55.3971,58.187,6,3,-2.76086,
Dy3Ga9Ru3,221,cP15,0.0,metal,17.5629,8.94013,263.443,322.889,130.97,2.15573,43.8461,42.569,2.9415,4.59486e-05,103.431,106.534,15,3,-4.10828,
Dy3Ge3Li3,189,hP9,0.0,metal,20.3896,6.57037,183.506,311.976,149.994,1.86741,26.5743,25.648,4.5721,6.35538e-05,56.0672,58.0923,9,3,-4.39018,
Dy3In1N1,221,cP5,0.0,metal,22.3876,9.14288,111.938,306.084,178.95,1.96873,14.621,14.2675,8.94321,4.15626e-05,82.9765,85.0324,5,3,-5.94379,
Dy3In3Ir3,189,hP9,0.0,metal,21.1619,12.2813,190.457,201.019,96.6307,2.11054,27.0585,26.4216,1.83382,3.76653e-05,106.904,109.481,9,3,-5.15883,
Dy3In3Ni3,189,hP9,0.0,metal,19.9647,9.31576,179.682,219.028,105.284,2.03233,27.1612,26.3218,1.81335,5.14951e-05,78.9015,81.4178,9,3,-3.56447,
Dy3In3Rh3,189,hP9,0.0,metal,21.1083,9.97048,189.975,206.994,99.5152,2.10375,27.1169,26.3908,1.63486,4.30363e-05,92.977,95.5348,9,3,-4.49324,
Dy3Mg3Pd3,189,hP9,0.0,metal,21.5961,7.51492,194.365,176.996,85.0927,1.90747,27.3938,26.5532,0.983454,5.45872e-05,65.1526,67.2152,9,3,-3.63376,
Dy3Pb3Pd3,189,hP9,0.0,metal,22.9325,11.4914,206.393,204.012,98.073,2.3369,27.4417,26.4132,1.60263,5.47082e-05,74.9742,77.8934,9,3,-4.37949,
Dy3Pd3Tl3,189,hP9,0.0,metal,22.4676,11.6595,202.208,162.947,78.3622,2.29846,27.6608,26.6247,0.83677,5.54276e-05,74.9844,77.9024,9,3,-3.86308,
Dy3Pt3Sn3,189,hP9,0.0,metal,21.9931,11.9868,197.938,242.005,116.341,2.23347,26.8888,26.1715,2.91049,4.04286e-05,100.295,103.043,9,3,-5.0217,
Dy3Rh3Sn3,189,hP9,0.0,metal,21.2937,9.98425,191.644,233.007,112.015,2.14664,26.9166,26.2273,2.25861,4.03597e-05,99.8871,102.512,9,3,-4.96462,
Dy4,225,cF4,0.0,metal,31.3094,8.61843,125.238,180.996,114.023,1.50251,12.0581,11.7913,5.71828,4.96186e-05,39.0376,39.921,4,1,-4.57829,
Dy4Ga12Pd1,229,cI34,0.0,metal,18.7458,8.30193,318.678,310.028,120.562,2.1775,50.5534,48.4902,2.37939,6.43179e-05,69.5017,72.4589,17,3,-3.5455,
Dy4Ga4Pd4,62,oP12,0.0,metal,19.7331,9.49876,236.797,176.012,76.8751,2.11889,36.5356,35.4124,0.710533,4.91774e-05,88.4494,91.2546,12,3,-4.10314,
Dy4Ga4Pt4,62,oP12,0.0,metal,19.4986,12.1306,233.984,191.983,83.8637,2.13321,36.2396,35.2947,1.14193,4.13735e-05,106.759,109.617,12,3,-4.64906,
Dy4Ge4In2,127,tP10,0.0,metal,22.9297,8.473,229.297,225.983,104.9,1.89396,30.0427,29.1914,2.36381,5.10113e-05,64.3967,66.2748,10,3,-4.87016,
Dy4Ge4Ir4,62,oP12,0.0,metal,18.7718,12.5998,225.262,235.954,103.082,2.11468,35.6917,34.9341,2.1343,3.39152e-05,132.55,135.424,12,3,-5.98864,
Dy4Ge4Ir4,62,oP12,0.0,metal,18.6854,12.6581,224.225,278.039,121.428,2.12819,35.2679,34.5335,3.43509,3.30235e-05,136.253,139.151,12,3,-5.9883,
Dy4Ge4Mg2,127,tP10,0.0,metal,22.4198,7.32488,224.198,317.077,147.138,1.96017,29.2667,28.4315,5.08064,4.94571e-05,68.7877,70.8082,10,3,-4.73933,
Dy4Ge4Ni4,62,oP12,0.0,metal,17.6873,9.19366,212.248,312.012,136.279,2.07956,35.164,34.1797,3.45402,4.56342e-05,100.252,103.139,12,3,-4.47085,
Dy4Ge4Pt4,62,oP12,0.0,metal,19.4557,12.2386,233.468,258.973,113.129,2.234,35.6467,34.726,2.55101,3.91695e-05,116.469,119.556,12,3,-5.36675,
Dy4Ge4Ru4,62,oP12,0.0,metal,18.7676,9.91437,225.211,270.963,118.37,2.06371,35.3644,34.6076,2.67883,3.5016e-05,124.518,127.241,12,3,-5.67972,
Dy4Ge6Ir7,229,cI34,0.0,metal,17.2635,13.7553,293.48,347.078,134.952,2.23085,48.7936,47.7988,4.6709,3.09073e-05,161.506,164.867,17,3,-6.06344,
Dy4Ge6Rh7,229,cI34,0.0,metal,17.3353,10.1755,294.7,350.086,136.119,2.22089,48.9287,47.7539,3.60462,3.66458e-05,134.587,137.898,17,3,-5.25796,
Dy4Hf4O14,227,cF88,3.2266,insulator-indirect,13.1611,9.10692,289.544,473.059,168.806,1.988,59.6344,58.5683,5.90862,3.03805e-05,181.181,184.48,22,3,-9.37413,
Dy4In2,194,hP6,0.0,metal,28.1837,8.63783,169.102,186.965,102.91,1.79472,18.1615,17.6678,2.84229,5.09922e-05,50.6382,52.0532,6,2,-4.27934,
Dy4In2Pd4,127,tP10,0.0,metal,22.0074,9.84851,220.074,218.015,101.187,2.09945,30.1596,29.2527,1.86754,4.85357e-05,78.7016,81.1417,10,3,-4.30549,
Dy4Ir4Si4,62,oP12,0.0,metal,17.8649,11.8606,214.379,319.004,139.336,2.04411,34.7245,34.0861,4.99576,3.0284e-05,147.845,150.614,12,3,-6.42582,
Dy4Li4O8,62,oP16,4.5771,insulator-indirect,12.6854,6.59218,202.967,437.913,173.82,1.96825,44.5625,43.3316,4.09064,4.78268e-05,119.792,123.195,16,3,-7.05114,
Dy4Mg2Si4,127,tP10,0.0,metal,21.6533,6.21899,216.533,363.894,168.954,1.86704,28.6459,27.9485,6.92877,4.41306e-05,74.9731,76.8439,10,3,-5.04531,
Dy4Mg8,194,hP12,0.0,metal,25.8398,4.52218,310.078,216.922,94.7835,1.68952,36.3216,35.1114,1.4885,6.6891e-05,39.229,40.5811,12,2,-2.66648,
Dy4Ni4P4,194,hP12,0.0,metal,16.7021,8.35678,200.426,357.093,155.934,2.0681,34.465,33.6315,4.40975,3.95974e-05,119.672,122.637,12,3,-5.21979,
Dy4O14Ru4,227,cF88,0.553,insulator-indirect,12.2793,7.85734,270.145,483.999,172.731,2.13383,59.5295,58.2463,4.26953,3.42479e-05,183.688,187.734,22,3,-7.36566,
Dy4O14Sn4,227,cF88,2.2087,insulator-direct,13.4938,7.54439,296.864,468.02,167.021,2.14457,60.1346,58.7067,4.15721,3.76102e-05,154.24,157.991,22,3,-7.10839,
Dy4O14Tc4,227,cF88,1.3957,insulator-indirect_spin-polarized,12.5526,7.63422,276.158,505.984,180.583,2.11024,58.8015,57.5967,5.00051,3.28746e-05,183.199,187.031,22,3,-7.88166,
Dy4O14Ti4,227,cF88,3.2411,insulator-indirect,12.1388,6.62585,267.054,563.873,201.282,1.98306,56.7848,55.7506,6.58296,3.10801e-05,181.842,185.215,22,3,-8.27656,
Dy4O14V4,227,cF88,0.8117,insulator-indirect,11.7499,6.92329,258.498,547.997,195.572,2.72363,58.1807,56.3108,3.03527,4.04488e-05,201.035,207.71,22,3,-8.20289,
Dy4Os8,194,hP12,0.0,metal,18.0337,16.6634,216.404,218.03,95.2203,2.24662,35.6781,35.0823,1.84665,2.4942e-05,201.667,205.091,12,2,-7.21308,
Dy4Pd4Sn4,62,oP12,0.0,metal,22.5008,9.5346,270.01,219.075,95.6571,2.24267,36.205,35.0908,1.44784,4.65824e-05,85.7315,88.4537,12,3,-4.53038,
Dy4Pt4Si4,62,oP12,0.0,metal,18.6245,11.4621,223.494,291.06,127.106,2.12899,35.1762,34.3995,3.54814,3.50459e-05,128.469,131.37,12,3,-5.72407,
Dy4Re8,194,hP12,0.0,metal,18.88,15.6819,226.56,195.981,85.6109,1.91914,35.6785,35.25,1.8923,2.10324e-05,194.78,197.148,12,2,-8.08869,
Dy4Re8,194,hP12,0.0,metal,18.8649,15.6944,226.379,198.009,86.4845,1.91348,35.6683,35.24,1.96345,2.10281e-05,194.757,197.124,12,2,-8.08876,
Dy4Re8,194,hP12,0.0,metal,18.8737,15.6871,226.484,197.018,86.0477,1.91695,35.6729,35.2444,1.92621,2.10317e-05,194.772,197.14,12,2,-8.08866,
Dy4Rh4Zn4,62,oP12,0.0,metal,18.5287,9.88163,222.345,209.927,91.7259,2.00905,36.1465,35.1609,1.29803,4.60659e-05,93.9309,96.5641,12,3,-3.77009,
Dy4Rh6Sn10,36,oS40,0.0,metal,21.7411,9.37285,434.822,238.949,88.0484,2.29263,60.0104,58.2058,1.19701,4.44959e-05,94.8607,97.8018,20,3,-4.61119,
Dy4Ru4Si4,62,oP12,0.0,metal,17.842,9.04804,214.104,309.939,135.405,1.98115,34.8412,34.1829,3.74136,3.21917e-05,134.654,137.247,12,3,-6.09705,
Dy4Si4,62,oP8,0.0,metal,21.6216,7.31848,172.973,353.005,176.5,1.96414,22.9882,22.4481,7.70706,4.04936e-05,86.4866,88.5674,8,2,-5.84388,
Dy4Tl2,194,hP6,0.0,metal,28.3409,10.3389,170.046,162.024,89.152,1.99849,18.3851,17.7528,1.76227,5.82278e-05,49.3622,51.1202,6,2,-4.11623,
Dy5S7,12,mS24,0.0,metal,22.9074,6.2638,274.889,296.083,129.29,1.92514,35.186,34.3483,3.34863,4.18359e-05,78.9693,80.8951,12,2,-6.40091,
Dy6Ga2O12,36,oS40,3.6261,insulator-indirect,13.5277,8.01849,270.555,406.068,149.572,2.02025,56.2082,54.9367,3.51157,3.79395e-05,148.082,151.51,20,3,-7.79052,
Dy6Ge26Os8,223,cP40,0.0,metal,18.6153,9.77653,744.611,319.041,93.2762,2.17871,116.517,113.623,1.69906,3.86225e-05,117.937,120.94,40,3,-5.5726,
Dy6Ge26Rh8,223,cP40,0.0,metal,18.2216,8.39671,728.864,343.007,100.294,2.21231,116.225,112.728,1.70786,4.62528e-05,100.989,104.122,40,3,-4.95281,
Dy6Ge26Ru8,223,cP40,0.0,metal,18.338,8.31017,733.52,311.899,91.2294,2.15942,117.062,113.902,1.35082,4.24501e-05,107.994,110.989,40,3,-5.21699,
Dy6Ge8,63,oS28,0.0,metal,22.1327,8.33715,309.858,283.987,117.835,1.96326,41.3551,40.2266,3.25765,4.71913e-05,73.577,75.6411,14,2,-5.33761,
Dy6Ni4,12,mS20,0.0,metal,22.0866,9.09536,220.866,206.071,95.6167,1.73996,30.0724,29.3239,2.20245,4.83588e-05,65.2141,66.8788,10,2,-3.90135,
Dy8O4S8,62,oP20,2.1691,insulator-direct,20.1167,6.68816,402.333,316.997,116.784,1.94632,58.187,56.8534,2.56402,3.98413e-05,94.835,97.0595,20,3,-7.11554,
Dy8S12,62,oP20,0.7331,insulator-indirect,21.5867,6.47979,431.734,299.014,110.153,1.89512,58.5639,57.1935,2.42768,4.17679e-05,82.5272,84.5046,20,2,-6.38626,
Dy8Sb6,220,cI28,0.0,metal,27.7682,8.67315,388.755,210.051,87.1318,1.96417,42.1164,41.0213,1.84676,4.4746e-05,63.8241,65.528,14,2,-5.38678,
Dy8Se12,62,oP20,0.3643,insulator-direct,24.7109,7.55152,494.218,252.96,93.206,1.90869,59.488,57.9841,2.02021,4.47616e-05,68.8812,70.6677,20,2,-5.79884,
Er10Ge6,193,hP16,0.0,metal,24.3073,9.00103,388.917,286.002,113.499,1.92526,47.1171,45.9464,3.87765,4.36814e-05,71.4671,73.2881,16,2,-5.34733,
Er10Ni2Pb6,193,hP18,0.0,metal,26.3532,10.618,474.357,202.008,77.0774,2.05258,54.5691,52.8428,1.44353,5.22123e-05,60.2607,62.2294,18,3,-4.50894,
Er10Sb6,193,hP16,0.0,metal,26.7874,9.31043,428.599,218.958,86.9102,2.05082,48.1294,46.7822,1.78478,4.63253e-05,66.4308,68.3437,16,2,-5.28244,
Er10Si6,193,hP16,0.0,metal,23.77,8.0386,380.32,309.972,123.024,1.83985,46.6062,45.5865,4.72251,4.0139e-05,75.6158,77.3072,16,2,-5.58718,
Er12Os4,62,oP16,0.0,metal,25.7025,11.1765,411.241,202.014,80.1638,1.77918,47.8747,46.9541,2.16967,3.64468e-05,76.4842,77.9838,16,2,-5.74683,
Er12Rh4,62,oP16,0.0,metal,25.7288,9.75661,411.661,154.954,61.5118,1.80753,48.5024,47.3814,0.827864,4.32968e-05,65.775,67.3311,16,2,-4.97141,
Er14Rh6,186,hP20,0.0,metal,24.6893,9.951,493.786,186.0,68.523,1.76466,60.1692,58.8957,1.25479,4.04886e-05,71.2105,72.7504,20,2,-5.0476,
Er16In4Rh4,216,cF96,0.0,metal,25.6514,9.56743,615.634,218.036,75.5764,1.84676,71.9589,70.1916,1.6392,4.48788e-05,64.4477,66.0705,24,3,-4.7127,
Er16O24,206,cI80,3.9686,insulator-indirect,14.6641,8.66313,586.565,380.965,111.405,1.97586,113.394,111.012,2.30729,3.59853e-05,142.317,145.371,40,2,-8.44103,
Er1Ga3,221,cP4,0.0,metal,18.9453,8.24935,75.7811,256.105,161.27,1.91962,12.0468,11.5913,4.66657,6.62987e-05,60.6619,63.0454,4,2,-3.46085,
Er1Ge2Rh2,139,tI10,0.0,metal,17.4564,9.85973,87.282,325.974,190.646,2.23586,14.5171,14.1683,6.35092,3.64334e-05,136.524,139.885,5,3,-5.17709,
Er1H1,225,cF8,0.0,metal,14.3873,9.7105,28.7746,266.938,211.918,1.65735,5.98409,5.77862,9.43127,7.08502e-05,63.5886,65.8496,2,2,-4.30124,
Er1H2,225,cF12,0.0,metal,11.1397,8.411,33.4192,370.154,256.544,1.82037,8.73214,8.37386,9.63809,7.74201e-05,79.4803,82.8809,3,2,-4.46536,
Er1Hg1,221,cP2,0.0,metal,25.1141,12.1611,50.2281,147.967,117.468,2.11159,6.14224,5.93135,2.48399,5.48153e-05,62.8995,65.1358,2,2,-2.91317,
Er1Hg2,191,hP3,0.0,metal,23.8653,13.184,71.5959,169.928,117.871,2.56895,9.39513,8.86839,1.9066,7.50486e-05,58.2491,61.7088,3,2,-2.08292,
Er1In1,221,cP2,0.0,metal,25.9107,9.03884,51.8214,170.02,134.929,1.9063,6.0989,5.90907,3.64419,5.50214e-05,54.5332,56.2852,2,2,-4.01266,
Er1In1Pt4,216,cF24,0.0,metal,18.0761,16.2666,108.457,229.053,126.024,2.4394,17.9646,17.5035,2.79145,3.55395e-05,152.032,156.037,6,3,-4.39098,
Er1In3,221,cP4,0.0,metal,24.2958,8.7436,97.1832,189.988,119.692,2.01962,12.2599,11.7751,2.52106,6.63881e-05,50.1467,52.2113,4,2,-3.46395,
Er1Ir1,221,cP2,0.0,metal,19.2357,15.5162,38.4715,227.998,180.964,2.06665,5.95221,5.83505,8.50438,3.20499e-05,134.431,137.131,2,2,-6.2578,
Er1Ir2Si2,139,tI10,0.0,metal,16.1969,12.464,80.9847,390.043,228.073,2.12009,14.0614,13.8233,13.9523,2.69068e-05,184.786,187.968,5,3,-6.63172,
Er1Mg1,221,cP2,0.0,metal,26.6783,5.96179,53.3567,220.967,175.408,1.35962,5.96355,5.84435,11.4835,4.99837e-05,40.4451,41.27,2,2,-3.14357,
Er1Ni1Sb1,216,cF12,0.0599,insulator-indirect,20.788,9.25808,62.3639,296.044,205.235,2.1124,8.84431,8.59037,8.97732,4.61151e-05,86.2763,88.8267,3,3,-4.47351,
Er1Ni2P2,139,tI10,0.0,metal,13.6446,8.43589,68.2231,433.879,253.805,2.19028,13.944,13.5712,9.69237,4.14685e-05,142.543,146.458,5,3,-4.90152,
Er1Ni2Si2,139,tI10,0.0,metal,14.6342,7.73437,73.1709,401.941,235.091,2.05547,14.0991,13.7576,8.87981,3.99905e-05,131.829,135.101,5,3,-4.71154,
Er1Os2Si2,139,tI10,0.0,metal,16.6506,12.0439,83.2528,356.964,208.775,2.04895,14.2253,14.0041,11.5538,2.55579e-05,185.125,188.048,5,3,-7.05407,
Er1P1,225,cF8,0.0,metal,22.1105,7.44385,44.2211,331.958,263.509,1.78977,5.76778,5.65431,20.7511,3.7129e-05,84.6606,86.3595,2,2,-6.59852,
Er1P2Ru2,139,tI10,0.0,metal,15.459,9.26671,77.295,456.058,266.67,2.18578,13.6732,13.4175,14.5871,2.89416e-05,179.72,183.145,5,3,-6.4451,
Er1Pd1,221,cP2,0.0,metal,21.0057,10.8167,42.0113,200.055,158.74,2.08031,6.04659,5.87345,4.43326,4.66442e-05,85.8546,88.3855,2,2,-4.52202,
Er1Pd1Sb1,216,cF12,0.0481,insulator-indirect,23.3973,9.35428,70.1918,242.019,167.793,2.22029,8.99024,8.72375,5.20405,4.53333e-05,83.289,85.8333,3,3,-4.90407,
Er1Pd2Si2,139,tI10,0.0,metal,16.8883,8.57847,84.4415,319.941,187.137,2.18211,14.5756,14.2018,5.27932,3.98056e-05,126.028,129.346,5,3,-5.05757,
Er1Pd2Sn1,225,cF16,0.0,metal,19.3445,10.7032,77.3781,202.982,127.882,2.35463,12.1584,11.7418,1.98222,4.95606e-05,98.5799,102.078,4,3,-4.29039,
Er1Pd3,221,cP4,0.0,metal,16.9963,11.8818,67.9853,279.96,176.389,2.3585,11.8936,11.5103,4.85286,4.65351e-05,116.636,120.52,4,2,-4.08002,
Er1Pt1Sb1,216,cF12,0.0976,insulator-direct,23.4904,11.407,70.4712,235.051,162.94,2.22241,8.97067,8.73797,5.821,3.95598e-05,95.6635,98.2111,3,3,-5.33374,
Er1Pt3,221,cP4,0.0,metal,16.9073,18.4773,67.6292,245.016,154.34,2.42321,11.916,11.6197,4.72332,3.47227e-05,164.112,168.297,4,2,-4.91325,
Er1Rh1,221,cP2,0.0,metal,19.28,11.6344,38.5599,240.972,191.282,2.0143,5.94922,5.81643,8.00106,3.74467e-05,110.774,113.303,2,2,-5.23656,
Er1Rh2Si2,139,tI10,0.0,metal,16.1154,8.84589,80.5768,418.062,244.448,2.13446,13.9376,13.6598,11.9535,3.15698e-05,156.684,159.87,5,3,-5.78831,
Er1Rh3Si2,191,hP6,0.0,metal,15.8452,9.29463,95.0713,428.101,235.537,2.16908,16.6398,16.317,11.2776,3.02193e-05,168.192,171.52,6,3,-5.57101,
Er1Rh5,191,hP6,0.0,metal,16.689,11.3062,100.134,333.964,183.807,2.28963,17.3249,16.9547,6.21426,3.15436e-05,167.588,171.247,6,2,-4.30867,
Er1Ru2Si2,139,tI10,0.0,metal,16.4086,8.61348,82.0432,407.041,238.015,2.03359,13.9617,13.7208,12.2204,2.86246e-05,162.607,165.462,5,3,-6.32409,
Er1S1,225,cF8,0.0,metal,20.388,8.11698,40.7761,281.959,223.824,2.05184,5.90053,5.74943,9.23629,4.21815e-05,94.6004,97.0865,2,2,-6.29847,
Er1Sb1,225,cF8,0.0,metal,29.1474,8.23251,58.2948,226.007,179.376,1.84347,5.97903,5.83726,9.80851,4.34878e-05,58.3204,59.7368,2,2,-5.43493,
Er1Se1,225,cF8,0.0,metal,23.249,8.79301,46.4981,201.033,159.534,2.15884,6.0672,5.87315,3.86289,4.97906e-05,76.3375,78.8597,2,2,-5.71493,
Er1Sn3,221,cP4,0.0,metal,26.936,8.06552,107.744,122.037,76.8552,2.114,12.3717,11.9058,0.635161,6.09533e-05,52.5754,54.6324,4,2,-4.27918,
Er1Te1,225,cF8,0.0,metal,28.5097,8.58701,57.0195,169.025,134.135,2.00838,6.08034,5.90969,3.44195,4.70808e-05,61.2533,63.0221,2,2,-5.05954,
Er1Tl1,221,cP2,0.0,metal,26.7281,11.5442,53.4562,126.994,100.8,2.08061,6.18907,5.94974,1.6723,6.29289e-05,50.7265,52.767,2,2,-3.77153,
Er1Tl1,123,tP2,0.0,metal,26.6867,11.562,53.3735,151.002,119.849,2.16531,6.18559,5.92938,2.57479,6.52696e-05,50.6526,52.8413,2,2,-3.77118,
Er1Tl3,221,cP4,0.0,metal,26.808,12.0844,107.232,100.931,63.626,2.5065,12.9422,11.9395,0.372102,0.000104907,37.6704,40.8341,4,2,-3.09476,
Er1Zn1,221,cP2,0.0,metal,22.0309,8.76742,44.0618,218.005,173.027,1.58126,5.99482,5.8491,9.04826,5.19678e-05,55.0299,56.4008,2,2,-2.79624,
Er2,194,hP2,0.0,metal,30.8221,9.01113,61.6442,195.017,154.772,1.29092,5.9693,5.8771,16.1785,4.02403e-05,41.7764,42.4318,2,1,-4.55789,
Er2Ga2,63,oS8,0.0,metal,23.3002,8.44505,93.2009,265.037,166.94,1.93286,11.8955,11.5581,6.85328,4.9643e-05,66.0492,67.9775,4,2,-4.10144,
Er2Ga4Ni2,63,oS16,0.0,metal,16.7994,9.03009,134.395,298.905,149.5,2.10941,23.6764,22.8886,3.55176,5.36787e-05,90.7483,93.8721,8,3,-3.47672,
Er2Ga4Pd2,63,oS16,0.0,metal,18.34,9.3515,146.72,279.896,140.0,2.27755,23.9135,23.0301,2.86644,5.51733e-05,88.8824,92.2916,8,3,-3.79362,
Er2Ge2,63,oS8,0.0,metal,22.1408,8.99425,88.5634,287.987,181.429,2.06043,11.8213,11.4814,7.60724,4.73555e-05,77.2637,79.5511,4,2,-5.38993,
Er2Ge2Sn2,63,oS12,0.0,metal,23.6384,8.39551,141.831,253.068,139.231,2.05948,17.9887,17.4019,4.01305,5.39085e-05,64.0646,66.2247,6,3,-4.83666,
Er2Ge6Ni2,65,oS20,0.0,metal,17.8373,8.26149,178.373,341.967,158.742,2.27581,29.2614,28.206,3.84183,5.41766e-05,90.4634,93.8483,10,3,-4.56611,
Er2H2,194,hP4,0.0,metal,15.0139,9.30524,60.0555,301.981,190.248,1.59866,11.8073,11.4331,9.4282,6.68778e-05,62.3603,64.4009,4,2,-4.32202,
Er2H4,194,hP6,0.0,metal,11.3045,8.28838,67.8273,341.881,188.21,1.80986,17.7046,16.9271,4.87245,8.36719e-05,72.6692,76.007,6,2,-4.25741,
Er2Hg6,194,hP8,0.0,metal,23.6567,13.4952,189.253,138.055,69.0,2.67289,25.5901,23.774,0.491895,9.10178e-05,51.573,55.5126,8,2,-1.68862,
Er2In2Zn2,194,hP6,0.0,metal,22.2512,8.6433,133.507,256.102,140.882,2.10209,18.0943,17.3899,3.77714,6.30546e-05,59.5991,62.0135,6,3,-2.92444,
Er2Ir4,227,cF24,0.0,metal,17.5096,17.4403,105.058,288.03,158.493,2.18362,17.4957,17.2089,7.243,2.52913e-05,194.032,197.265,6,2,-6.36545,
Er2Mg1,139,tI6,0.0,metal,27.8703,7.12637,83.611,183.992,127.578,1.61532,9.09511,8.83921,4.40438,5.90079e-05,39.4638,40.6063,3,2,-3.60282,
Er2Ni12P7,174,hP21,0.0,metal,12.0371,8.24834,252.778,423.892,153.683,2.22438,58.8541,57.2471,2.77588,4.1769e-05,163.139,167.719,21,3,-4.15488,
Er2Ni1Sn6,65,oS18,0.0,metal,24.8915,8.19325,224.023,233.03,112.015,2.20207,27.2873,26.2428,2.1584,5.9312e-05,59.8329,62.2144,9,3,-4.11132,
Er2O8P2,141,tI24,5.9473,insulator-direct,11.9476,6.07438,143.371,545.91,238.487,2.01658,31.3241,30.719,7.75023,3.24544e-05,181.409,184.982,12,3,-8.01629,
Er2Pd6S8,223,cP16,0.0,metal,18.7125,6.81851,299.401,236.904,94.0535,2.18475,48.1013,46.5878,0.896527,4.89832e-05,94.9551,98.0397,16,3,-4.54712,
Er2Pt4,227,cF24,0.0,metal,18.381,16.7864,110.286,250.947,138.131,2.31727,17.7913,17.3989,4.33478,3.22027e-05,155.145,158.644,6,2,-4.99501,
Er2Pt4Si4,129,tP10,0.0,metal,17.0434,11.9569,170.434,256.051,118.825,2.20462,29.6266,28.964,2.34323,3.41548e-05,151.363,154.826,10,3,-5.59421,
Er2Rh4,227,cF24,0.0,metal,17.3989,11.8686,104.393,353.936,194.814,2.16648,17.1838,16.829,9.25408,3.2222e-05,147.85,150.968,6,2,-4.87597,
Er2S4,129,tP6,0.0,metal,19.3282,6.62617,115.969,321.048,176.653,1.89529,17.4633,17.0372,5.91779,4.34724e-05,88.2169,90.4229,6,2,-5.92298,
Er2Si2,63,oS8,0.0,metal,21.0015,7.72276,84.0059,347.993,219.226,1.93483,11.508,11.2462,12.3078,3.97507e-05,89.441,91.5231,4,2,-5.81797,
Er2Si4,141,tI12,0.0,metal,18.9364,6.53091,113.618,268.93,148.036,2.09893,17.9066,17.3219,2.67336,5.29846e-05,83.0845,85.8892,6,2,-5.63873,
Er2Sn4,63,oS12,0.0,metal,26.7528,8.37197,160.517,224.08,123.272,2.08192,18.146,17.5288,3.19196,5.56638e-05,56.1743,58.152,6,2,-4.52382,
Er2Te4,129,tP6,0.0,metal,28.8673,8.10043,173.204,167.055,91.9036,1.92243,18.2305,17.7328,1.68387,4.80442e-05,56.4464,58.0306,6,2,-4.71626,
Er2Tl2Zn2,194,hP6,0.0,metal,22.7095,10.6515,136.257,221.115,121.621,2.31457,18.4781,17.551,2.49661,7.40879e-05,55.5088,58.4412,6,3,-2.72372,
Er3Ga9Ru3,221,cP15,0.0,metal,17.3364,9.14808,260.047,320.038,129.754,2.15118,43.874,42.6063,2.89002,4.56828e-05,105.172,108.301,15,3,-4.09723,
Er3In1N1,221,cP5,0.0,metal,21.6181,9.6877,108.09,310.053,181.289,1.9572,14.5947,14.2478,9.52523,4.11023e-05,86.2198,88.3191,5,3,-5.93596,
Er3In3Pt3,189,hP9,0.0,metal,21.3199,12.3884,191.879,186.968,89.9002,2.18112,27.2449,26.5012,1.40254,4.23217e-05,97.5991,100.338,9,3,-4.60181,
Er3Ir3Sn3,189,hP9,0.0,metal,21.0211,12.5908,189.19,229.02,110.092,2.17002,26.8715,26.2541,2.59384,3.5747e-05,115.89,118.615,9,3,-5.58794,
Er3Mg3Pd3,189,hP9,0.0,metal,21.2407,7.76471,191.166,178.08,85.5735,1.91861,27.3906,26.5477,0.998163,5.44394e-05,66.7687,68.8886,9,3,-3.62531,
Er3P6Pd20,225,cF116,0.0,metal,15.6262,10.3175,453.159,246.912,80.3954,2.42926,86.9808,84.226,0.646428,4.43269e-05,138.855,143.397,29,3,-4.17341,
Er3Pb3Pd3,189,hP9,0.0,metal,22.5516,11.8024,202.965,207.018,99.5152,2.31402,27.3955,26.3955,1.71859,5.37542e-05,76.7136,79.6201,9,3,-4.35466,
Er3Pd3Sn3,189,hP9,0.0,metal,21.8684,9.93083,196.815,223.078,107.207,2.25729,27.1662,26.2977,1.82966,4.81375e-05,86.0215,88.8623,9,3,-4.53234,
Er3Pd3Tl3,189,hP9,0.0,metal,22.0814,11.9827,198.733,162.068,77.8815,2.3456,27.7149,26.6322,0.789699,5.65899e-05,76.3928,79.4982,9,3,-3.84141,
Er3Pt3Sn3,189,hP9,0.0,metal,21.6672,12.2887,195.005,240.982,115.861,2.22209,26.878,26.1751,2.92122,3.98511e-05,102.665,105.422,9,3,-5.00228,
Er3Rh3Sn3,189,hP9,0.0,metal,20.9368,10.2803,188.431,243.986,117.303,2.15858,26.8472,26.1564,2.58048,4.032e-05,101.976,104.669,9,3,-4.95267,
Er3Sn7,65,oS20,0.0,metal,26.7032,8.28686,267.032,207.078,96.0809,2.09706,30.4085,29.3278,1.74102,5.76748e-05,55.0718,57.1012,10,2,-4.43288,
Er4Fe1Ga12,229,cI34,0.0,metal,18.6212,8.19215,316.561,287.974,112.006,2.11903,50.9702,48.8294,1.97578,6.81745e-05,64.9131,67.7591,17,3,-3.57675,
Er4Ga12Pd1,229,cI34,0.0,metal,18.5739,8.47889,315.756,309.114,120.174,2.17157,50.5735,48.5054,2.38831,6.45342e-05,70.1057,73.0948,17,3,-3.51694,
Er4Ga4Ir4,62,oP12,0.0,metal,18.6325,12.7507,223.59,207.032,90.4156,2.06635,35.9853,35.1809,1.51593,3.65195e-05,122.532,125.334,12,3,-5.27149,
Er4Ga4Pd4,62,oP12,0.0,metal,19.4065,9.79437,232.878,196.986,86.0477,2.12473,36.3796,35.2648,0.998863,4.88398e-05,90.5443,93.4065,12,3,-4.09434,
Er4Ga4Rh4,62,oP12,0.0,metal,18.5866,10.1224,223.039,205.947,89.9788,2.08377,36.1349,35.1903,1.16209,4.24894e-05,106.097,108.944,12,3,-4.57037,
Er4Ge4Ir4,62,oP12,0.0,metal,18.5482,12.8938,222.578,230.985,100.899,2.10955,35.7368,34.9826,2.02365,3.37314e-05,135.522,138.443,12,3,-5.98747,
Er4Ge4Mg2,127,tP10,0.0,metal,21.8959,7.64453,218.959,318.119,147.603,1.96362,29.2622,28.4219,5.16782,4.96968e-05,70.1445,72.2185,10,3,-4.70738,
Er4Ge4Rh4,62,oP12,0.0,metal,18.5075,10.251,222.09,287.041,125.359,2.13446,35.2842,34.445,3.00239,3.77149e-05,120.507,123.444,12,3,-5.32642,
Er4Ge4Ru4,62,oP12,0.0,metal,18.4906,10.2054,221.887,279.974,122.301,2.0698,35.2678,34.516,2.96156,3.47516e-05,127.605,130.384,12,3,-5.67773,
Er4Ge6Ir7,229,cI34,0.0,metal,17.0446,14.0411,289.758,346.072,134.563,2.22176,48.7969,47.8157,4.68856,3.06069e-05,164.528,167.905,17,3,-6.06987,
Er4Ge6Os7,229,cI34,0.0,metal,17.0804,13.9308,290.367,315.976,122.896,2.16033,49.2571,48.3329,3.77668,2.93546e-05,168.094,171.308,17,3,-6.44853,
Er4Ge6Rh7,229,cI34,0.0,metal,17.0983,10.4253,290.672,353.983,137.675,2.22665,48.8785,47.7022,3.72941,3.65772e-05,137.226,140.61,17,3,-5.26114,
Er4Hf4O14,227,cF88,3.0089,insulator-indirect,12.9931,9.33528,285.848,472.974,168.806,1.9824,59.6327,58.5704,5.98782,3.03539e-05,183.427,186.753,22,3,-9.36257,
Er4In2,194,hP6,0.0,metal,27.4771,9.05173,164.863,187.038,102.91,1.82929,18.1743,17.666,2.7617,5.15971e-05,52.2291,53.7318,6,2,-4.24991,
Er4In2Ni4,127,tP10,0.0,metal,19.2385,9.78308,192.385,237.002,110.006,1.95919,29.9871,29.117,2.31769,5.01967e-05,80.5774,82.9852,10,3,-3.66862,
Er4In2Pd4,127,tP10,0.0,metal,21.5446,10.2068,215.446,223.017,103.507,2.13571,30.1554,29.2215,1.94085,4.90874e-05,80.8466,83.4304,10,3,-4.29848,
Er4Ir4Si4,62,oP12,0.0,metal,17.5672,12.2115,210.807,326.007,142.394,2.04198,34.626,34.0009,5.37884,2.97914e-05,152.277,155.077,12,3,-6.44086,
Er4Mg2Se8,227,cF56,1.3675,insulator-direct,28.0499,5.70568,392.699,213.962,88.7914,1.90248,42.1839,40.9896,1.39684,5.03877e-05,54.318,55.9006,14,3,-5.22276,
Er4Mg8,194,hP12,0.0,metal,25.481,4.68926,305.771,227.978,99.5882,1.69741,36.2421,35.0252,1.73968,6.68562e-05,40.0538,41.4454,12,2,-2.64479,
Er4Mg8,194,hP12,0.0,metal,25.4817,4.68912,305.781,226.077,98.7146,1.70032,36.2533,35.0364,1.6879,6.68676e-05,40.0431,41.4339,12,2,-2.64478,
Er4Ni4P4,194,hP12,0.0,metal,16.3146,8.7168,195.775,361.894,158.118,2.07087,34.3958,33.5655,4.63644,3.94969e-05,122.464,125.493,12,3,-5.20873,
Er4O14Ru4,227,cF88,0.555,insulator-indirect,12.0898,8.09935,265.977,482.938,172.374,2.12263,59.5573,58.2849,4.33276,3.41074e-05,186.614,190.688,22,3,-7.37072,
Er4O14Sn4,227,cF88,2.173,insulator-direct,13.2962,7.76459,292.517,468.959,167.378,2.13283,60.1182,58.6999,4.27273,3.75243e-05,156.141,159.914,22,3,-7.10082,
Er4O14Sn4,227,cF88,2.173,insulator-direct,13.2962,7.76459,292.517,468.959,167.378,2.13283,60.1182,58.6999,4.27273,3.75243e-05,156.141,159.914,22,3,-7.10082,
Er4O14Tc4,227,cF88,1.2928,insulator-indirect_spin-polarized,12.3694,7.86351,272.126,514.094,183.438,2.09886,58.5289,57.3482,5.35573,3.2543e-05,186.055,189.886,22,3,-7.88249,
Er4O14Ti4,227,cF88,3.1172,insulator-indirect,11.957,6.84679,263.054,560.982,200.211,1.97424,56.8509,55.8234,6.62512,3.10007e-05,184.354,187.747,22,3,-8.27537,
Er4Os8,194,hP12,0.0,metal,17.827,17.0044,213.923,214.964,93.9099,2.26804,35.7123,35.1076,1.74336,2.50768e-05,205.001,208.532,12,2,-7.23846,
Er4P4Pd4,62,oP12,0.0,metal,17.6463,9.55549,211.755,324.954,141.957,2.19462,34.9804,34.0269,3.59506,4.21363e-05,114.591,117.802,12,3,-5.4869,
Er4Pb2Pd4,127,tP10,0.0,metal,22.0558,11.3613,220.558,188.039,87.2619,2.15479,30.4128,29.4442,1.31023,5.0202e-05,78.1824,80.7543,10,3,-4.48666,
Er4Pd4Sn4,62,oP12,0.0,metal,22.2211,9.7732,266.653,217.039,94.7835,2.25056,36.2317,35.1085,1.40725,4.67306e-05,87.2816,90.0739,12,3,-4.50259,
Er4Pt4,62,oP8,0.0,metal,21.3062,14.1202,170.45,188.99,94.5,2.0915,24.1053,23.5454,1.95345,3.74661e-05,105.746,108.26,8,2,-5.41509,
Er4Pt4Si4,62,oP12,0.0,metal,18.2892,11.8163,219.471,294.984,128.853,2.12873,35.123,34.3553,3.72015,3.4711e-05,131.867,134.813,12,3,-5.72518,
Er4Pt4Zn4,62,oP12,0.0,metal,18.986,12.4699,227.832,202.053,88.2316,2.09409,36.2378,35.2271,1.37378,4.50987e-05,98.5948,101.424,12,3,-3.88934,
Er4Pt8Si4,62,oP16,0.0,metal,17.2706,14.0744,276.329,263.062,104.372,2.24402,47.306,46.2455,2.14183,3.37768e-05,152.577,156.076,16,3,-5.48389,
Er5S7,12,mS24,0.0,metal,22.2832,6.58706,267.398,298.049,130.163,1.92042,35.161,34.3273,3.48177,4.17689e-05,81.0461,83.0145,12,2,-6.37378,
Er6F20K2,225,cF112,7.0569,insulator-direct,13.7898,6.28637,386.114,396.047,130.409,2.10271,80.3108,77.3148,1.92218,6.08051e-05,94.3906,98.0483,28,3,-6.40052,
Er6Ga2O12,36,oS40,3.5672,insulator-indirect,13.1373,8.4373,262.746,411.057,151.414,2.0061,56.0507,54.8056,3.74371,3.75446e-05,152.432,155.895,20,3,-7.80458,
Er6Ge26Ir8,223,cP40,0.0,metal,18.1633,10.122,726.531,328.996,96.2002,2.25132,116.532,113.267,1.73979,4.22796e-05,113.665,116.941,40,3,-5.33684,
Er6Ge26Rh8,223,cP40,0.0,metal,18.135,8.50217,725.401,333.092,97.3698,2.21912,116.654,113.113,1.56073,4.6566e-05,101.597,104.778,40,3,-4.93565,
Er6Ge8,63,oS28,0.0,metal,21.6662,8.67301,303.327,288.077,119.495,1.96203,41.3217,40.1864,3.43789,4.74505e-05,74.9498,77.0672,14,2,-5.30179,
Er6Os8Si26,223,cP40,0.0,metal,16.8942,7.99933,675.768,423.11,123.686,2.03093,111.15,109.023,3.31543,3.18423e-05,141.176,143.931,40,3,-6.28531,
Er6Ru4,176,hP10,0.0,metal,22.9105,10.2039,229.105,207.021,96.0809,1.82846,29.9072,29.3175,2.35743,3.62693e-05,88.7664,90.552,10,2,-5.37746,
Er8S12,62,oP20,0.6284,insulator-direct,21.076,6.78682,421.52,313.966,115.679,1.88231,58.2441,56.9075,2.89489,4.12629e-05,84.518,86.5033,20,2,-6.36114,
Eu1F2,225,cF12,2.1058,insulator-indirect,17.1035,6.14748,51.3106,275.95,191.368,2.18795,9.15103,8.65266,3.45762,8.66447e-05,57.7108,61.0348,3,2,-8.38512,
Eu1Hg1,221,cP2,0.0,metal,30.4971,9.59802,60.9942,127.94,101.594,2.29531,6.47122,5.95222,1.38156,0.000121995,24.8177,26.9817,2,2,-5.61362,
Eu1O3Ti1,221,cP5,0.7493,insulator-direct,12.5067,6.58174,62.5334,536.048,313.455,2.03525,13.1626,12.8775,14.8487,3.61321e-05,158.056,161.556,5,3,-9.07705,
Eu1S1,221,cP2,0.5858,insulator-indirect,24.3338,6.27877,48.6676,186.066,147.628,1.93899,6.12794,5.89191,2.92727,6.74868e-05,48.4907,50.4333,2,2,-8.81586,
Eu1S1,225,cF8,0.7006,insulator-indirect,26.9632,5.66646,53.9265,266.051,211.124,1.86187,5.98473,5.78026,9.72875,6.21851e-05,44.1597,45.7217,2,2,-9.11508,
Eu1Se1,225,cF8,0.906,insulator-indirect,30.7945,6.22598,61.589,225.069,178.583,1.90714,6.06838,5.84155,7.29372,6.67423e-05,37.6968,39.1606,2,2,-8.70541,
Eu1Se1,221,cP2,0.3759,insulator-direct,26.9069,7.12552,53.8139,178.084,141.279,1.94874,6.1501,5.90136,3.31988,7.05101e-05,41.2689,43.0084,2,2,-8.43543,
Eu1Te1,221,cP2,0.0,half-metal,33.1064,7.01104,66.2128,136.952,108.737,1.91909,6.1897,5.94115,2.02205,7.14844e-05,32.9389,34.3169,2,2,-7.97274,
Eu2F8Mg2,63,oS24,2.6741,insulator-indirect,14.3094,4.87891,171.713,379.761,165.98,2.10241,35.1791,33.3945,2.44329,8.36416e-05,66.2283,69.7677,12,3,-6.80178,
F12Li2V4,136,tP18,0.0,half-metal,11.9476,3.44087,215.057,518.192,197.654,2.1165,48.9551,46.9044,2.58142,6.82512e-05,91.5589,95.5618,18,3,-6.01202,
F12Na4Zn4,62,oP20,5.1534,insulator-direct,11.6437,4.14619,232.874,430.305,158.413,2.08201,57.7356,54.5102,1.66288,9.34503e-05,70.3103,74.4705,20,3,-4.1637,
F12Pb2Zr2,67,oS32,5.0089,insulator-indirect,14.8052,5.78196,236.883,302.883,120.246,2.17252,47.5006,45.7276,1.17742,5.87733e-05,97.4857,101.266,16,3,-6.16272,-3.23703
F12Y4,62,oP16,7.5731,insulator-indirect,12.5703,4.81838,201.125,492.972,195.647,2.1147,43.6596,42.2209,3.60969,5.33551e-05,112.925,116.773,16,2,-7.13161,-4.12117
F14Sr4Zn3,157,hP21,5.8498,insulator-indirect,13.8301,4.64602,290.431,372.737,135.198,2.14163,61.7361,58.5906,1.38888,8.24399e-05,71.2109,75.0339,21,3,-4.98945,
F1K1,221,cP2,6.2166,insulator-indirect,17.4422,2.76548,34.8844,268.939,213.505,2.30199,6.71774,5.7999,1.74494,0.000218572,23.9283,27.715,2,2,-4.115,-2.637
F1K1,225,cF8,5.9618,insulator-direct,19.8935,2.42471,39.787,288.153,228.586,2.32268,6.61827,5.76986,2.20533,0.000205708,21.6636,24.8491,2,2,-4.21849,-2.74049
F1Li1,225,cF8,8.7442,insulator-indirect,8.48406,2.53849,16.9681,616.678,489.713,2.02365,5.35941,4.93148,9.97636,0.000141364,54.3577,59.0746,2,2,-4.84547,-2.96319
F1Na1,225,cF8,6.135,insulator-direct,12.8599,2.71087,25.7198,415.664,330.179,2.20788,6.18993,5.50664,4.67066,0.000182577,34.1498,38.3873,2,2,-4.3292,-2.74175
F1Rb1,221,cP2,5.9252,insulator-direct,20.5558,4.21951,41.1115,190.259,150.803,2.54019,7.13515,5.90694,0.943421,0.00025481,19.7068,23.8044,2,2,-3.99197,-2.58103
F1Rb1,225,cF8,5.5444,insulator-indirect,23.5218,3.68744,47.0435,195.273,154.772,2.52309,7.01577,5.89997,1.08407,0.000239708,17.6238,20.9567,2,2,-4.09109,-2.68015
F1Tl1,225,cF8,2.2163,insulator-direct,22.9827,8.06938,45.9654,122.899,97.6252,2.38598,6.83152,5.959,0.646273,0.000192208,22.4236,25.7068,2,2,-3.83655,-1.72542
F20K2Tb6,225,cF112,6.9647,insulator-direct,14.4256,5.80371,403.916,391.832,129.092,2.14426,80.5686,77.4555,1.75239,6.19073e-05,90.305,93.9345,28,3,-6.40427,
F20K2Y6,225,cF112,6.9457,insulator-direct,14.3227,4.10585,401.036,461.923,152.144,2.12781,78.0171,75.0711,2.04597,6.09875e-05,88.5759,92.0518,28,3,-6.76658,-3.97507
F24Na4Sb4,205,cP32,4.8782,insulator-direct,19.0657,2.81678,610.104,401.744,126.622,2.34712,92.9331,88.2518,1.00097,7.41901e-05,62.3794,65.6883,32,3,-4.6393,-2.59407
F2Gd2S2,129,tP6,1.0746,insulator-direct,17.1031,6.74155,102.619,350.882,193.163,2.01038,17.3376,16.853,5.8914,4.73005e-05,95.2201,97.9576,6,3,-9.60293,
F2Hg2,139,tI8,1.7558,insulator-indirect,20.2957,8.98308,81.1827,191.885,120.952,2.48707,12.7652,11.7819,1.33384,0.000107922,46.2396,50.0986,4,2,-2.29427,-1.2141
F2Ho2S2,129,tP6,1.3015,insulator-direct,16.1387,7.40785,96.8319,357.087,196.465,2.01565,17.2936,16.8153,6.26803,4.66858e-05,102.361,105.273,6,3,-6.52854,-3.01036
F2Kr1,139,tI6,2.9068,insulator-indirect,21.8547,3.08474,65.5642,286.224,198.301,2.31928,9.71621,8.64865,2.37624,0.000167598,25.1407,28.244,3,2,-1.34714,
F2La2S2,129,tP6,1.4118,insulator-direct,19.6955,5.33867,118.173,342.885,188.76,2.0683,17.4177,16.9082,4.93591,4.81145e-05,84.2799,86.8198,6,3,-6.61499,
F2Pb1,225,cF12,4.3969,insulator-indirect,17.9703,7.55244,53.9109,215.953,149.766,2.25607,9.31083,8.78652,2.03195,8.64415e-05,58.115,61.5828,3,2,-4.88634,-2.41176
F2Sr1,225,cF12,6.7691,insulator-indirect,16.7603,4.14853,50.2809,317.224,219.796,2.17425,9.04903,8.54336,3.49566,8.90674e-05,56.3241,59.6578,3,2,-5.76351,-3.96265
F2Ti1,225,cF12,2.0332,insulator-indirect,12.2221,3.8901,36.6662,475.304,329.347,2.14764,8.36683,7.99368,7.44727,7.18006e-05,88.0601,92.1709,3,2,-6.23802,
F2Xe1,139,tI6,2.7024,insulator-indirect,24.5504,3.81697,73.6512,272.795,189.288,2.40721,9.5372,8.67279,2.74264,0.000132801,29.3095,32.2308,3,2,-1.75509,-0.51258
F3Hg1Rb1,221,cP5,0.6537,insulator-indirect,19.8217,5.74777,99.1086,192.885,112.867,2.40916,16.0792,14.7282,0.775665,0.000122166,40.4461,44.156,5,3,-3.35829,-1.98994
F3K1Mg1,221,cP5,6.9475,insulator-indirect,13.3338,2.9988,66.6689,489.323,285.969,2.12227,14.1024,13.2486,5.14335,9.9925e-05,56.7658,60.4242,5,3,-4.96036,-3.30666
F3K1Mn1,221,cP5,2.6977,insulator-indirect,15.5308,3.22963,77.6541,379.847,222.225,2.18713,14.8746,13.9231,2.97467,0.000102383,51.8653,55.41,5,3,-5.6066,
F3K1Ni1,221,cP5,3.6539,insulator-indirect_spin-polarized,13.5089,3.80525,67.5446,427.258,249.711,2.17608,14.4887,13.6479,4.1857,9.30325e-05,63.5182,67.4317,5,3,-4.37837,
F3K1Pd1,221,cP5,0.9218,insulator-indirect_spin-polarized,16.8139,3.99965,84.0694,322.293,188.307,2.48253,15.8252,14.2416,1.89438,0.000134926,45.6047,50.6758,5,3,-3.88879,
F3K1V1,221,cP5,1.8089,insulator-indirect,15.0336,3.24817,75.1678,405.911,237.43,2.20715,14.6785,13.7724,3.42731,9.78038e-05,55.9337,59.6133,5,3,-5.63062,
F3K1Zn1,221,cP5,5.1731,insulator-indirect,13.2428,4.04951,66.2138,407.998,238.6,2.1166,14.6038,13.7605,4.0117,9.51239e-05,62.4337,66.2598,5,3,-4.16168,
F3La1,139,tI8,5.2225,insulator-indirect,12.9239,6.29264,51.6955,333.072,209.777,2.19727,11.7689,11.3195,3.49061,5.94765e-05,110.887,115.289,4,2,-6.53141,
F3Mg1Na1,221,cP5,5.9286,insulator-indirect,12.352,2.80405,61.7599,518.049,302.928,2.07842,13.8501,13.0425,5.40741,9.83137e-05,59.7667,63.4677,5,3,-4.9173,-3.21981
F3Mg1Rb1,221,cP5,6.93,insulator-indirect,14.0876,3.93146,70.4382,422.094,246.787,2.14954,14.5885,13.6792,4.52832,0.00010164,55.3635,59.0438,5,3,-4.89361,-3.26673
F3Mg3N1,221,cP7,3.5768,insulator-direct,11.0625,3.08611,77.4373,685.68,358.612,1.96851,16.9744,16.4119,10.7026,5.79638e-05,96.693,100.008,7,3,-5.23778,-2.56954
F3Mn1Rb1,221,cP5,2.9728,insulator-indirect,16.0427,4.0865,80.2135,340.909,199.418,2.21634,15.1314,14.1319,2.75824,0.000104253,50.8271,54.4221,5,3,-5.57595,
F3Mo1,221,cP4,1.7373,insulator-indirect,18.1885,3.49059,72.7541,394.15,248.204,2.1824,11.438,11.0511,5.13902,5.29752e-05,85.4381,88.4299,4,2,-5.96652,
F3Na1V1,221,cP5,0.4251,insulator-indirect,14.3955,3.0205,71.9777,382.929,223.98,2.16182,14.8009,13.9064,2.63938,9.74876e-05,58.0956,61.8326,5,3,-5.53783,
F3Pb1Rb1,221,cP5,3.0536,insulator-direct,23.0439,5.03934,115.219,198.051,115.791,2.21693,15.903,14.7091,1.07497,0.000118307,32.8229,35.487,5,3,-4.55434,-2.50521
F3Pd1Rb1,221,cP5,0.9599,insulator-indirect_spin-polarized,17.2293,4.79701,86.1467,310.947,181.874,2.16295,15.1916,14.2579,2.84654,9.46082e-05,53.8397,57.3655,5,3,-3.873,
F3Rb1V1,221,cP5,2.1862,insulator-indirect,15.5333,4.13507,77.6665,368.86,215.793,2.24076,14.9411,13.9848,3.31094,9.98871e-05,54.6854,58.4248,5,3,-5.59503,
F3Rb1Yb1,221,cP5,1.0937,insulator-direct,18.985,5.51914,94.9252,256.04,149.71,2.11258,15.5961,14.5109,2.1863,0.000114538,38.5751,41.4601,5,3,-4.95711,
F3Sc1,221,cP4,6.5707,insulator-indirect,17.53,2.41435,70.1199,497.229,313.09,2.05079,10.8798,10.5295,7.78231,5.37139e-05,78.1162,80.7151,4,2,-6.70745,
F4H2K2,140,tI16,6.8883,insulator-indirect,14.2973,2.26779,114.379,417.678,209.0,1.99916,0.0,22.1952,2.22407,0.0,0.0,0.0,8,3,-4.35156,-2.30109
F4K2Mg1,139,tI14,6.4219,insulator-indirect,15.4886,2.73379,108.42,414.257,216.422,2.15926,20.7825,19.2363,2.67417,0.000121753,42.2323,45.6269,7,3,-4.75475,-3.15124
F4K2Zn1,139,tI14,5.5639,insulator-indirect,15.5632,3.34678,108.942,364.247,190.284,2.14165,21.0938,19.6257,2.27257,0.000114551,45.369,48.7628,7,3,-4.19321,
F4Mg1Rb2,139,tI14,6.2312,insulator-indirect,17.0572,3.77214,119.401,321.02,167.805,2.16886,21.602,19.9374,1.93049,0.000125188,39.2256,42.5005,7,3,-4.6824,-3.11721
F4Mg2,136,tP6,6.8283,insulator-direct,11.3558,3.03676,68.1348,578.329,318.086,2.04165,15.7741,15.1029,6.68321,7.2145e-05,84.2072,87.9495,6,2,-5.32934,-3.5585
F4Mg2,58,oP6,6.8386,insulator-direct,11.3468,3.03918,68.0807,562.022,309.281,2.04293,15.9315,15.2464,6.13146,7.29034e-05,84.2632,88.0499,6,2,-5.32884,-3.558
F4Nb1,139,tI10,0.7228,insulator-indirect,15.4107,3.63987,77.0537,638.14,373.105,2.13153,12.4346,12.105,16.5854,4.24615e-05,106.868,109.779,5,2,-6.24948,
F4Ni1Rb2,139,tI14,3.8677,insulator-indirect_spin-polarized,17.164,4.22389,120.148,311.926,163.1,2.2782,21.698,19.9925,1.79802,0.000121813,42.2178,45.8192,7,3,-4.28254,
F4Ni2,136,tP6,3.9993,insulator-direct_spin-polarized,11.5028,4.65256,69.0168,445.972,245.443,2.14231,16.9377,16.2087,4.30782,6.9327e-05,97.455,101.838,6,2,-4.36239,
F4Ni2,58,oP6,4.0207,insulator-direct_spin-polarized,11.4803,4.66168,68.8817,422.018,232.236,2.14137,17.1462,16.3957,3.64776,7.03868e-05,97.5846,102.052,6,2,-4.36161,
F4Pb1,139,tI10,1.864,insulator-indirect,15.9852,5.88363,79.9259,413.271,241.524,2.4503,14.541,13.7286,5.64531,7.91313e-05,72.5027,76.7927,5,2,-4.09795,-1.86939
F4Pd2,136,tP6,1.3412,insulator-direct_spin-polarized,14.8942,5.36621,89.3653,292.867,161.244,2.31526,18.1721,17.2182,1.67099,7.82085e-05,78.0655,82.3908,6,2,-3.61092,
F4S4Y4,194,hP12,2.5624,insulator-indirect,20.1868,3.83776,242.242,361.999,158.118,1.9737,34.5175,33.5704,3.0058,4.72362e-05,79.282,81.5186,12,3,-7.12009,-2.9704
F4Si1,217,cI10,7.7111,insulator-indirect,16.7991,2.05758,83.9954,782.93,457.901,1.96251,11.1855,10.9045,23.3813,4.38134e-05,77.769,79.7725,5,2,-5.71525,-3.14288
F4Sn1,139,tI10,2.7018,insulator-indirect,14.5587,4.44105,72.7936,546.081,319.303,2.16486,13.2969,12.8181,11.3856,5.69771e-05,90.6261,94.0115,5,2,-4.45345,
F4V2,136,tP6,1.707,insulator-direct,13.2118,3.72611,79.2707,412.948,227.283,2.1813,17.2582,16.4604,3.15852,7.31864e-05,83.9761,88.0463,6,2,-6.45549,
F4Zn2,136,tP6,4.9519,insulator-indirect,11.2356,5.09279,67.4134,426.162,234.437,2.03177,17.0641,16.36,4.45839,6.9794e-05,95.608,99.7227,6,2,-3.98903,
F5Mn1Rb2,123,tP8,1.3241,insulator-direct,20.232,3.29188,161.856,311.875,156.0,2.26171,24.6377,22.8461,1.61991,0.000112084,39.0482,42.1104,8,3,-5.0514,
F5U1,87,tI12,3.9872,insulator-indirect,17.5508,5.25138,105.305,416.015,228.934,1.99835,16.8595,16.4148,8.01631,4.47556e-05,95.1758,97.7547,6,2,-6.49919,
F6Ge1Rb2,225,cF36,5.9351,insulator-direct,18.171,3.63014,163.539,279.025,134.129,2.21618,27.6547,25.945,1.06944,9.67053e-05,49.5195,52.7827,9,3,-4.72175,-2.7678
F6Hf1K2,225,cF36,6.9132,insulator-direct,18.593,3.67835,167.337,382.166,183.646,2.1129,26.1918,25.0166,3.17752,7.31632e-05,58.7038,61.4613,9,3,-6.01705,-3.42783
F6Hf1V1,225,cF32,2.9319,insulator-indirect,17.419,4.09228,139.352,397.146,198.5,2.11798,22.8289,22.0767,3.90932,5.31141e-05,86.2046,89.1417,8,3,-7.04235,
F6K2Mn1,225,cF36,3.2185,insulator-indirect_spin-polarized,16.4664,2.76901,148.198,400.263,192.3,2.30182,26.7034,24.866,1.94328,0.000104096,50.7815,54.5339,9,3,-4.9251,
F6K2Ni1,225,cF36,2.2295,insulator-indirect,15.5006,2.9862,139.505,407.687,196.146,2.2358,26.5172,24.7844,2.18914,0.000102205,52.5606,56.2354,9,3,-4.01898,
F6K2Si1,225,cF36,7.229,insulator-direct,15.5579,2.61226,140.021,427.13,205.28,2.0603,25.7523,24.5409,2.62856,7.88056e-05,62.197,65.2672,9,3,-5.24772,-3.16174
F6K3W1,225,cF40,1.2302,insulator-indirect,19.4195,3.54978,194.195,302.774,140.64,2.19493,30.5165,28.619,1.39127,9.85515e-05,44.7661,47.7341,10,3,-5.09172,
F6La2,59,oP8,6.9891,insulator-indirect,13.9712,5.82093,111.769,382.037,191.0,2.18721,23.0758,22.2188,3.44611,5.82102e-05,101.523,105.439,8,2,-6.58756,
F6Mn1Rb2,225,cF36,3.2335,insulator-indirect_spin-polarized,18.0818,3.46793,162.736,332.225,159.609,2.29802,27.4705,25.5222,1.58263,0.000106893,46.3305,49.8674,9,3,-4.90239,
F6Na1P1,225,cF32,6.9841,insulator-direct,15.577,2.23804,124.616,532.715,266.5,2.09679,21.5064,20.6728,4.56798,6.35873e-05,74.2069,77.1993,8,3,-4.97802,-2.75344
F6Na1Sb1,225,cF32,4.842,insulator-direct,19.1201,2.80877,152.961,412.248,206.0,2.34437,23.1222,21.9667,2.72595,7.36881e-05,62.4741,65.7606,8,3,-4.63931,-2.59408
F6Na2Ni2,63,oS20,4.3797,insulator-indirect_spin-polarized,11.6613,3.94938,116.613,440.3,204.23,2.18476,28.8515,27.1256,2.43302,9.54635e-05,72.0247,76.6073,10,3,-4.37403,
F6Ni1Rb2,225,cF36,2.3061,insulator-indirect,17.9259,3.53671,161.333,318.787,153.359,2.26193,27.542,25.6316,1.46172,0.000107287,45.7102,49.1171,9,3,-3.99184,
F6Pd1Rb2,225,cF36,2.8423,insulator-direct,18.9506,3.80998,170.555,344.231,165.378,2.4061,27.4588,25.4184,1.8634,0.000107679,45.6996,49.368,9,3,-3.91628,
F6Rb2Si1,225,cF36,7.0271,insulator-direct,17.5957,3.28217,158.361,340.949,163.936,2.08007,26.7328,25.4081,1.93847,8.22179e-05,55.2662,58.1476,9,3,-5.22053,-3.16435
F6S1,229,cI14,5.7912,insulator-direct,15.8726,2.18276,111.108,472.069,246.742,2.11815,19.4611,18.6802,3.39163,6.51292e-05,74.2575,77.3618,7,2,-3.93535,-1.75199
F6Si1Tl2,225,cF36,4.9622,insulator-direct,17.9339,5.66681,161.405,230.088,110.572,2.10646,27.73,26.2751,1.02404,8.54149e-05,55.0781,58.1279,9,3,-5.03493,-2.66756
F6Sn2,225,cF32,2.2442,insulator-indirect,21.8031,3.34507,174.425,313.05,156.5,2.21393,23.8584,22.7998,1.91754,6.83699e-05,58.3846,61.0953,8,2,-4.66691,
F6V1Zr1,225,cF32,2.1144,insulator-indirect_spin-polarized,17.8037,2.98639,142.43,446.848,223.5,2.13575,22.3431,21.5948,4.11857,5.36115e-05,82.346,85.1994,8,3,-6.7683,
F8Mg4,205,cP12,6.733,insulator-direct,10.4749,3.29213,125.699,595.296,259.89,2.0581,31.2088,29.8894,4.38928,7.11435e-05,92.1342,96.2014,12,2,-5.26374,-3.4929
F8Pb2Pd2,140,tI24,1.9165,insulator-indirect,16.3645,6.58882,196.374,248.928,108.761,2.28087,36.8074,34.8689,0.928124,7.98694e-05,69.1878,73.0343,12,3,-4.24757,
F8Pd2Sr2,140,tI24,2.3794,insulator-indirect,15.8358,4.71894,190.029,325.077,141.957,2.30834,36.098,34.0874,1.37904,8.35703e-05,67.7423,71.7379,12,3,-4.68905,
F8Pd4,205,cP12,1.7717,insulator-direct_spin-polarized,13.4451,5.94458,161.341,333.772,145.888,2.30693,35.7859,33.972,1.51782,7.59298e-05,87.3742,92.0396,12,2,-3.59751,
F8Zn4,60,oP12,4.969,insulator-direct,11.1052,5.15258,133.262,414.139,180.831,2.01968,34.3031,32.8977,2.59549,6.95776e-05,97.515,101.681,12,2,-3.98163,
F9Y3,221,cP12,5.6023,insulator-indirect,13.0594,4.63794,156.713,489.191,213.59,2.10577,32.8233,31.7209,4.35946,5.46691e-05,105.986,109.67,12,2,-6.93161,-3.92117
Fe1Ga12Ho4,229,cI34,0.0,metal,18.7052,8.10672,317.989,289.014,112.395,2.12719,50.9665,48.8137,1.97248,6.82827e-05,64.6368,67.4874,17,3,-3.59049,
Fe1Ga12Tb4,229,cI34,0.0,metal,19.042,7.84012,323.714,290.918,113.173,2.14164,50.9586,48.7875,1.96319,6.84576e-05,63.8991,66.7427,17,3,-3.61929,
Fe1Ga12Y4,229,cI34,0.0,metal,18.9173,6.44563,321.594,314.007,122.118,2.11764,50.547,48.4305,2.06442,6.79882e-05,63.2104,65.9728,17,3,-4.04611,
Fe1Ga1Ni2,225,cF16,0.0,metal,11.9594,8.43377,47.8376,315.877,199.068,2.14709,11.7494,11.3805,3.80415,4.96893e-05,139.466,143.987,4,3,-3.17471,
Fe1Ga2Hf6,189,hP9,0.0,metal,19.2481,12.1379,173.233,261.057,125.476,1.73356,26.4372,26.0216,5.37119,3.05143e-05,117.095,118.965,9,3,-7.88131,
Fe1H6Mg2,225,cF36,3.2485,insulator-indirect,7.12509,2.86151,64.1258,820.223,394.215,1.82429,19.8647,19.035,9.51518,7.99264e-05,88.0708,91.9098,9,3,-3.32723,
Fe1H6Sr2,225,cF36,3.0278,insulator-indirect,11.2318,3.89541,101.086,477.243,229.318,1.8661,25.4372,23.9826,4.42377,0.00010718,54.6676,57.9835,9,3,-3.61121,
Fe1La1O3,221,cP5,0.5431,insulator-indirect_spin-polarized,12.5803,6.40838,62.9016,534.101,312.285,2.06633,13.1908,12.8946,13.9237,3.6708e-05,158.748,162.396,5,3,-7.45826,
Fe1Nb1Sb1,216,cF12,0.7499,insulator-indirect,17.5357,8.53842,52.6071,382.943,265.557,2.1169,8.47347,8.31775,14.2082,2.92884e-05,156.718,159.652,3,3,-5.58855,
Fe1O1,225,cF8,0.0,metal,10.088,5.91316,20.176,450.864,357.959,2.13521,5.54863,5.38636,9.91425,4.67375e-05,166.43,171.444,2,2,-6.39801,0.295071
Fe1O2Sr1,123,tP4,0.0,metal,14.4352,5.04615,57.7407,461.079,290.412,1.95694,11.0413,10.7193,11.087,5.07765e-05,97.7118,100.648,4,3,-6.41134,-1.41113
Fe1O3Sr1,221,cP5,0.0,metal,11.9322,5.32906,59.6608,540.973,316.379,2.41268,13.4222,12.8623,8.0483,5.99165e-05,117.411,122.523,5,3,-6.42297,
Fe1Pd3,221,cP4,0.0,metal,14.8524,10.4829,59.4094,349.043,219.856,2.50551,11.6369,11.248,6.07267,4.54805e-05,142.418,147.343,4,2,-3.53844,
Fe1Ru2Si1,225,cF16,0.0,metal,12.9768,9.15164,51.9071,504.995,318.13,2.21487,10.6648,10.4736,17.4881,2.73703e-05,223.504,227.585,4,3,-6.05804,
Fe1Ru2Sn1,225,cF16,0.0,metal,15.4428,10.1259,61.7711,338.956,213.557,2.38973,11.5684,11.2843,6.25432,3.47296e-05,173.197,177.558,4,3,-5.22273,
Fe1Sb1V1,216,cF12,0.8366,insulator-indirect,16.2026,7.80731,48.6079,366.042,253.77,2.19865,8.57839,8.37741,9.4013,3.60084e-05,144.539,148.007,3,3,-4.77636,
Fe1Sb2Zr6,189,hP9,0.0,metal,22.0352,7.0893,198.316,323.998,155.763,1.90369,26.0019,25.5181,5.8545,3.29766e-05,102.181,104.118,9,3,-7.62047,
Fe1Te2Zr6,189,hP9,0.0,metal,21.357,7.4155,192.213,342.931,164.897,1.93122,25.817,25.3467,6.75765,3.17835e-05,110.174,112.218,9,3,-7.284,
Fe1Ti1,221,cP2,0.0,metal,13.4969,6.38205,26.9938,602.053,477.808,1.96487,5.03878,4.95149,45.0433,2.98413e-05,163.744,166.631,2,2,-4.68964,
Fe2Ga1V1,225,cF16,0.6974,insulator-indirect,11.7172,8.23283,46.8689,588.189,370.417,2.1482,10.1964,9.99066,23.2164,3.18594e-05,195.454,199.478,4,3,-4.30896,
Fe2Ge1Ti1,225,cF16,1.2535,insulator-indirect,12.3074,7.8317,49.2295,581.03,366.007,2.12486,10.2375,10.0345,23.2667,3.16227e-05,186.955,190.736,4,3,-4.62878,
Fe2Hf8P2,124,tP12,0.0,metal,18.724,11.8362,224.689,232.009,101.335,1.83135,35.6089,34.973,2.59334,3.27655e-05,120.032,122.214,12,3,-8.80595,
Fe2In1Ti1,225,cF16,0.0,metal,14.2446,7.99736,56.9782,438.967,276.553,2.12691,11.1057,10.8303,12.45,3.9634e-05,138.451,141.973,4,3,-3.70028,
Fe2In2O6,194,hP10,0.9602,insulator-indirect_spin-polarized,12.2297,5.93802,122.297,494.532,229.759,3.60862,28.8237,26.4731,1.88724,7.96477e-05,135.139,147.139,10,3,-6.20845,-1.01453
Fe2N4W2,194,hP8,0.0,metal,10.2245,10.8696,81.7957,583.028,291.5,2.10988,20.3591,20.0421,16.2671,2.4919e-05,284.119,288.613,8,3,-8.46283,
Fe2Nb8P2,124,tP12,0.0,metal,16.0665,7.89704,192.798,452.041,197.429,1.90223,32.6869,32.2589,9.62027,2.31446e-05,188.456,190.956,12,3,-7.47721,
Fe2P2Ta8,124,tP12,0.0,metal,16.6037,13.5116,199.244,282.009,123.175,1.67875,34.8646,34.4814,5.48031,2.20058e-05,181.04,183.052,12,3,-8.70406,
Fe2Rh4S8,227,cF56,0.0,half-metal,18.1011,5.10972,253.416,388.121,160.986,2.61108,40.6264,38.8068,2.09748,5.79995e-05,96.1626,100.671,14,3,-4.83718,
Fe2S6Ta9,189,hP17,0.0,metal,18.6758,10.1079,317.489,339.993,132.23,2.01155,48.731,47.9129,4.48893,2.81398e-05,148.313,150.845,17,3,-8.01764,
Fe2Se4,58,oP6,1.1592,insulator-indirect,17.5936,6.72533,105.562,423.903,233.336,2.22131,16.9949,16.3685,8.67444,5.69421e-05,82.2408,85.3877,6,2,-4.07231,
Fe2Si2Tb1,139,tI10,0.0,metal,14.8676,7.29977,74.3378,479.902,280.706,2.01835,13.5403,13.2619,15.1588,3.44994e-05,142.473,145.464,5,3,-5.12305,
Fe2Si2Tb2,129,tP6,0.0,metal,17.7058,7.59217,106.235,372.922,205.27,1.98969,17.0853,16.7081,8.52781,3.75246e-05,114.005,116.579,6,3,-5.14763,
Fe2Te2,129,tP4,0.0,metal,22.2259,6.85285,88.9035,336.969,212.297,2.36004,11.7611,11.3038,6.9898,5.66537e-05,71.1823,74.0622,4,2,-3.17168,
Fe2Te4,58,oP6,0.7009,insulator-indirect,22.5573,7.63249,135.344,321.073,176.653,2.28404,17.789,17.0506,5.59294,6.25379e-05,62.7586,65.4766,6,2,-3.61373,
Fe2V6,223,cP8,0.0,metal,12.8115,6.76164,102.492,379.963,190.0,1.92851,22.5791,22.2046,4.60574,2.89862e-05,197.192,200.517,8,2,-5.67257,
Fe2Zr4,140,tI12,0.0,metal,20.1909,6.5324,121.145,180.031,99.0578,1.62633,18.0166,17.6876,1.52389,3.78697e-05,85.6803,87.2744,6,2,-7.31447,
Fe3Ge3,191,hP6,0.0,metal,16.7437,6.36881,100.462,307.097,168.949,2.11816,17.9077,17.1355,3.23645,7.00049e-05,70.1663,73.3283,6,2,-4.79436,
Fe4Hf2,227,cF24,0.0,metal,15.6804,10.2434,94.0827,287.01,157.942,2.6521,18.2632,17.2476,2.39784,7.00012e-05,98.2343,104.019,6,2,-6.72631,
Fe4Hf4P4,62,oP12,0.0,metal,15.1254,9.70901,181.505,390.964,170.785,2.1449,34.0199,33.1771,5.44303,3.91449e-05,137.157,140.641,12,3,-7.66578,
Fe4Hf4Si4,62,oP12,0.0,metal,15.7928,9.19748,189.514,372.108,162.486,2.13041,34.3447,33.4404,4.7644,4.18159e-05,124.084,127.44,12,3,-7.38345,
Fe4Nb4P4,62,oP12,0.0,metal,12.7205,7.82053,152.646,599.131,261.637,2.1201,30.2154,29.7617,12.8386,2.39132e-05,235.829,239.424,12,3,-6.61034,
Fe4O11Sr4,65,oS38,0.0,half-metal,12.6738,5.17095,240.802,508.216,190.376,2.27327,51.5294,49.7295,3.26311,5.26538e-05,121.405,125.799,19,3,-6.48661,
Fe4P4Ta4,62,oP12,0.0,metal,12.7155,11.6561,152.586,497.926,217.522,2.09463,32.0034,31.5287,11.2691,2.38754e-05,248.342,252.081,12,3,-7.09423,
Fe4P4V4,62,oP12,0.0,metal,11.3997,6.68903,136.797,663.922,290.029,2.11502,29.0267,28.5498,13.0072,2.62844e-05,228.293,232.107,12,3,-5.82538,
Fe4P4Zr4,62,oP12,0.0,metal,15.631,6.30466,187.572,473.127,206.602,2.10514,32.7265,31.9537,6.81398,3.80802e-05,128.517,131.626,12,3,-7.26143,
Fe4S8,205,cP12,2.029,insulator-indirect,14.0802,4.71608,168.963,638.989,279.109,2.1708,29.9831,29.054,10.2701,4.8963e-05,102.641,105.923,12,2,-4.66162,
Fe4Si4,198,cP8,0.8724,insulator-indirect,10.7768,6.46634,86.2146,725.985,363.0,2.13434,18.5509,18.2149,19.6319,2.88085e-05,211.555,215.457,8,2,-4.98773,
Fe4Si4Ta4,62,oP12,0.0,metal,14.7706,9.92614,177.247,401.963,175.59,2.03343,33.6724,33.0126,6.57721,3.25154e-05,159.749,162.942,12,3,-7.2812,
Fe4Si4Zr4,62,oP12,0.0,metal,14.9069,6.50366,178.882,534.005,233.246,1.96381,31.4332,30.9148,11.0464,2.83861e-05,162.885,165.617,12,3,-6.53683,
Fe4Zr2,227,cF24,0.0,metal,16.3835,6.8554,98.3012,380.819,209.672,2.94441,17.8516,16.6998,3.18196,7.53624e-05,92.037,98.385,6,2,-6.24894,
Fe6Ge6Hf1,191,hP13,0.0,metal,15.1669,7.99331,197.17,355.199,150.978,2.29821,38.1946,36.5127,2.75182,6.60012e-05,87.7525,91.7947,13,3,-5.34389,
Fe6N2,20,oS16,0.0,metal,12.3432,6.10596,98.7453,394.084,197.0,2.45498,23.105,22.1282,2.61952,6.31528e-05,111.098,116.002,8,2,-5.94874,
Fe8Re12,213,cP20,0.0,metal,13.148,16.9311,262.96,391.99,144.414,2.1209,55.9065,55.2277,5.77256,1.92293e-05,318.486,322.4,20,2,-6.94874,
Fe8Ta4,194,hP12,0.0,metal,14.8808,10.8853,178.569,282.95,123.612,2.04478,35.2917,34.4892,2.51294,3.79564e-05,140.829,144.107,12,2,-6.66708,
Fe8Ta4,194,hP12,0.0,metal,14.8723,10.8915,178.467,283.047,123.612,2.03591,35.2826,34.4893,2.53686,3.77063e-05,141.036,144.28,12,2,-6.66736,
Fe8Ta4,194,hP12,0.0,metal,14.8761,10.8887,178.513,288.943,126.232,2.03221,35.2092,34.4223,2.71277,3.75543e-05,141.037,144.261,12,2,-6.66981,
Fe8Ta4,194,hP12,0.0,metal,14.8863,10.8812,178.635,274.034,119.681,2.04342,35.3848,34.577,2.28389,3.80918e-05,140.757,144.046,12,2,-6.66975,
Fe8W4,194,hP12,0.0,metal,13.9921,11.6914,167.905,301.969,131.911,1.96504,34.9093,34.2764,3.29329,3.10649e-05,176.889,180.156,12,2,-6.6754,
Ga10Pd2,140,tI24,0.0,metal,17.6762,7.12526,212.115,266.971,116.623,2.55407,37.2925,34.7204,1.07668,9.40768e-05,60.6768,65.1718,12,2,-2.70984,
Ga12Ho4Ni1,229,cI34,0.0,metal,18.2768,8.31194,310.705,318.025,123.674,2.07812,50.2764,48.3557,2.75047,6.27835e-05,69.7661,72.5372,17,3,-3.45175,
Ga12Ho4Pd1,229,cI34,0.0,metal,18.6959,8.37486,317.831,307.083,119.396,2.17428,50.5982,48.5321,2.32731,6.44333e-05,69.8104,72.7823,17,3,-3.53036,
Ga12Lu4Pd1,229,cI34,0.0,metal,18.0874,8.87342,307.486,301.133,117.062,2.1637,50.7376,48.6237,2.25372,6.59248e-05,69.9358,72.9761,17,3,-3.4857,
Ga12Pd1Tb4,229,cI34,0.0,metal,18.98,8.12588,322.661,308.892,120.174,2.18402,50.5702,48.4991,2.32573,6.44231e-05,69.0292,71.9769,17,3,-3.568,
Ga12Pd1Y4,229,cI34,0.0,metal,19.02,6.67044,323.34,343.959,133.785,2.17408,49.9531,47.9241,2.66597,6.41641e-05,68.2149,71.1029,17,3,-3.98931,
Ga14Ni6,229,cI40,0.0,metal,14.845,7.42996,296.9,345.088,127.099,2.34175,59.1148,56.3635,1.64839,6.81238e-05,88.6599,92.9877,20,2,-2.62043,
Ga1Hf1Ni2,225,cF16,0.0,metal,13.7481,11.0398,54.9925,153.041,96.384,2.09399,12.1648,11.8502,0.716183,4.17524e-05,147.641,151.56,4,3,-4.62685,
Ga1Ir1,221,cP2,0.0,metal,13.9271,15.6167,27.8542,275.976,219.061,2.37652,5.8968,5.76074,7.29024,3.26997e-05,207.288,212.184,2,2,-4.72147,
Ga1Ir1Li2,216,cF16,0.0,metal,13.2321,8.65401,52.9283,294.151,185.208,2.10826,12.0073,11.4687,3.73217,7.27805e-05,86.263,90.3141,4,3,-3.52454,
Ga1La3,221,cP4,0.0,metal,31.3959,6.43217,125.584,155.064,97.6439,1.94262,12.3394,11.8499,1.53473,6.94045e-05,36.3387,37.84,4,2,-4.40921,
Ga1Li1Mg2,225,cF16,0.0,metal,18.5562,2.80292,74.2247,294.061,185.208,2.0913,12.5194,11.49,1.94365,0.000138203,31.7821,34.6297,4,3,-2.04766,
Ga1Li1Si1,216,cF12,0.1922,insulator-indirect,17.0197,3.4071,51.0592,452.824,314.093,2.18141,8.60884,8.08907,8.51019,9.61806e-05,48.9328,52.077,3,3,-3.40655,
Ga1Li2Pd1,216,cF16,0.0,metal,14.1445,5.57698,56.578,275.017,173.239,2.24673,12.5125,11.5535,1.88047,0.000118646,53.1448,57.5561,4,3,-2.7672,
Ga1Li2Pt1,216,cF16,0.0,metal,13.8091,8.37868,55.2363,255.812,161.27,2.20489,12.3075,11.6026,2.29366,8.98393e-05,70.4572,74.7374,4,3,-3.13477,
Ga1Mn1,123,tP2,0.0,metal,17.0809,6.06022,34.1618,285.836,226.998,1.96445,6.1591,5.75194,6.29807,0.000108464,44.7711,47.9403,2,2,-4.75202,
Ga1Mn1Ni2,225,cF16,0.0,metal,12.7809,7.86216,51.1236,389.088,245.055,1.80034,11.3443,11.0699,10.6305,4.62467e-05,111.759,114.53,4,3,-3.71018,
Ga1Mn1Ti2,216,cF16,0.1817,insulator-direct,14.8883,6.14757,59.5532,257.939,162.53,1.94854,11.8539,11.5781,2.48344,4.03205e-05,129.205,132.283,4,3,-4.1879,
Ga1N1,216,cF8,1.7472,insulator-direct,11.5997,5.99411,23.1994,584.202,463.521,2.0808,5.12625,5.00813,27.8922,3.7648e-05,161.427,165.235,2,2,-5.8982,-0.288089
Ga1Nb1Ni2,225,cF16,0.0,metal,13.2214,8.79238,52.8856,357.992,225.526,2.13841,11.4678,11.2035,6.63232,3.64964e-05,169.315,173.31,4,3,-4.05544,
Ga1Ni2Ta1,225,cF16,0.0,metal,13.2656,11.5183,53.0622,297.973,187.728,2.12276,11.7018,11.4417,5.1066,3.5368e-05,177.473,181.507,4,3,-4.47678,
Ga1Ni2V1,225,cF16,0.0,metal,12.0963,8.17,48.385,365.02,229.936,2.16917,11.48,11.1759,5.6256,4.14665e-05,164.728,169.212,4,3,-3.4822,
Ga1Ni3,221,cP4,0.0,metal,11.2678,9.05618,45.0711,301.079,189.618,2.41512,11.9522,11.4442,2.53251,6.0381e-05,136.867,142.943,4,2,-2.41495,
Ga1O3Pr1,221,cP5,0.6346,insulator-indirect,16.2556,5.28417,81.278,370.09,216.377,2.02322,14.3461,13.9436,5.63216,4.70768e-05,100.822,103.733,5,3,-5.91104,
Ga1P1,216,cF8,1.6437,insulator-indirect,20.7131,4.03693,41.4261,412.169,327.005,2.14546,5.68444,5.485,13.3617,5.57469e-05,69.3833,71.9061,2,2,-4.33318,
Ga1P1,225,cF8,0.0,metal,17.0033,4.9177,34.0066,251.089,199.219,2.19604,6.06038,5.80499,2.68278,6.5447e-05,78.4616,81.9136,2,2,-3.93182,
Ga1P1Pt5,123,tP7,0.0,metal,15.1782,16.8193,106.247,265.078,138.531,2.5112,20.7353,20.2247,2.99711,3.31705e-05,198.526,203.538,7,3,-4.21107,
Ga1Pd2Sc1,225,cF16,0.0,metal,16.601,8.18949,66.4041,248.895,156.86,2.28361,12.0123,11.6111,2.43747,4.97985e-05,110.022,113.824,4,3,-4.09196,
Ga1Pt3,221,cP4,0.0,metal,15.0553,18.0612,60.2211,229.946,144.891,2.562,11.982,11.6656,2.89648,3.48546e-05,196.205,201.526,4,2,-3.77084,
Ga1Rh1,221,cP2,0.0,metal,13.7628,10.415,27.5256,311.974,247.635,2.43964,5.87162,5.69706,6.54377,4.1379e-05,167.227,172.35,2,2,-3.92595,
Ga1Ru1,221,cP2,0.0,metal,13.6955,10.3549,27.391,401.879,319.068,2.33714,5.63604,5.50303,15.1707,3.41729e-05,188.316,192.868,2,2,-4.44597,
Ga1S8Ti4,216,cF52,0.0,metal,20.7273,3.19109,269.455,497.03,211.369,1.9431,35.0268,34.1856,6.51282,4.1905e-05,82.8699,84.909,13,3,-5.52089,
Ga1Sb1,216,cF8,0.0,metal,29.7288,5.34788,59.4576,240.105,190.488,2.27445,6.13724,5.82398,4.9879,7.70679e-05,39.3999,41.5192,2,2,-3.43645,
Ga2Gd6O12,36,oS40,3.5087,insulator-indirect,14.1859,7.46209,283.719,399.114,146.993,1.99538,56.3692,55.099,3.39673,3.82567e-05,138.504,141.697,20,3,-10.4806,
Ga2Ge2Li2,186,hP6,0.0,metal,17.4585,4.73247,104.751,326.056,179.405,2.23488,18.3586,17.0509,2.72754,0.0001117,43.7366,47.0908,6,3,-3.21117,
Ga2Hf6Ni1,189,hP9,0.0,metal,19.2993,12.1328,173.694,285.035,137.014,1.72032,26.2421,25.842,7.13921,2.97619e-05,117.951,119.777,9,3,-7.7611,
Ga2Hg1Te4,82,tI14,0.6882,insulator-direct,33.4958,6.02306,234.471,203.099,106.12,2.28172,21.747,20.5608,1.70975,8.19685e-05,33.6635,35.6056,7,3,-2.83568,
Ga2Ho1,191,hP3,0.0,metal,20.7169,8.13305,62.1508,303.945,210.782,2.08759,8.87423,8.57101,8.73397,5.55702e-05,70.936,73.4456,3,2,-3.74756,
Ga2Ho6O12,36,oS40,3.5973,insulator-indirect,13.3275,8.22984,266.549,407.917,150.308,2.01757,56.1451,54.881,3.59613,3.78392e-05,150.207,153.666,20,3,-7.79633,
Ga2In2O6,194,hP10,1.5028,insulator-indirect,11.8017,6.54426,118.017,486.162,225.581,2.15517,27.1792,26.464,5.6648,4.15092e-05,158.689,162.978,10,3,-5.76754,-1.68432
Ga2In2Te4,140,tI16,0.0,metal,30.8826,5.91138,247.061,208.93,104.5,2.2087,24.8937,23.4683,1.6112,8.93222e-05,32.3945,34.3621,8,3,-3.12725,
Ga2La1,191,hP3,0.0,metal,24.1374,6.38373,72.4123,317.868,220.489,2.13329,8.85591,8.53143,9.19381,5.80265e-05,59.4609,61.7224,3,2,-3.88152,
Ga2La2Zn2,194,hP6,0.0,metal,23.8531,6.35871,143.119,296.957,163.445,2.04968,17.8484,17.1812,5.02865,6.20129e-05,54.5403,56.6585,6,3,-3.03942,
Ga2Mo6,223,cP8,0.0,metal,15.5845,9.52447,124.676,447.014,223.5,2.03604,21.8514,21.553,12.169,2.26087e-05,213.363,216.317,8,2,-6.76328,
Ga2N2,186,hP4,1.918,insulator-direct,11.6088,5.98944,46.435,595.183,374.827,2.08309,10.1867,9.95301,18.5123,3.7417e-05,161.729,165.526,4,2,-5.90392,-0.293807
Ga2O12Tb6,36,oS40,3.6365,insulator-indirect,13.7296,7.77089,274.592,405.045,149.203,2.02501,56.2311,54.9552,3.42866,3.79853e-05,145.942,149.331,20,3,-7.78412,
Ga2O12Y6,36,oS40,3.7068,insulator-indirect,13.6385,5.26527,272.77,494.018,181.991,2.01076,53.8544,52.682,4.24501,3.67318e-05,144.363,147.576,20,3,-8.31499,-3.1272
Ga2P2,186,hP4,1.3542,insulator-direct,20.6726,4.04484,82.6902,410.018,258.284,2.14423,11.3802,10.9799,8.29456,5.5923e-05,69.1928,71.715,4,2,-4.32394,
Ga2Pt1,225,cF12,0.0,metal,17.6637,10.484,52.9912,140.097,97.0706,2.88869,9.51143,8.91145,0.440446,7.46222e-05,90.5921,96.6915,3,2,-3.43621,
Ga2Pt2Ti2,194,hP6,0.0,metal,16.019,10.8058,96.1139,305.071,167.848,2.4436,17.687,17.1294,3.71072,4.36843e-05,137.967,142.458,6,3,-4.50899,
Ga2Pt6,140,tI16,0.0,metal,15.0829,18.0281,120.663,237.033,118.5,2.54978,23.9096,23.288,2.01782,3.45258e-05,196.125,201.361,8,2,-3.78588,
Ga2Sc2,63,oS8,0.0,metal,20.8358,4.5703,83.3434,367.851,231.825,1.96291,11.5025,11.1643,8.28117,5.09625e-05,70.2692,72.3985,4,2,-4.36678,
Ga2Se4Tl2,140,tI16,0.5433,insulator-indirect,27.3817,6.54998,219.053,202.935,101.5,2.20257,24.8557,23.4988,1.40384,8.49156e-05,38.3317,40.545,8,3,-3.51703,
Ga2Sn6Zr10,193,hP18,0.0,metal,21.6715,7.50828,390.087,351.058,133.932,1.99861,51.5836,50.539,4.37046,3.42349e-05,103.818,105.964,18,3,-6.94463,
Ga2Tb2,63,oS8,0.0,metal,24.4758,7.7567,97.9033,254.015,160.01,1.84415,11.9036,11.592,6.53973,4.80149e-05,62.6058,64.2888,4,2,-4.13395,
Ga2Th1,191,hP3,0.0,metal,22.94,8.96411,68.8201,303.947,210.782,2.23127,8.82722,8.56917,9.53787,4.43113e-05,85.959,88.5475,3,2,-4.4041,
Ga2Y1,191,hP3,0.0,metal,20.9511,6.03364,62.8532,354.923,246.143,2.0824,8.7082,8.41702,10.5611,5.46874e-05,69.1096,71.5003,3,2,-4.41189,
Ga2Y2,63,oS8,0.0,metal,24.1742,5.44865,96.6966,321.971,202.847,1.93168,11.6788,11.3525,8.33868,4.90356e-05,63.2798,65.0986,4,2,-5.09209,
Ga2Zr4,140,tI12,0.0,metal,20.5729,6.7848,123.438,329.96,181.606,1.78098,17.277,16.9763,8.19702,3.288e-05,102.355,104.168,6,2,-6.9613,
Ga3Hf1,139,tI8,0.0,metal,17.0051,9.46473,68.0202,347.093,218.596,2.18228,11.6521,11.2566,8.73998,5.29449e-05,92.2145,95.4548,4,2,-4.68636,
Ga3Hf3Ni3,189,hP9,0.0,metal,15.324,11.086,137.916,341.078,163.936,2.06696,25.9618,25.3668,5.51054,3.75297e-05,138.406,141.652,9,3,-5.38456,
Ga3Hf3Rh3,189,hP9,0.0,metal,16.7883,11.5769,151.095,279.989,134.61,2.07572,26.413,25.888,3.55866,3.22616e-05,151.595,154.67,9,3,-6.26331,
Ga3Ho1,221,cP4,0.0,metal,19.1598,8.10653,76.639,265.083,166.94,1.91982,12.0107,11.5647,5.15799,6.52406e-05,60.8456,63.1922,4,2,-3.47284,
Ga3Ir3Th3,189,hP9,0.0,metal,21.7682,12.5611,195.914,215.018,103.361,2.13742,26.8812,26.3389,2.31651,3.17607e-05,124.935,127.508,9,3,-5.71638,
Ga3La3Mg3,189,hP9,0.0,metal,25.9268,4.97322,233.341,290.07,139.417,1.83814,26.7053,25.8231,3.96112,6.08831e-05,45.8007,47.3654,9,3,-3.39477,
Ga3Mg3Sm3,189,hP9,0.0,metal,23.6341,5.72487,212.706,304.906,146.629,1.86535,26.5562,25.7001,4.54186,5.86397e-05,52.5562,54.3068,9,3,-3.34743,
Ga3Mg3Y3,189,hP9,0.0,metal,22.7041,4.46016,204.337,371.891,178.839,1.90247,25.9343,25.0912,5.83419,5.81908e-05,54.6765,56.5137,9,3,-3.99654,
Ga3Ni2,164,hP5,0.0,metal,13.7509,7.88775,68.7544,379.12,221.641,2.38314,14.5157,13.9059,5.0891,6.0251e-05,108.644,113.408,5,2,-2.66545,
Ga3Ni3Ti3,189,hP9,0.0,metal,14.2276,6.85987,128.048,443.983,213.453,2.27241,25.1627,24.3189,5.56368,5.00891e-05,117.799,121.887,9,3,-3.61149,
Ga3Ni5,65,oS16,0.0,metal,11.5657,9.02113,92.526,364.91,182.5,2.2892,23.1547,22.365,3.28898,5.0856e-05,146.986,152.176,8,2,-2.52909,
Ga3Pt2,164,hP5,0.0,metal,16.7102,11.9127,83.5508,231.034,135.09,2.59984,15.2118,14.587,1.85892,5.40538e-05,115.465,120.411,5,2,-3.53473,
Ga3Pt3Th3,189,hP9,0.0,metal,22.4192,12.2672,201.773,212.03,101.919,2.22599,26.9844,26.3543,2.0683,3.54825e-05,112.411,115.099,9,3,-5.06242,
Ga3Pt3Zr3,189,hP9,0.0,metal,17.787,11.0798,160.083,311.074,149.513,2.15878,26.1789,25.6355,4.62898,3.24434e-05,146.492,149.597,9,3,-5.81258,
Ga3Rh3Zr3,189,hP9,0.0,metal,17.1295,8.5263,154.166,315.937,151.917,2.10041,26.1302,25.5893,3.77552,3.32778e-05,143.552,146.587,9,3,-5.79742,
Ga3Sc1,221,cP4,0.0,metal,17.8749,5.90288,71.4997,260.954,164.42,1.81807,11.973,11.574,3.68794,6.23465e-05,63.6618,65.8562,4,2,-3.53465,
Ga3Tb1,221,cP4,0.0,metal,19.4412,7.86096,77.7647,263.066,165.68,1.93853,12.0172,11.571,4.88689,6.5011e-05,60.1953,62.5163,4,2,-3.49482,
Ga3U1,221,cP4,0.0,metal,19.0412,9.75071,76.1649,342.063,215.446,2.24357,11.6737,11.2792,9.41715,5.15558e-05,87.2249,90.2763,4,2,-3.94112,
Ga3Zr1,139,tI8,0.0,metal,17.4012,7.16731,69.6046,397.951,250.724,2.19363,11.4216,11.0329,10.1803,5.2939e-05,88.7721,91.8998,4,2,-4.43047,
Ga4,12,mS2,0.0,metal,18.4144,6.2886,73.6578,276.035,276.0,2.3933,2.93644,2.87987,6.69034,2.69975e-05,189.055,192.768,4,1,-2.40913,
Ga4Ho2Pd2,63,oS16,0.0,metal,18.4683,9.23415,147.747,277.089,138.5,2.27119,23.9287,23.0471,2.78277,5.52015e-05,88.0087,91.3752,8,3,-3.79918,
Ga4Ho4O12,62,oP20,3.7695,insulator-direct,11.1565,8.41444,223.13,472.899,174.255,2.06875,54.5211,53.2537,4.28497,3.81364e-05,176.568,180.77,20,3,-7.13421,
Ga4Ho4Pt4,62,oP12,0.0,metal,19.332,12.3048,231.984,195.994,85.6109,2.12554,36.1992,35.267,1.22799,4.09479e-05,108.44,111.306,12,3,-4.6445,
Ga4Ir4Y4,62,oP12,0.0,metal,19.0223,10.2094,228.268,211.011,92.1627,2.06662,35.957,35.1454,1.32207,3.69301e-05,118.21,120.94,12,3,-5.87494,
Ga4La4Pd8,62,oP16,0.0,metal,20.4052,8.57406,326.483,218.029,86.5134,2.28345,48.5288,46.8151,0.893828,5.24461e-05,86.2125,89.3685,16,3,-3.95867,
Ga4La4Pt4,62,oP12,0.0,metal,22.0301,10.1439,264.361,182.066,79.4958,2.16219,36.4178,35.368,0.929383,4.51633e-05,88.0397,90.6528,12,3,-4.57995,
Ga4Li4O8,33,oP16,3.3069,insulator-direct,11.1052,4.06256,177.683,581.879,230.967,2.02503,41.4373,40.1421,4.67502,5.29201e-05,116.358,120.112,16,3,-5.62973,-1.96252
Ga4Li4S8,33,oP16,3.0303,insulator-direct,20.4531,2.85776,327.25,376.054,149.216,2.0832,46.7091,44.5663,1.87859,7.56547e-05,51.0897,53.5463,16,3,-4.18876,
Ga4Li4Se8,33,oP16,2.1253,insulator-direct,24.065,4.04695,385.04,263.09,104.372,2.09387,48.8871,46.3154,1.11692,8.62062e-05,40.0783,42.3036,16,3,-3.74944,
Ga4Mg10,72,oI28,0.0,metal,20.6191,3.00276,288.667,316.803,131.528,2.0555,42.5232,39.879,1.34829,0.000104625,36.9521,39.4023,14,2,-1.88383,
Ga4Mg2O8,227,cF56,3.291,insulator-direct,10.665,5.06641,149.31,583.895,242.309,2.06986,35.9677,35.0686,5.80634,4.11416e-05,160.079,164.183,14,3,-5.93589,-2.06144
Ga4O12Te2,136,tP18,0.8257,insulator-direct,10.7239,6.24661,193.03,606.106,231.232,2.32431,45.7473,44.4976,5.29373,4.00908e-05,181.599,186.699,18,3,-5.69443,
Ga4O6,12,mS20,,,10.9368,5.69278,109.368,558.189,259.001,2.13909,26.1099,25.4474,6.85585,4.03426e-05,167.674,172.04,10,2,-5.97531,-1.85601
Ga4O8Zn2,227,cF56,2.8556,insulator-indirect,10.4245,6.118,145.943,563.798,234.011,2.07936,36.4072,35.4934,6.06248,4.10948e-05,167.013,171.312,14,3,-5.51457,-1.68694
Ga4Os2,70,oF24,0.7167,insulator-indirect,14.3527,12.7139,86.1164,378.0,208.021,2.22482,17.0514,16.6754,8.81801,3.35439e-05,175.052,178.998,6,2,-4.49344,
Ga4Pb2Se8,66,oS28,1.7591,insulator-indirect,27.2418,5.76913,381.386,235.881,97.9195,2.13709,42.5854,40.7931,1.41769,6.72112e-05,46.6991,48.7509,14,3,-3.81707,
Ga4Pd4,198,cP8,0.0,metal,15.0879,9.69259,120.704,293.031,146.5,2.66267,24.1026,22.9533,1.87426,6.12046e-05,113.836,119.535,8,2,-3.21353,
Ga4Pd4Tb4,62,oP12,0.0,metal,19.9417,9.30017,239.301,160.048,69.8864,2.13186,36.6624,35.5119,0.522614,4.99582e-05,87.0509,89.8711,12,3,-4.10929,
Ga4Pt4,198,cP8,0.0,metal,15.0899,14.5712,120.72,263.974,132.0,2.52156,23.8836,23.1293,2.31258,4.24431e-05,156.874,161.99,8,2,-3.70589,
Ga4Pt4Y4,62,oP12,0.0,metal,19.6093,9.98486,235.311,222.034,96.9674,2.14092,36.0119,35.0647,1.45301,4.15621e-05,105.418,108.266,12,3,-5.26862,
Ga4Rh4Y4,62,oP12,0.0,metal,19.0453,7.60138,228.544,239.99,104.83,2.06492,35.843,34.9125,1.45425,4.24777e-05,102.076,104.797,12,3,-5.18218,
Ga4Ru2,70,oF24,0.1155,insulator-indirect,14.2255,9.35957,85.3528,420.001,231.135,2.26146,16.821,16.3857,8.4996,3.88807e-05,151.934,155.971,6,2,-3.96125,
Ga4S8Sr2,66,oS28,2.7177,insulator-indirect,24.271,3.47297,339.794,357.983,148.539,2.0793,40.7392,39.2454,2.7113,6.02598e-05,54.5407,56.6167,14,3,-4.47027,
Ga4Sc2,74,oI12,0.0,metal,18.5601,5.50022,111.36,345.884,190.411,2.12495,17.5834,16.8981,4.56328,6.26982e-05,69.9642,72.8017,6,2,-3.84373,
Ga4Se8Sr2,66,oS28,1.8222,insulator-indirect,27.7408,4.64279,388.371,270.079,112.027,2.10476,42.1795,40.4285,1.80968,6.73043e-05,44.6784,46.6134,14,3,-3.99631,
Ga4Sn4Sr4,194,hP12,0.0,metal,29.1814,5.23607,350.176,236.157,103.082,2.12796,36.9219,34.9812,1.5797,8.53063e-05,33.9213,35.8032,12,3,-3.15164,
Ga4Sn8V8,64,oS40,0.0,metal,18.2039,7.46172,364.078,347.976,128.204,2.1782,57.9106,56.2438,2.59599,4.49143e-05,102.668,105.71,20,3,-4.67989,
Ga4Sr1,139,tI10,0.0,metal,21.7329,5.60166,108.664,269.153,157.312,2.33648,15.5758,14.4597,2.48124,0.000106825,39.7446,42.8124,5,2,-2.67743,
Ga4Ta6,127,tP10,0.0,metal,17.0383,13.2996,170.383,360.007,167.097,1.99675,28.4086,27.9722,8.98879,2.59157e-05,173.507,176.213,10,2,-7.31591,
Ga4Zr6,127,tP10,0.0,metal,20.0813,6.83248,200.813,372.005,172.667,1.89891,28.3862,27.8463,7.08747,3.385e-05,106.252,108.312,10,2,-6.62971,
Ga6Hf10,193,hP16,0.0,metal,19.7228,11.5942,315.564,288.971,114.69,1.85508,46.7146,45.889,4.22919,3.20202e-05,115.822,117.906,16,2,-7.55777,
Ga6Hf6Nb4,193,hP16,0.0,metal,18.6873,10.3354,298.997,352.934,140.088,1.88899,45.6204,44.8757,6.1472,2.91284e-05,133.322,135.535,16,3,-7.19996,
Ga6Hf6Pd6,190,hP18,0.0,metal,17.2748,11.3628,310.947,293.007,111.8,2.1779,52.834,51.5743,2.36025,3.70159e-05,134.002,137.275,18,3,-5.69125,
Ga6Hf6Pt6,189,hP9,0.0,metal,17.3734,14.124,312.722,291.979,111.419,2.14612,52.6239,51.5791,3.01923,3.11855e-05,156.035,159.195,18,3,-6.27174,
Ga6Mn1Tb2,225,cF36,0.0,metal,19.3689,7.53693,174.32,263.906,126.918,2.16977,27.3153,26.0398,2.14373,7.41877e-05,59.1561,62.0538,9,3,-3.86183,
Ga6Pt6Zr6,190,hP18,0.0,metal,17.7062,11.1304,318.711,316.956,120.958,2.16807,52.2627,51.1715,3.05539,3.24498e-05,147.495,150.64,18,3,-5.81932,
Ga8N4V12,213,cP24,0.0,metal,12.2231,6.93541,293.354,552.123,191.368,2.06779,62.4764,61.2418,5.62179,3.23728e-05,181.64,185.302,24,3,-5.94785,
Ga8Nb10,193,hP18,0.0,metal,16.955,8.09058,305.189,423.069,161.405,1.99893,49.9084,49.0535,5.94737,2.89056e-05,152.006,154.655,18,2,-6.10922,
Ga9Ho3Ru3,221,cP15,0.0,metal,17.447,9.04575,261.706,321.942,130.565,2.15492,43.8621,42.5868,2.92529,4.58536e-05,104.342,107.466,15,3,-4.10216,
Ga9Os3Tb3,221,cP15,0.0,metal,17.7142,10.4678,265.713,305.046,123.671,2.17534,44.0009,42.8134,2.87509,4.21344e-05,113.533,116.682,15,3,-4.48265,
Ga9Rb3,119,tI24,0.1611,insulator-indirect,25.8745,4.72787,310.494,241.13,105.266,2.46881,39.6979,35.0154,0.941782,0.000169109,22.9269,25.9929,12,2,-2.20804,
Ga9Ru3Tb3,221,cP15,0.0,metal,17.6776,8.81493,265.165,323.99,131.376,2.15428,43.8409,42.5602,2.95729,4.60707e-05,102.485,105.569,15,3,-4.11399,
Ga9Ru3Y3,221,cP15,0.0,metal,17.6134,7.52682,264.202,350.11,141.918,2.1514,43.4191,42.1606,3.17841,4.58132e-05,102.083,105.13,15,3,-4.48278,
Gd1Hg1,221,cP2,0.0,metal,27.1205,10.955,54.2409,160.952,127.786,2.12253,6.14371,5.91871,3.13847,5.85921e-05,55.2848,57.3865,2,2,-7.5885,
Gd1Mg1,221,cP2,0.0,metal,27.8227,5.41786,55.6455,177.028,140.485,1.48808,6.06402,5.90041,4.67375,5.97061e-05,36.7742,37.7939,2,2,-7.84662,
Gd1N1,225,cF8,0.0,half-metal,15.6935,9.06038,31.387,445.087,353.197,1.9537,5.49996,5.39618,31.8232,3.26526e-05,141.242,143.958,2,2,-12.6481,
Gd1O1,216,cF8,0.0,metal,19.5636,7.35262,39.1272,294.045,233.348,1.89963,5.86216,5.72896,10.6193,4.03636e-05,94.8209,97.0255,2,2,-12.1058,
Gd1Rh1,221,cP2,0.0,metal,20.8492,10.3601,41.6984,220.102,174.614,2.31817,6.04965,5.8486,4.44138,5.00217e-05,86.2299,89.1942,2,2,-9.73372,
Gd1S1,225,cF8,0.0,metal,21.8951,7.1787,43.7902,290.057,230.173,2.05618,5.89353,5.7362,9.75186,4.3927e-05,83.8949,86.1959,2,2,-10.9894,
Gd1Se1,225,cF8,0.0,metal,25.001,7.84441,50.002,228.976,181.757,2.12709,6.02523,5.83604,5.8004,4.97373e-05,69.3097,71.5566,2,2,-10.4485,
Gd1Te1,225,cF8,0.0,metal,30.2983,7.80579,60.5967,167.948,133.342,2.07057,6.09945,5.91045,3.1224,5.07115e-05,54.8376,56.5912,2,2,-9.83442,
Gd2O2Se1,164,hP5,1.9866,insulator-indirect,18.4176,7.67193,92.0879,352.033,205.851,1.95327,14.3595,14.0385,8.95983,3.87048e-05,105.699,108.116,5,3,-11.2737,
Gd2O8P2,141,tI24,5.5739,insulator-indirect,12.7339,5.48174,152.807,519.102,226.694,2.0151,31.8107,31.1817,6.54379,3.32404e-05,169.075,172.486,12,3,-9.5129,
Gd2O8V2,141,tI24,2.9412,insulator-indirect,14.2398,5.29012,170.877,459.076,200.487,1.96157,32.8037,32.1568,5.37694,3.40348e-05,148.201,151.183,12,3,-9.66418,
Gd3In1N1,221,cP5,0.0,metal,23.742,8.40098,118.71,290.98,170.178,1.93429,14.6975,14.3367,7.9262,4.28094e-05,75.7111,77.6164,5,3,-11.4423,
Gd4Hf4O14,227,cF88,3.4526,insulator-indirect,13.5126,8.75272,297.277,472.1,168.449,1.98394,59.6557,58.5894,5.86906,3.04456e-05,175.896,179.098,22,3,-11.0309,
Gd4O14Sn4,227,cF88,2.1547,insulator-direct,13.8461,7.23794,304.615,464.846,165.951,2.14732,60.2585,58.8083,4.03794,3.80546e-05,149.072,152.748,22,3,-8.76022,
Gd4O14Ti4,227,cF88,3.2737,insulator-indirect_spin-polarized,12.4727,6.3214,274.399,560.876,200.211,1.97634,56.8863,55.8472,6.45483,3.12767e-05,175.68,178.949,22,3,-9.91623,
Gd4O14Zr4,227,cF88,0.1483,insulator-direct,13.3466,6.88743,293.625,436.106,155.601,1.96407,60.7452,59.5984,3.66031,3.25078e-05,167.863,171.093,22,3,-10.3493,
Gd4O14Zr4,227,cF88,2.8475,insulator-direct,13.8302,6.64662,304.263,511.992,182.724,1.99572,58.4622,57.4014,5.79357,3.07393e-05,167.656,170.755,22,3,-10.6304,
Gd8S12,62,oP20,0.424,insulator-direct,22.4469,6.07613,448.937,310.076,114.205,1.87721,58.3449,56.9853,2.72927,4.19754e-05,77.9415,79.8011,20,2,-10.0828,
Ge12Ir8S12,200,cP32,0.0,metal,18.7654,7.72502,600.493,350.073,110.243,2.28335,92.543,89.9176,1.87931,4.22508e-05,110.716,113.948,32,3,-4.92554,
Ge12Pr1Pt4,204,cI34,0.0,metal,19.2406,9.0992,327.091,181.037,70.3929,2.42571,52.0917,50.1348,0.423097,5.26705e-05,97.2353,101.031,17,3,-4.5408,
Ge12Pt8,62,oP20,0.0,metal,17.9199,11.2671,358.399,286.922,105.732,2.49499,59.4279,57.4337,1.60387,4.57625e-05,120.239,124.414,20,2,-4.57605,
Ge14Ir6,229,cI40,0.0,metal,16.716,10.7762,334.319,352.009,129.678,2.489,58.0002,56.1683,2.59575,4.31888e-05,132.665,136.992,20,2,-5.23912,
Ge1Hg1Li2,225,cF16,0.0,metal,16.8534,7.07095,67.4135,190.139,119.692,2.14506,12.9569,11.7901,1.09811,0.000149568,33.8232,37.1705,4,3,-2.43036,-0.276703
Ge1I3Rb1,221,cP5,0.553,insulator-direct,42.1307,4.24702,210.654,142.152,83.0421,2.1142,16.1805,14.8518,0.82785,0.00013643,14.9305,16.2662,5,3,-2.79185,-0.788223
Ge1In1Li1,216,cF12,0.0,metal,21.5343,4.99556,64.6029,297.193,205.928,2.25724,9.27799,8.60603,4.4654,0.000112902,35.9676,38.7759,3,3,-3.25097,
Ge1Li1Ni2,225,cF16,0.0,metal,11.4169,7.15997,45.6676,408.859,257.654,2.20721,11.5309,10.9935,6.22501,7.36442e-05,95.849,100.534,4,3,-2.98494,
Ge1Li1Rh2,225,cF16,0.0,metal,12.8103,9.2469,51.2412,433.096,272.773,2.34809,11.2036,10.8638,9.65804,4.40169e-05,154.635,159.471,4,3,-4.27498,
Ge1Li2Zn1,216,cF16,0.0295,insulator-indirect,14.5651,4.3281,58.2603,382.412,240.645,2.12165,12.1994,11.1464,4.63055,0.000143998,38.1064,41.7065,4,3,-2.51815,
Ge1Mg2,225,cF12,0.1913,insulator-indirect,21.8631,3.06845,65.5894,424.975,294.679,1.98272,8.55749,8.1854,10.8709,7.53632e-05,44.4417,46.4619,3,2,-2.80329,-0.308501
Ge1Mn1Ni2,225,cF16,0.0,metal,12.5602,8.09462,50.2408,260.13,163.79,2.76389,12.4491,11.5923,1.25593,8.35692e-05,108.88,116.928,4,3,-4.15083,
Ge1Mn1Pd2,225,cF16,0.0,metal,15.6472,9.02924,62.5887,236.948,149.301,2.48038,12.1843,11.6529,1.79043,6.08276e-05,103.453,108.17,4,3,-4.7019,
Ge1Mn1Rh2,225,cF16,0.0,metal,14.3083,9.67139,57.233,306.017,192.768,2.4052,11.7605,11.4137,3.91436,4.16741e-05,158.182,162.988,4,3,-5.43806,
Ge1Mn3,221,cP4,0.0,metal,17.9396,5.49368,71.7586,302.007,190.248,2.08307,12.1081,11.4473,3.96202,8.98372e-05,50.9024,53.841,4,2,-6.29677,
Ge1Ni2Zn1,225,cF16,0.0,metal,11.8015,8.98233,47.2059,312.156,196.548,2.45813,11.9407,11.404,2.85205,6.21184e-05,132.159,138.379,4,3,-2.55733,
Ge1O3Pb1,221,cP5,0.0,metal,11.8333,9.19954,59.1666,446.123,260.822,2.45766,14.0576,13.5072,7.38513,5.47485e-05,139.579,145.267,5,3,-5.90148,-1.30111
Ge1O8Zr3,121,tI24,3.8792,insulator-indirect,11.3986,5.7573,136.783,472.947,206.602,2.04786,32.5512,31.9393,4.33192,3.1055e-05,210.613,214.648,12,3,-8.73244,-2.93378
Ge1P1,107,tI4,0.0,metal,18.2311,4.71644,36.4622,422.059,334.942,2.19535,5.67524,5.4611,13.439,5.91318e-05,75.6056,78.5701,2,2,-4.89579,0.018142
Ge1Pt1Ti1,216,cF12,0.9283,insulator-indirect,18.1094,9.64567,54.3283,296.979,205.928,2.2113,8.78245,8.58422,7.10184,3.44676e-05,139.443,142.663,3,3,-5.16081,
Ge1Se1,225,cF8,0.041,insulator-indirect,22.7354,5.53444,45.4707,322.899,256.365,1.92579,5.88454,5.67842,12.6016,6.20777e-05,52.9958,54.9195,2,2,-4.21107,-0.217882
Ge1Te1,225,cF8,0.3756,insulator-direct,27.1712,6.11721,54.3424,274.044,217.474,2.00789,5.99927,5.7669,9.83226,6.59587e-05,44.3349,46.1213,2,2,-3.8996,-0.0770385
Ge1Th1,225,cF8,0.0,metal,29.0377,8.71018,58.0754,236.057,187.313,1.98944,5.93975,5.82274,9.95447,3.33766e-05,82.1833,83.8348,2,2,-6.26656,
Ge2,141,tI4,0.0,metal,19.1167,6.30541,38.2334,271.072,215.093,2.15828,6.04615,5.7747,5.27108,7.18106e-05,61.1201,63.9931,2,1,-4.27334,0.230383
Ge2,227,cF8,0.0,metal,23.6916,5.08782,47.3832,329.12,261.127,2.3062,5.95607,5.67041,8.77592,7.16123e-05,52.2878,54.9219,2,1,-4.50352,0.000196
Ge26Ho6Os8,223,cP40,0.0,metal,18.4978,9.87133,739.912,318.908,93.2762,2.17306,116.531,113.647,1.71215,3.85538e-05,118.428,121.433,40,3,-5.56502,
Ge26Ho6Rh8,223,cP40,0.0,metal,18.1521,8.46222,726.083,334.947,97.9546,2.21364,116.576,113.053,1.5934,4.64421e-05,101.276,104.432,40,3,-4.94355,
Ge26Ir8Tb6,223,cP40,0.0,metal,18.3381,9.91232,733.524,307.89,90.0597,2.25136,117.375,114.069,1.41641,4.2525e-05,112.489,115.75,40,3,-5.36211,
Ge26Ir8Y6,223,cP40,0.0,metal,18.329,8.96573,733.159,373.05,109.066,2.25572,114.599,111.416,2.26526,4.18753e-05,111.74,114.933,40,3,-5.63404,
Ge26Ir8Yb6,223,cP40,0.0,metal,18.5687,9.97856,742.748,289.914,84.7965,2.30986,118.793,114.761,1.1444,5.00078e-05,97.8866,101.326,40,3,-4.74611,
Ge26Lu6Rh8,223,cP40,0.0,metal,17.9465,8.69845,717.86,324.059,94.7382,2.21625,117.103,113.491,1.4542,4.73241e-05,101.402,104.629,40,3,-4.91422,
Ge26Os8Tb6,223,cP40,0.0,metal,18.6811,9.69441,747.245,319.915,93.5686,2.17474,116.506,113.614,1.7156,3.86265e-05,117.42,120.41,40,3,-5.57989,
Ge26Rh8Tb6,223,cP40,0.0,metal,18.3116,8.30681,732.465,343.029,100.294,2.21178,116.19,112.704,1.70127,4.61848e-05,100.527,103.637,40,3,-4.96169,
Ge26Rh8Y6,223,cP40,0.0,metal,18.288,7.3639,731.518,362.0,105.849,2.20633,115.384,111.937,1.77998,4.60566e-05,99.9639,103.042,40,3,-5.23318,
Ge26Ru8Tb6,223,cP40,0.0,metal,18.3572,8.25297,734.289,312.019,91.2294,2.16021,117.103,113.927,1.34353,4.25766e-05,107.504,110.502,40,3,-5.22372,
Ge26Ru8Y6,223,cP40,0.0,metal,18.4322,7.27319,737.289,339.953,99.4166,2.15767,115.945,112.832,1.54334,4.21995e-05,107.138,110.095,40,3,-5.49975,
Ge2Hf2V2,129,tP6,0.0,metal,16.8237,9.93677,100.942,368.04,202.518,1.94669,17.0332,16.7375,10.4832,3.00259e-05,147.701,150.31,6,3,-7.57357,
Ge2Ho1Ni2,139,tI10,0.0,metal,15.9002,8.92902,79.5008,308.944,180.704,2.15494,14.6903,14.2572,4.6955,4.64464e-05,113.499,116.946,5,3,-4.18848,
Ge2Ho1Pd2,139,tI10,0.0,metal,18.4112,9.43247,92.0559,235.909,138.014,2.29724,15.0387,14.563,2.3348,4.67707e-05,106.573,110.055,5,3,-4.56432,
Ge2Ho1Rh2,139,tI10,0.0,metal,17.5308,9.77374,87.6541,330.967,193.57,2.23511,14.4907,14.1436,6.63181,3.63328e-05,136.03,139.368,5,3,-5.18837,
Ge2Ho1Ru2,139,tI10,0.0,metal,17.7723,9.57236,88.8613,326.912,191.231,2.13401,14.4561,14.1614,7.04827,3.23058e-05,144.391,147.397,5,3,-5.68404,
Ge2Ho2,63,oS8,0.0,metal,22.3495,8.82375,89.3978,289.955,182.689,2.05427,11.8094,11.4738,7.77519,4.69479e-05,76.5809,78.8206,4,2,-5.40624,-0.87005
Ge2Ho2Sn2,63,oS12,0.0,metal,23.9457,8.23392,143.674,253.048,139.231,2.07204,17.9859,17.3973,3.94743,5.38486e-05,63.7875,65.9455,6,3,-4.85749,
Ge2Ir3La1,191,hP6,0.0,metal,17.8691,13.3312,107.215,338.091,186.009,2.27303,17.2617,16.9257,8.42849,2.89383e-05,170.264,173.645,6,3,-5.99689,
Ge2La1Pd2,139,tI10,0.0,metal,19.8755,8.30267,99.3774,271.075,158.482,2.35356,14.9271,14.4259,3.26914,4.86256e-05,96.3543,99.7017,5,3,-4.65858,
Ge2La1Pt2,139,tI10,0.0,metal,19.9642,11.2165,99.8208,226.041,132.166,2.35462,15.0396,14.5991,2.57277,4.20197e-05,113.078,116.489,5,3,-5.07354,
Ge2La1Rh2,139,tI10,0.0,metal,18.9572,8.58241,94.7861,351.912,205.851,2.2539,14.3923,14.0368,7.63824,3.71849e-05,122.809,125.919,5,3,-5.228,
Ge2La1Ru2,139,tI10,0.0,metal,19.1333,8.4397,95.6665,363.964,212.868,2.1719,14.2733,13.9709,9.1075,3.29907e-05,131.798,134.651,5,3,-5.7316,
Ge2Li4O6,36,oS24,3.5103,insulator-indirect,11.1122,3.34906,133.347,632.103,276.051,2.07511,30.2479,29.1895,5.67772,5.80151e-05,105.433,109.256,12,3,-5.82439,-1.97319
Ge2Mg2O6,63,oS20,2.4289,insulator-indirect,9.4991,5.06576,94.991,525.878,244.148,2.13272,26.6514,25.9077,4.25803,4.4636e-05,177.355,182.446,10,3,-6.16967,-1.99154
Ge2Mg4,227,cF24,0.0,metal,21.6475,3.099,129.885,319.925,176.103,1.85853,17.9457,17.0632,3.34629,9.18288e-05,35.7875,37.6386,6,2,-2.30961,0.185185
Ge2Mg4O8,227,cF56,3.0137,insulator-direct,10.4066,4.22161,145.692,717.119,297.493,2.08234,32.9208,32.1059,8.56027,4.05854e-05,152.778,156.657,14,3,-6.25386,-2.33739
Ge2Mn4O8,55,oP14,0.8331,insulator-indirect,10.7961,5.41548,151.146,536.919,222.808,2.14513,37.0911,36.0524,4.53693,4.45385e-05,155.823,160.312,14,3,-7.25374,-1.17727
Ge2Mo1,139,tI6,0.0,metal,15.5402,8.58823,46.6207,512.002,355.001,2.24794,8.00906,7.828,25.5413,3.41462e-05,151.063,154.557,3,2,-5.8144,
Ge2Mo6,223,cP8,0.0,metal,15.5412,9.62723,124.33,447.937,224.0,2.06936,21.8485,21.5503,11.909,2.22058e-05,221.64,224.708,8,2,-7.25909,
Ge2Ni4,194,hP6,0.0,metal,11.5525,9.10203,69.3148,318.941,175.552,2.31842,17.6441,17.0573,2.60314,4.88129e-05,158.934,164.401,6,2,-3.123,
Ge2Ni4O8,227,cF56,1.9703,insulator-direct,10.2667,5.86812,143.734,559.866,232.351,2.13317,36.5333,35.576,5.28083,4.18735e-05,170.636,175.227,14,3,-5.67634,-0.564342
Ge2O4,136,tP6,,,9.75772,5.93287,58.5463,707.257,389.077,2.33013,14.2096,13.8556,14.6006,3.64934e-05,204.469,209.694,6,2,-6.39453,-1.60586
Ge2Os2Th1,139,tI10,0.0,metal,19.0796,13.1874,95.3982,329.004,192.4,2.20682,14.3954,14.1512,10.1031,2.58935e-05,173.772,176.771,5,3,-6.70324,
Ge2P4Zn2,122,tI16,1.2453,insulator-indirect,20.3336,4.08155,162.669,407.941,204.0,2.1419,22.8156,21.9794,5.07817,5.85471e-05,67.4683,70.0353,8,3,-4.18554,
Ge2Pd2Tb1,139,tI10,0.0,metal,18.5367,9.26099,92.6836,246.057,143.862,2.2945,14.9956,14.5245,2.62715,4.65419e-05,105.812,109.244,5,3,-4.59712,
Ge2Pd2Th1,139,tI10,0.0,metal,19.6055,9.99464,98.0274,274.05,160.236,2.37093,14.8323,14.4107,3.92943,4.06687e-05,117.741,121.185,5,3,-4.94609,
Ge2Pt2Th1,139,tI10,0.0,metal,19.7689,12.8919,98.8445,227.988,133.335,2.36865,14.9647,14.5893,2.95718,3.57674e-05,134.626,138.09,5,3,-5.34108,
Ge2Rh2Sr1,139,tI10,0.0,metal,19.2732,7.55796,96.3661,371.883,217.547,2.29127,14.3601,13.9351,7.8396,4.39672e-05,102.965,106.105,5,3,-4.52157,
Ge2Rh2Tb1,139,tI10,0.0,metal,17.6867,9.57482,88.4336,339.069,198.248,2.24292,14.4514,14.103,7.00957,3.64372e-05,134.563,137.887,5,3,-5.21327,
Ge2Rh2Th1,139,tI10,0.0,metal,18.7194,10.3437,93.597,329.084,192.4,2.27386,14.4695,14.1521,7.24746,3.26352e-05,144.42,147.659,5,3,-5.5059,
Ge2Rh2Y1,139,tI10,0.0,metal,17.6321,8.28565,88.1604,362.09,211.699,2.24507,14.3287,13.9836,7.34652,3.63525e-05,134.032,137.34,5,3,-5.57949,
Ge2Ru2Tb1,139,tI10,0.0,metal,17.9291,9.37737,89.6457,335.948,196.494,2.14533,14.4116,14.1155,7.49316,3.23994e-05,142.936,145.934,5,3,-5.70637,
Ge2Ru2Th1,139,tI10,0.0,metal,18.8982,10.1814,94.4909,356.933,208.775,2.20383,14.2753,14.0054,9.86852,2.89683e-05,154.969,157.956,5,3,-6.05615,
Ge2S4,122,tI12,2.5103,insulator-indirect,25.0829,3.01682,150.498,416.116,228.934,2.17725,17.0674,16.4278,6.16115,5.89927e-05,54.8267,56.9614,6,2,-4.55933,-0.307177
Ge2Sc2,63,oS8,0.0,metal,20.0396,4.87009,80.1586,392.056,246.945,2.00954,11.3723,11.0544,9.61119,4.72986e-05,80.0318,82.333,4,2,-5.58957,
Ge2Sn2Tb2,63,oS12,0.0,metal,24.3366,7.9651,146.019,257.038,141.433,2.08072,17.9695,17.3789,4.05561,5.38411e-05,62.8706,65.0073,6,3,-4.90146,
Ge2V2Zr2,139,tI12,0.0,metal,17.2051,6.90888,103.23,389.978,214.625,1.95967,16.886,16.5845,8.82642,3.07554e-05,139.678,142.217,6,3,-7.15183,
Ge2V6,223,cP8,0.0,metal,13.9568,6.70479,111.654,375.051,187.5,1.97793,22.6826,22.2502,4.65089,3.25289e-05,166.44,169.675,8,2,-6.19197,
Ge2W1,139,tI6,0.0,metal,15.6086,11.6681,46.8259,443.941,307.852,2.25589,8.28283,8.1006,22.5716,3.30331e-05,161.897,165.539,3,2,-6.43256,
Ge2Y2,63,oS8,0.0,metal,22.9601,5.83993,91.8403,350.904,221.116,2.05816,11.5619,11.236,9.4051,4.65758e-05,74.0736,76.2225,4,2,-6.38195,-0.89851
Ge3Hf3Mn3,189,hP9,0.0,metal,17.6219,9.6122,158.597,339.966,163.455,2.04622,26.0636,25.3838,5.82789,4.32544e-05,103.704,106.481,9,3,-7.54914,
Ge3Hf3Os3,189,hP9,0.0,metal,16.5236,14.7822,148.712,335.965,161.532,2.09053,25.7999,25.4074,7.56488,2.44748e-05,200.819,203.921,9,3,-8.10687,
Ge3Hf3Rh3,189,hP9,0.0,metal,16.5286,11.8543,148.758,312.035,149.994,2.13024,26.1175,25.6232,4.66687,2.9954e-05,168.353,171.601,9,3,-6.99665,
Ge3Ir1Sr1,107,tI10,0.0,metal,20.5458,8.0435,102.729,278.968,163.16,2.2227,14.8912,14.3957,4.09047,5.08701e-05,84.0932,86.9876,5,3,-4.8083,
Ge3La1Os1,107,tI10,0.0,metal,20.5374,8.84348,102.687,305.967,178.95,2.17351,14.6345,14.2676,6.22349,3.90384e-05,106.105,108.833,5,3,-5.76256,
Ge3La1Rh1,107,tI10,0.0,metal,20.2459,7.53883,101.23,302.033,176.611,2.21085,14.7243,14.2878,4.82565,4.55842e-05,93.6354,96.4957,5,3,-5.18031,
Ge3Li3Y3,189,hP9,0.0,metal,20.5275,4.54181,184.748,376.939,181.243,1.87786,25.9321,25.0383,5.55901,6.26731e-05,55.3283,57.3033,9,3,-5.02968,-0.739043
Ge3Mn3Nb3,189,hP9,0.0,metal,14.7095,8.29486,132.386,456.923,219.703,2.18029,24.6332,24.1436,8.36134,3.08415e-05,176.503,180.083,9,3,-6.12115,
Ge3Mn3Pd3,189,hP9,0.0,metal,16.6237,7.78903,149.613,273.979,131.725,2.26932,27.0169,25.9541,1.82693,5.91219e-05,91.5266,95.2743,9,3,-5.1043,
Ge3Mn3Rh3,189,hP9,0.0,metal,15.5525,8.20113,139.972,331.864,159.609,2.32655,26.3305,25.4624,2.96821,4.83173e-05,119.819,123.904,9,3,-5.62761,
Ge3O9Sr3,189,hP15,2.9506,insulator-direct,16.5544,4.177,248.316,417.892,169.491,2.10624,42.2892,41.0097,2.89562,4.896e-05,96.8798,99.9023,15,3,-6.40735,-2.21121
Ge3Os3Sc3,189,hP9,0.0,metal,16.6773,10.214,150.096,405.087,194.704,2.12079,25.1952,24.7211,8.99117,2.99851e-05,159.673,162.735,9,3,-6.52545,
Ge3Os3Zr3,189,hP9,0.0,metal,16.8713,11.6144,151.841,370.023,177.877,2.08204,25.4731,25.0827,8.23499,2.47702e-05,190.879,193.849,9,3,-7.65996,
Ge3Pd1Sr1,107,tI10,0.0,metal,21.0779,6.48827,105.389,230.039,134.505,2.25365,15.2696,14.5923,1.86086,6.74546e-05,62.968,65.8908,5,3,-4.12331,
Ge3Pd3Sc3,189,hP9,0.0,metal,17.8224,6.95512,160.402,339.083,162.974,2.19969,26.1603,25.3944,3.62679,4.52522e-05,105.448,108.629,9,3,-5.00579,
Ge3Pd3Ti3,189,hP9,0.0,metal,16.1487,7.77688,145.338,360.946,173.551,2.24509,25.8592,25.182,4.10559,3.95794e-05,134.849,138.475,9,3,-4.66692,
Ge3Pd6,189,hP9,0.0,metal,15.3075,10.3196,137.767,251.11,120.668,2.56351,27.1263,26.1185,1.28032,4.93234e-05,135.653,140.887,9,2,-3.84368,
Ge3Pt6,189,hP9,0.0,metal,15.5633,16.4586,140.07,203.97,98.073,2.56084,27.1791,26.4099,1.12139,3.73004e-05,179.169,184.388,9,2,-4.32865,
Ge3Pu1,221,cP4,0.0,metal,17.7929,10.7752,71.1715,257.004,161.9,2.40711,12.4642,11.6005,3.54769,9.25948e-05,58.5927,62.9552,4,2,-6.96225,
Ge3Rh3Sc3,189,hP9,0.0,metal,17.024,7.16768,153.216,406.885,195.665,2.15367,25.3048,24.7138,6.37031,3.67474e-05,129.522,132.619,9,3,-5.50721,
Ge3Ru3Sc3,189,hP9,0.0,metal,16.7104,7.2414,150.394,441.944,212.491,2.1004,24.8312,24.3188,8.49,3.32646e-05,139.683,142.626,9,3,-5.92911,
Ge4,194,hP4,0.0,metal,23.6441,5.09805,94.5763,328.939,207.257,2.25551,11.8775,11.3397,5.79048,6.90571e-05,53.0608,55.5772,4,1,-4.48541,0.0183113
Ge4Hf2,63,oS12,0.0,metal,17.9862,9.96074,107.917,322.059,177.203,1.99709,17.445,17.0316,7.30019,4.00919e-05,107.206,109.808,6,2,-6.7949,-0.474775
Ge4Hf4Ir4,62,oP12,0.0,metal,16.5511,14.8252,198.613,322.945,141.083,2.14278,34.6048,34.0259,5.28561,2.63182e-05,191.548,194.807,12,3,-7.67704,
Ge4Hf4Pt4,62,oP12,0.0,metal,16.9744,14.549,203.693,300.039,131.037,2.20606,35.0037,34.3024,4.03581,3.06178e-05,166.93,170.343,12,3,-6.92695,
Ge4Hf4Rh4,62,oP12,0.0,metal,16.6101,11.7962,199.321,336.938,147.198,2.1433,34.5213,33.8687,4.79478,2.97468e-05,168.578,171.826,12,3,-7.00849,
Ge4Hf6,127,tP10,0.0,metal,18.967,11.918,189.67,331.035,153.637,1.91699,28.7807,28.2839,7.89472,3.02964e-05,129.71,131.989,10,2,-8.47176,-0.698508
Ge4Ho4Ir4,62,oP12,0.0,metal,18.5723,12.8076,222.868,285.952,124.922,2.12828,35.1847,34.4555,3.75018,3.28278e-05,138.106,141.028,12,3,-5.98867,
Ge4Ho4Mg2,127,tP10,0.0,metal,22.1358,7.49179,221.358,312.95,145.282,1.95754,29.3163,28.4773,4.93397,4.95972e-05,69.5206,71.5687,10,3,-4.72209,-0.77444
Ge4Ho4Mn4,62,oP12,0.0,metal,18.2061,8.89149,218.474,342.085,149.382,2.27238,35.0609,33.8379,3.76825,5.20697e-05,93.1988,96.5674,12,3,-4.96705,
Ge4Ho4Rh4,62,oP12,0.0,metal,18.6903,10.0817,224.284,288.084,125.796,2.13789,35.2783,34.4342,3.01225,3.78757e-05,119.04,121.958,12,3,-5.32634,
Ge4Ho4Ru4,62,oP12,0.0,metal,18.6481,10.0501,223.777,276.052,120.554,2.06034,35.3075,34.5576,2.85276,3.47765e-05,126.1,128.836,12,3,-5.67772,
Ge4In2Tb4,127,tP10,0.0,metal,23.1989,8.27234,231.989,234.026,108.613,1.90117,29.9909,29.1352,2.57995,5.10981e-05,63.8299,65.7047,10,3,-4.89457,
Ge4Ir4La2,129,tP10,0.0,metal,18.8932,11.7514,188.932,263.039,122.074,2.21755,29.5407,28.9089,2.82858,3.25352e-05,143.508,146.644,10,3,-5.96979,
Ge4Ir4Mn12,198,cP20,0.0,metal,16.1937,8.81096,323.873,302.99,111.626,1.96636,58.817,57.136,2.16236,4.85347e-05,99.6524,102.584,20,3,-6.50762,
Ge4Ir4Nb4,62,oP12,0.0,metal,15.7685,12.5567,189.222,365.946,159.865,2.18835,34.0261,33.4866,5.83333,2.44309e-05,217.582,221.088,12,3,-6.89361,
Ge4Ir4Sc4,62,oP12,0.0,metal,17.1531,9.99583,205.837,349.06,152.44,2.15291,34.421,33.7157,4.66716,3.21753e-05,150.549,153.699,12,3,-6.17595,
Ge4Ir4Tb2,129,tP10,0.0,metal,17.8673,12.7983,178.673,246.011,114.183,2.20481,29.66,29.042,2.36883,3.18402e-05,155.136,158.437,10,3,-5.94839,
Ge4Ir4Tb4,62,oP12,0.0,metal,18.9225,12.395,227.07,278.022,121.428,2.12884,35.2835,34.5407,3.41538,3.33296e-05,133.947,136.828,12,3,-5.98781,
Ge4Ir4Th2,129,tP10,0.0,metal,18.8296,13.4338,188.296,283.025,131.357,2.23439,29.276,28.7295,3.94444,2.81782e-05,166.334,169.498,10,3,-6.28368,
Ge4Ir4Y4,62,oP12,0.0,metal,18.903,10.3574,226.836,257.938,112.692,2.10621,35.4875,34.7361,2.33309,3.39193e-05,130.659,133.485,12,3,-6.60525,
Ge4Ir4Zr4,62,oP12,0.0,metal,16.9232,11.6448,203.078,357.951,156.371,2.1556,34.1853,33.599,5.74919,2.68208e-05,182.627,185.814,12,3,-7.25642,
Ge4La12,62,oP16,0.0,metal,33.2486,6.10938,531.977,175.987,69.8456,1.77703,48.5873,47.2138,1.10876,5.34612e-05,40.8332,42.0211,16,2,-5.15131,
Ge4La1Rh6,187,hP11,0.0,metal,16.0423,9.84946,176.465,360.036,161.872,2.33681,31.541,30.7852,4.09818,3.47605e-05,160.851,164.8,11,3,-4.97624,
Ge4La2Ni2,63,oS16,0.0,metal,19.536,7.2839,156.288,323.977,162.0,2.1983,23.4604,22.6991,4.07087,5.03748e-05,85.9653,88.8481,8,3,-4.67698,
Ge4La2Pd2,63,oS16,0.0,metal,21.6233,7.49672,172.987,271.939,136.0,2.22011,23.8551,23.0787,2.76972,4.96431e-05,82.2798,85.0479,8,3,-4.91229,
Ge4La2Pt4,129,tP10,0.0,metal,19.8224,11.2968,198.224,237.087,110.006,2.34024,29.9532,29.1132,1.88749,4.06998e-05,116.036,119.384,10,3,-5.14813,
Ge4La2Rh2,63,oS16,0.0,metal,21.0348,7.6375,168.279,282.939,141.5,2.20047,23.6383,22.9918,3.12372,4.22144e-05,97.4154,100.154,8,3,-5.28393,
Ge4La4,62,oP8,0.0,metal,27.4507,6.39686,219.606,271.994,136.0,1.99082,23.7445,23.0734,4.11553,4.79432e-05,60.1775,61.9276,8,2,-5.45333,
Ge4La4,63,oS16,0.0,metal,27.2421,6.44585,217.937,270.936,135.5,2.01579,23.7631,23.0779,3.95728,4.84793e-05,60.2589,62.0479,8,2,-5.45924,
Ge4Mg2Tb4,127,tP10,0.0,metal,22.6402,7.14869,226.402,316.919,147.138,1.94524,29.2595,28.4351,5.11223,4.91412e-05,67.9423,69.9122,10,3,-4.75612,
Ge4Mg2Y4,127,tP10,0.0,metal,22.5359,5.11806,225.359,379.112,175.916,1.95679,28.5958,27.7918,6.13715,4.88156e-05,67.5168,69.47,10,3,-5.50244,-0.796991
Ge4Mg4N8,33,oP16,2.5882,insulator-direct,12.1083,4.28252,193.732,632.817,251.206,2.07088,39.8154,38.8627,6.75954,3.9372e-05,143.135,146.644,16,3,-6.25776,-0.57411
Ge4Mn4,198,cP8,0.0,metal,17.9291,5.90563,143.433,229.049,114.5,2.2448,24.9782,23.372,0.992193,9.91884e-05,50.5913,54.0681,8,2,-5.66833,
Ge4Mn4Yb4,62,oP12,0.0,metal,22.5255,7.38579,270.306,255.029,111.382,2.00061,36.4354,34.7971,2.27954,7.70459e-05,45.4047,47.5424,12,3,-4.64895,
Ge4N6Na2,36,oS24,2.2613,insulator-indirect,12.6348,4.60406,151.618,588.832,257.269,2.26491,30.929,29.9919,6.18395,4.56973e-05,133.238,137.401,12,3,-6.07999,-0.200172
Ge4N8Si2,227,cF56,1.6369,insulator-direct,9.62587,5.65068,134.762,859.195,356.41,2.17153,29.25,28.7351,16.2028,2.75663e-05,226.874,230.939,14,3,-6.99857,-0.183428
Ge4N8Sr8,64,oS40,0.0,metal,19.215,4.76761,384.3,370.083,136.309,2.03466,57.7764,55.8061,2.48757,5.73078e-05,70.2999,72.7819,20,3,-5.56368,-0.662042
Ge4Na3Pt4,217,cI22,0.0,metal,20.7337,8.29788,228.07,202.972,91.2778,2.4294,33.7726,32.297,0.801272,6.14322e-05,77.228,80.7563,11,3,-3.82285,
Ge4Nb4Pt4,62,oP12,0.0,metal,16.2568,12.2773,195.081,278.975,121.864,2.24734,35.2071,34.5245,2.48365,2.90732e-05,188.264,191.987,12,3,-6.06753,
Ge4Nb4Rh4,62,oP12,0.0,metal,15.6628,9.48515,187.954,409.057,178.647,2.19282,33.5001,32.9105,6.07234,2.70729e-05,194.475,197.959,12,3,-6.25671,
Ge4Ni4Ti4,62,oP12,0.0,metal,14.2268,6.97125,170.721,452.948,197.866,2.09808,33.0379,32.2701,5.88159,3.75654e-05,143.976,147.402,12,3,-4.40838,
Ge4Ni4Zr4,62,oP12,0.0,metal,15.7032,7.84279,188.438,417.911,182.578,2.08393,33.5076,32.7864,6.0211,3.49781e-05,141.067,144.17,12,3,-5.77037,
Ge4Ni8,62,oP12,0.0,metal,11.608,9.05848,139.296,334.069,145.888,2.31754,35.0865,33.9308,1.8863,4.84201e-05,158.251,163.642,12,2,-3.14838,
Ge4Ni8Zn12,227,cF96,0.0,metal,13.0661,8.17827,313.588,309.118,107.124,2.28502,71.6002,68.4843,1.02319,6.52381e-05,104.665,109.427,24,3,-1.91078,
Ge4O24Se8,205,cP36,2.7302,insulator-direct,13.8504,4.34946,498.615,589.136,178.381,2.21321,92.6766,89.9263,3.33296,4.58741e-05,118.107,121.719,36,3,-5.59672,-1.03496
Ge4O8,60,oP12,1.4607,insulator-direct,9.56487,6.05249,114.778,694.254,303.132,2.33725,28.7093,27.9751,8.57184,3.73412e-05,206.799,212.226,12,2,-6.35824,-1.56957
Ge4O8,205,cP12,0.7442,insulator-indirect,9.029,6.4117,108.348,713.839,311.868,2.37719,28.3512,27.5855,8.83535,3.88684e-05,210.371,216.21,12,2,-6.17729,-1.38862
Ge4Pd4,62,oP8,0.0,metal,16.4975,9.00806,131.98,258.099,129.0,2.52082,24.1391,23.1777,1.50496,5.38923e-05,112.945,117.63,8,2,-4.04065,
Ge4Pd4Zr4,62,oP12,0.0,metal,17.4382,8.57686,209.258,369.024,161.176,2.21255,34.2556,33.466,4.56309,3.52935e-05,137.456,140.699,12,3,-6.11728,
Ge4Pd8Y4,62,oP16,0.0,metal,18.5794,8.36321,297.27,272.052,107.943,2.30383,47.6314,46.1473,1.46648,4.59725e-05,106.847,110.283,16,3,-4.97689,
Ge4Pt2,58,oP6,0.0,metal,18.1479,10.3783,108.887,285.094,156.842,2.46153,17.8704,17.2436,3.38191,4.84514e-05,110.968,115.002,6,2,-4.55213,
Ge4Pt4Se4,29,oP12,0.5409,insulator-indirect,18.9105,10.1462,226.926,311.01,135.842,2.4218,35.32,34.1938,2.96155,4.48027e-05,111.854,115.538,12,3,-4.42646,
Ge4Pt4Sr4,198,cP12,0.0,metal,24.68,7.96852,296.16,190.046,82.9901,2.24136,36.6031,35.3175,0.89351,5.32793e-05,69.1336,71.6502,12,3,-4.1829,
Ge4Pt4Th2,129,tP10,0.0,metal,19.6677,12.9583,196.677,237.046,110.006,2.33022,29.8207,29.1112,2.1627,3.45152e-05,137.463,140.813,10,3,-5.41229,
Ge4Pt4Y4,62,oP12,0.0,metal,19.5572,10.0922,234.686,289.015,126.232,2.22671,35.3414,34.4302,2.96414,3.91569e-05,114.782,117.819,12,3,-5.99364,
Ge4Pt4Zr4,62,oP12,0.0,metal,17.318,11.4711,207.816,336.99,147.198,2.22142,34.5832,33.8733,4.56597,3.11934e-05,159.376,162.716,12,3,-6.53583,
Ge4Rh4,198,cP8,0.0,metal,14.8658,9.80159,118.926,387.868,194.0,2.41309,22.7623,22.1518,5.32288,3.77389e-05,163.44,167.944,8,2,-4.75183,
Ge4Rh4Sc4,62,oP12,0.0,metal,17.2212,7.08562,206.654,374.095,163.36,2.15423,34.1959,33.3962,4.09276,3.68017e-05,129.474,132.574,12,3,-5.50394,
Ge4Rh4Ta4,62,oP12,0.0,metal,15.6362,12.6179,187.634,356.976,155.934,2.17792,34.1999,33.6187,5.43679,2.62711e-05,204.177,207.707,12,3,-6.73911,
Ge4Rh4Tb4,62,oP12,0.0,metal,19.0108,9.7369,228.13,281.956,123.175,2.12509,35.3475,34.5009,2.83128,3.80791e-05,116.058,118.906,12,3,-5.33057,
Ge4Rh4Tb4,62,oP12,0.0,metal,19.0184,9.73301,228.221,249.021,108.761,2.11193,35.6937,34.8282,1.97505,3.87849e-05,114.352,117.194,12,3,-5.32632,
Ge4Rh4Y4,62,oP12,0.0,metal,18.8973,7.74449,226.767,329.974,144.141,2.1314,34.7885,33.9641,3.56002,3.7634e-05,116.168,118.988,12,3,-5.95286,
Ge4Rh4Zr4,62,oP12,0.0,metal,16.9368,8.71656,203.242,389.069,169.911,2.15586,33.8437,33.1927,5.5295,3.01329e-05,160.191,163.333,12,3,-6.58997,
Ge4Rh8,62,oP12,0.0,metal,14.1926,10.8577,170.311,353.992,154.624,2.53991,34.6424,33.6737,2.8744,3.72399e-05,186.142,191.497,12,2,-4.61712,
Ge4Ru4,198,cP8,0.2716,insulator-indirect,14.5309,9.92261,116.247,429.058,214.5,2.3136,22.2174,21.7474,7.73882,3.0956e-05,191.671,195.813,8,2,-5.44643,
Ge4Ru4Tb4,62,oP12,0.0,metal,18.9052,9.73753,226.863,258.039,112.692,2.06243,35.5213,34.7338,2.29582,3.63364e-05,119.353,122.059,12,3,-5.60937,
Ge4Sc2,63,oS12,0.0,metal,19.2186,5.47608,115.312,372.946,205.27,1.99134,17.2538,16.7168,6.85761,5.33103e-05,73.7146,76.0826,6,2,-5.23332,
Ge4Tb2,141,tI12,0.0,metal,22.0978,7.61733,132.587,218.007,119.97,1.96295,18.1165,17.5529,2.36111,5.38819e-05,66.0672,68.1887,6,2,-5.08319,
Ge4Th2,141,tI12,0.0,metal,24.217,8.62186,145.302,201.997,111.165,2.04061,18.0753,17.6106,2.20725,4.2661e-05,79.4637,81.5608,6,2,-5.60303,
Ge4Th2,65,oS12,0.0,metal,24.5579,8.50217,147.347,271.008,149.137,2.09678,17.7541,17.3073,5.04758,4.06127e-05,83.2777,85.4277,6,2,-5.7034,
Ge4Th2,63,oS12,0.0,metal,24.5904,8.49093,147.542,266.073,146.385,2.12832,17.7869,17.3296,4.62231,4.09084e-05,83.921,86.1356,6,2,-5.71577,
Ge4Th6,127,tP10,0.0,metal,28.2482,9.89091,282.482,233.956,108.613,2.04049,29.7478,29.1319,3.43381,3.42454e-05,84.526,86.313,10,2,-6.38323,
Ge4Y4Zn4,194,hP12,0.0,metal,20.279,6.19255,243.348,357.972,156.371,2.05174,34.764,33.6341,4.34264,5.39668e-05,71.8054,74.2176,12,3,-4.48592,
Ge4Zr4,62,oP8,0.0,metal,19.0695,7.13215,152.556,390.002,195.0,2.06055,22.602,22.1249,7.72131,3.46155e-05,118.5,121.056,8,2,-7.33025,-0.806566
Ge6Ho2Ni1,38,oS18,0.0,metal,19.1172,7.95348,172.055,334.107,160.57,2.14884,26.3353,25.4546,4.59022,5.30022e-05,81.8416,84.6731,9,3,-4.75221,
Ge6Ho4Ir7,229,cI34,0.0,metal,17.1297,13.9182,291.205,346.953,134.952,2.22688,48.802,47.8109,4.69782,3.08102e-05,162.947,166.325,17,3,-6.0658,
Ge6Ho4Rh7,229,cI34,0.0,metal,17.206,10.3072,292.502,352.951,137.286,2.22574,48.8709,47.6988,3.69123,3.65433e-05,136.052,139.395,17,3,-5.25858,
Ge6Ir4Tb6,63,oS32,0.0,metal,20.3088,11.0279,324.941,274.989,109.134,2.08426,47.1279,46.0908,2.79469,3.56546e-05,113.995,116.56,16,3,-5.86635,
Ge6Ir7Mn4,229,cI34,0.0,metal,15.7049,12.4445,266.983,329.061,127.952,2.29861,49.3073,48.1291,2.97643,3.51788e-05,162.006,165.972,17,3,-6.11498,
Ge6Ir7Sc4,229,cI34,0.0,metal,16.2399,11.7943,276.079,386.024,150.12,2.20901,48.0308,47.0899,5.19592,2.99283e-05,172.802,176.254,17,3,-6.16367,
Ge6Ir7Tb4,229,cI34,0.0,metal,17.3721,13.589,295.325,344.99,134.174,2.22695,48.8402,47.8396,4.59209,3.10744e-05,159.53,162.867,17,3,-6.06006,
Ge6Ir7Y4,229,cI34,0.0,metal,17.3375,12.0381,294.738,366.992,142.73,2.22017,48.4265,47.4463,4.91547,3.08064e-05,159.46,162.754,17,3,-6.49192,
Ge6Ir7Yb4,229,cI34,0.0,metal,17.2193,14.0298,292.728,316.903,123.285,2.28201,49.5858,48.3265,3.44758,3.7738e-05,137.121,140.694,17,3,-5.00293,
Ge6La4Li4,63,oS28,0.0,metal,22.0371,5.48415,308.52,330.071,136.921,2.01853,41.2336,39.65,3.14684,6.51256e-05,54.3291,56.499,14,3,-4.54646,
Ge6La8,220,cI28,0.0,metal,30.0087,6.11369,420.122,243.934,101.239,1.83335,41.7113,40.6827,2.63757,4.53832e-05,53.6129,54.9685,14,2,-5.44623,
Ge6Lu4Ru7,229,cI34,0.0,metal,16.6209,10.8305,282.555,354.048,137.675,2.12886,48.6881,47.6749,4.11623,3.3061e-05,148.616,151.774,17,3,-5.72616,
Ge6Mo10,140,tI32,0.0,metal,15.4963,9.34239,247.94,415.98,165.09,2.12503,44.4453,43.7423,5.47929,2.50718e-05,205.399,208.701,16,2,-6.79113,
Ge6N8,227,cF56,1.8424,insulator-indirect,10.2814,6.31723,143.94,723.02,299.982,2.27289,32.7077,31.957,10.6753,3.44288e-05,198.511,203.174,14,2,-6.60701,0.0766976
Ge6N8,176,hP14,1.8007,insulator-direct,12.7483,5.0948,178.476,565.94,234.841,2.17633,36.2431,35.4347,6.0348,3.47905e-05,169.341,173.204,14,2,-6.70355,-0.0198409
Ge6N8,220,cI28,1.5553,insulator-indirect,11.6253,5.58696,162.754,632.048,262.225,2.23018,34.8153,34.0194,7.73662,3.48622e-05,181.552,185.8,14,2,-6.6435,0.0402081
Ge6Ni2Y2,65,oS20,0.0,metal,18.1072,6.70126,181.072,376.966,174.988,2.26168,28.8424,27.8293,4.31842,5.31235e-05,88.9147,92.1515,10,3,-4.9719,
Ge6Os7Sc4,229,cI34,0.0,metal,16.3627,11.6214,278.166,355.942,138.452,2.12407,48.5058,47.6395,4.41566,2.83367e-05,176.394,179.602,17,3,-6.55742,
Ge6Rh10,55,oP16,0.0,metal,14.3865,10.5655,230.185,349.966,138.898,2.38463,46.0996,44.9642,2.60458,3.49099e-05,183.586,188.222,16,2,-4.65484,
Ge6Rh7Sc4,229,cI34,0.0,metal,16.253,8.02742,276.301,416.096,161.787,2.22779,47.6045,46.4952,4.35359,3.5447e-05,144.834,148.289,17,3,-5.35775,
Ge6Ru4Tb6,63,oS32,0.0,metal,20.3822,9.13165,326.115,309.045,122.627,2.05514,46.6352,45.6059,3.40201,3.62612e-05,108.968,111.427,16,3,-5.63023,
Ge6Ru7Sc4,229,cI34,0.0,metal,16.2176,7.96757,275.699,401.973,156.342,2.14356,47.7573,46.7715,4.2252,3.25571e-05,153.156,156.384,17,3,-5.80449,
Ge6Ta10,140,tI32,0.0,metal,17.1406,13.5932,274.25,353.984,140.485,2.02285,45.5219,44.8562,6.25187,2.43395e-05,186.849,189.622,16,2,-8.35386,
Ge6Ta10,140,tI32,0.0,metal,17.1158,13.613,273.852,335.016,132.945,1.99733,45.8576,45.1841,5.44553,2.46812e-05,183.94,186.682,16,2,-8.33387,
Ge6Tb10,193,hP16,0.0,metal,25.6146,8.20393,409.834,277.081,109.928,1.91127,47.2496,46.0689,3.49659,4.41332e-05,67.0931,68.8127,16,2,-5.37423,
Ge6W10,140,tI32,0.0,metal,15.6739,15.0574,250.783,302.048,119.849,2.12742,46.377,45.6895,3.41954,2.34241e-05,227.828,231.256,16,2,-8.05358,
Ge6Y10,193,hP16,0.0,metal,25.2753,5.43897,404.405,347.956,138.104,1.92194,46.1229,44.9918,4.46761,4.32314e-05,67.6902,69.3919,16,2,-6.56541,-0.837034
Ge7Hf6Ni16,225,cF116,0.0,metal,13.2655,10.8693,384.7,365.887,119.128,2.18863,83.022,80.9806,2.23128,3.81022e-05,164.884,169.041,29,3,-4.79901,
Ge7Ni16Sc6,225,cF116,0.0,metal,13.6057,7.22564,394.565,412.091,134.101,2.17762,81.8188,79.4966,2.21504,4.43087e-05,134.649,138.582,29,3,-3.82455,
Ge8,194,hP8,0.0,metal,23.6513,5.0965,189.21,329.987,165.0,2.26676,23.7605,22.6722,3.63824,6.95561e-05,52.905,55.4445,8,1,-4.49498,0.008744
Ge8,206,cI16,0.0,metal,21.7572,5.54017,174.058,314.864,157.5,2.22502,23.8991,22.7848,3.20529,7.21375e-05,54.6678,57.3413,8,1,-4.36307,0.140649
Ge8La4Li4,62,oP16,0.0,metal,21.8568,5.52757,349.71,322.897,128.183,2.04604,47.3017,45.4278,2.61384,6.62354e-05,54.7457,57.0039,16,3,-4.60222,
Ge8W4,62,oP12,0.0,metal,16.2086,11.2362,194.503,411.916,179.958,2.18228,33.5599,32.8732,7.78612,3.1697e-05,159.101,162.425,12,2,-6.46324,
Ge8Y6,63,oS28,0.0,metal,22.3002,5.92595,312.203,333.996,138.581,1.95427,40.672,39.5737,3.84335,4.68917e-05,72.0158,74.0144,14,2,-6.15269,-0.809208
H10K6Zn2,140,tI36,3.6969,insulator-indirect,17.4127,1.98902,313.428,342.04,130.497,1.78745,57.7606,50.9997,1.03544,0.000235705,16.4322,18.6106,18,3,-2.52914,
H10La4,109,tI28,0.0,metal,12.7617,5.25773,178.664,371.081,153.933,1.82581,40.9107,39.0798,2.58759,8.42815e-05,63.7632,66.7505,14,2,-4.33682,
H10Rb6Zn2,140,tI36,3.2704,insulator-indirect,20.065,3.00525,361.169,245.756,93.8666,1.83745,60.1667,52.4774,0.660311,0.000251743,14.1978,16.2781,18,3,-2.47003,
H12Mg4Na4,62,oP20,3.3,insulator-direct,11.1594,1.49749,223.189,587.592,216.621,1.70848,54.2537,50.2013,2.25774,0.000155711,32.171,34.7679,20,3,-2.82229,-0.208709
H14Th2Zr4,227,cF80,0.0,metal,10.3803,6.74328,207.606,349.901,128.941,1.84737,58.3621,56.2486,1.62186,6.70246e-05,100.993,104.787,20,3,-5.12796,
H1Ho1Se1,187,hP3,1.4943,insulator-indirect,16.3731,8.2791,49.1193,356.087,246.837,1.92935,8.69486,8.41429,12.3913,5.70819e-05,78.8052,81.4329,3,3,-5.25082,-1.43826
H1K1,225,cF8,3.4369,insulator-direct,22.5517,1.47656,45.1034,274.099,217.474,1.85732,7.49674,5.80781,2.25259,0.000443536,7.73697,9.9869,2,2,-2.43831,-0.1969
H1Li1,225,cF8,2.9617,insulator-direct,7.97662,0.827385,15.9532,744.365,590.513,1.6045,4.95908,4.51679,9.01672,0.00020209,27.9353,30.6707,2,2,-3.05451,-0.408819
H1Mg1Ni1,123,tP3,0.0,metal,10.1122,4.59809,30.3365,491.81,341.134,1.94069,8.29461,7.92432,9.54422,7.95967e-05,84.1359,88.0674,3,3,-2.54676,
H1Na1,225,cF8,3.7942,insulator-indirect,13.8442,1.4392,27.6884,451.626,358.753,1.81783,6.2716,5.42971,5.44407,0.000274194,16.7425,19.3385,2,2,-2.54525,-0.194388
H1Ni1,225,cF8,0.0,metal,6.14881,8.06097,12.2976,506.742,402.406,2.17105,5.4911,5.24146,9.67705,7.25126e-05,169.646,177.726,2,2,-2.75089,
H1Pd1,225,cF8,0.0,metal,8.61201,10.355,17.224,297.02,235.729,2.40152,6.03663,5.7304,3.1288,7.29269e-05,147.597,155.484,2,2,-3.1067,
H1Pd3Tl1,221,cP5,0.0,metal,13.8925,12.5404,69.4623,256.963,150.295,2.70508,15.3338,14.498,1.94174,6.91957e-05,111.841,118.288,5,3,-3.04927,
H1Rb1,225,cF8,2.9084,insulator-direct,27.2165,2.63804,54.433,186.074,147.628,1.84361,6.88033,5.90873,1.62749,0.000289851,8.80625,10.2543,2,2,-2.33155,-0.157203
H1Rh1,225,cF8,0.0,metal,8.24784,10.4605,16.4957,446.951,354.784,2.41126,5.63007,5.40195,10.0807,5.77723e-05,184.407,192.194,2,2,-3.65087,
H1Se1Y1,187,hP3,1.5176,insulator-indirect,16.7674,5.57473,50.3023,419.174,290.518,1.91788,8.46673,8.19934,14.2347,5.62361e-05,75.591,78.0561,3,3,-5.88364,-1.43958
H1Ta2,21,oS6,0.0,metal,13.4213,14.9666,40.264,288.968,200.381,1.80675,8.73286,8.60234,10.5731,2.77982e-05,190.603,193.495,3,2,-8.01106,
H24U8,223,cP32,0.0,metal,9.52275,10.5085,304.728,374.98,118.118,2.15454,95.267,89.2845,1.45192,0.000101241,84.378,90.0317,32,2,-5.07423,
H2Hf1,139,tI6,0.0,metal,8.69861,11.486,26.0958,248.977,172.647,1.83086,9.004,8.70829,2.83377,6.11464e-05,136.141,140.764,3,2,-6.05283,-0.477621
H2Hf2Pd1,139,tI10,0.0,metal,12.5128,12.3523,62.5639,227.964,133.335,1.91874,14.9718,14.5895,2.43731,4.49265e-05,136.518,140.096,5,3,-6.3747,
H2Ho1,225,cF12,0.0,metal,11.3811,8.11932,34.1434,379.105,262.784,1.82998,8.70179,8.34347,10.173,7.73911e-05,77.8343,81.177,3,2,-4.46933,-0.688877
H2In2O4,58,oP8,2.0422,insulator-direct,10.0426,6.11075,80.3411,516.98,258.5,2.1279,21.5261,20.8323,6.12877,5.18324e-05,144.924,149.75,8,3,-5.40702,
H2La1,225,cF12,0.0,metal,15.3491,5.08186,46.0472,336.109,232.969,1.81717,8.86184,8.48247,6.7022,8.05388e-05,56.5538,59.0831,3,2,-4.43888,
H2Mg1Ni1,123,tP4,0.0,metal,8.4855,4.15897,33.942,549.319,345.848,1.90083,10.7559,10.2452,8.17608,8.67207e-05,88.2167,92.6147,4,3,-2.80028,
H2Nb1,225,cF12,0.0,metal,7.96516,6.59631,23.8955,565.898,392.442,1.87083,7.80967,7.59928,16.2956,4.90845e-05,163.7,168.232,3,2,-5.29576,
H2Pd1Zr2,139,tI10,0.0,metal,12.9934,7.43419,64.9671,318.116,185.968,1.94009,14.6015,14.2096,4.09036,4.69307e-05,123.278,126.678,5,3,-5.83006,
H2Pu1,225,cF12,0.0,metal,12.622,10.7912,37.8661,187.041,129.659,1.62984,9.25219,8.83772,2.38881,9.42827e-05,54.8821,57.456,3,2,-7.33168,
H2Sc1,225,cF12,0.0,metal,9.43657,2.75518,28.3097,713.71,495.06,1.78662,7.15273,6.89493,19.1495,6.96979e-05,82.2205,85.2947,3,2,-4.59552,
H2Si6Y10,193,hP18,0.0,metal,21.6222,4.52079,389.199,417.906,159.497,1.86675,50.3743,49.1851,5.14818,4.28662e-05,75.2958,77.1163,18,3,-6.50819,-0.733365
H2Ta1,225,cF12,0.0,metal,7.89345,12.83,23.6804,370.996,257.237,1.88914,8.60932,8.36424,8.61554,5.13173e-05,175.975,181.131,3,2,-5.67501,
H2Tb1,225,cF12,0.0,metal,11.9076,7.48117,35.7229,374.006,259.317,1.82568,8.71957,8.36145,9.61757,7.73435e-05,74.4155,77.6027,3,2,-4.48072,
H2Th1,139,tI6,0.0,metal,14.543,8.90823,43.6289,187.074,129.659,1.87756,9.1365,8.83428,1.74416,5.99075e-05,87.1836,90.1661,3,2,-4.81895,
H2Ti2,131,tP4,0.0,metal,10.4931,3.86985,41.9725,523.903,330.099,1.82814,10.6802,10.3763,9.50856,5.31377e-05,114.613,117.97,4,2,-4.46254,
H2V1,225,cF12,0.0,metal,6.33539,4.6268,19.0062,712.999,494.367,1.93875,7.15436,6.90223,15.6993,6.26734e-05,149.177,154.626,3,2,-4.53453,
H2W2,194,hP4,0.0,metal,9.06572,16.9299,36.2629,477.897,301.121,1.95888,10.7978,10.6193,22.2359,2.84814e-05,274.849,279.469,4,2,-6.77461,
H2Y1,225,cF12,0.0,metal,11.7252,4.29215,35.1757,506.226,350.841,1.7639,8.16493,7.86474,14.4738,7.1556e-05,73.8657,76.6851,3,2,-5.10726,-0.695307
H2Zr1,139,tI6,0.0,metal,9.20357,5.60731,27.6107,331.975,230.196,1.83492,8.78599,8.49001,3.53136,6.2707e-05,121.54,125.777,3,2,-5.65518,-0.549731
H30Th8,220,cI76,0.0,metal,10.5759,7.79494,401.886,338.091,100.536,1.83332,111.74,107.359,1.14735,7.32581e-05,90.3024,93.987,38,2,-4.36748,
H3K1Mg1,221,cP5,2.4977,insulator-indirect,12.8619,1.71521,64.3097,555.912,325.151,1.729,13.833,12.7875,6.53416,0.00015581,28.6029,30.9416,5,3,-2.82473,-0.25493
H3Li1Sr1,221,cP5,1.8148,insulator-indirect,19.8115,1.63585,99.0575,287.014,167.839,1.70791,15.9071,14.4034,1.54969,0.000196152,16.9046,18.6693,5,3,-2.77495,-0.0254292
H3Mg1Ni1,221,cP5,0.0,metal,7.28104,3.92354,36.4052,493.276,288.308,1.86197,13.9204,13.21,4.10267,9.51107e-05,94.8281,99.9284,5,3,-2.91708,
H3Ni1Yb1,221,cP5,0.0,metal,8.6859,8.97588,43.4295,381.896,223.395,1.94064,14.7412,13.9054,5.01748,0.000101834,82.4807,87.4387,5,3,-3.12702,
H3Pd1Yb1,221,cP5,0.0,metal,10.2538,9.14863,51.2691,308.223,180.119,2.03051,15.1478,14.2828,3.03113,9.7356e-05,78.7843,83.5556,5,3,-3.28627,
H4In4O8,198,cP16,1.7007,insulator-indirect,9.7509,6.29357,156.014,553.918,219.855,2.12777,42.193,40.8287,4.70357,5.20257e-05,145.48,150.341,16,3,-5.37395,
H4In4O8,205,cP16,1.7219,insulator-indirect,9.64955,6.35968,154.393,538.785,213.902,2.12241,42.5378,41.174,4.3398,5.1703e-05,148.798,153.727,16,3,-5.36846,
H4Mg2,136,tP6,3.7446,insulator-indirect,10.0407,1.45099,60.2439,703.057,386.876,1.68476,14.7166,13.9102,7.54015,0.00011441,43.716,46.2504,6,2,-2.96627,-0.177546
H4N4Sr4,62,oP12,1.7276,insulator-direct,12.364,4.59477,148.368,438.886,191.751,1.94791,33.9437,32.5225,3.44335,7.40328e-05,78.399,81.8251,12,3,-4.85265,-0.389787
H4Sr2,194,hP6,1.3052,insulator-indirect,13.6933,3.62328,82.1598,363.224,199.767,1.72798,17.9731,16.8182,3.66762,0.000129949,35.953,38.4219,6,2,-3.30712,-0.48837
H6Li2Pt1,225,cF36,2.6793,insulator-indirect,8.17971,4.85005,73.6174,569.858,274.027,1.82257,24.0457,22.7745,6.4911,0.000101203,73.6496,77.7608,9,3,-3.4401,
H6Na2Pt1,225,cF36,3.4738,insulator-indirect,10.8827,4.18961,97.9441,463.359,222.587,1.84753,25.6363,24.1489,4.25043,0.000109438,55.8349,59.2741,9,3,-3.30769,
H6Os1Sr2,225,cF36,2.8831,insulator-indirect,12.2197,5.60907,109.977,412.192,198.069,1.90334,25.8604,24.6946,4.37482,8.16607e-05,70.5139,73.8429,9,3,-4.13121,
H6Pd2Ti4,123,tP12,0.0,metal,9.48479,5.98822,113.818,446.796,195.245,2.02198,33.6181,32.3963,3.07578,6.15824e-05,126.127,130.883,12,3,-4.12459,
H6Ru1Sr2,225,cF36,2.8478,insulator-indirect,12.1033,4.30429,108.93,450.849,216.818,1.90976,25.54,24.277,4.32425,8.98288e-05,63.4251,66.7248,9,3,-3.89456,
H6Y2,63,oS16,0.0,metal,9.54033,4.00019,76.3227,553.683,277.0,1.70918,21.2722,20.4257,7.50123,8.04689e-05,75.227,78.3447,8,2,-4.74033,-0.58478
H8Mg4,205,cP12,2.6577,insulator-indirect,9.15033,1.59217,109.804,731.559,319.73,1.67752,28.7541,27.2393,5.22643,0.000110372,48.5811,51.2828,12,2,-2.93478,-0.146051
H8Mg4,62,oP12,1.9286,insulator-indirect,8.12395,1.79333,97.4874,660.595,288.718,1.65352,30.2511,28.6722,3.81247,0.000110509,56.9082,60.042,12,2,-2.88354,-0.0948159
H8Sr4,62,oP12,3.1424,insulator-indirect,14.7804,3.35678,177.365,354.051,154.624,1.72677,36.0871,33.7553,2.19214,0.000130659,33.5103,35.8252,12,2,-3.35341,-0.534669
H8W4,62,oP12,0.0,metal,7.09055,14.5093,85.0866,394.127,172.095,1.98299,34.0853,33.15,3.60283,4.69854e-05,223.69,230.001,12,2,-5.4452,
H9La4,139,tI26,0.0,metal,13.9247,5.18005,181.02,348.161,148.001,1.81677,38.2634,36.5967,2.50847,8.22801e-05,60.2467,62.9905,13,2,-4.38659,
He8Ne4,194,hP12,14.2694,insulator-indirect,15.4416,1.01028,185.299,62.8615,27.081,0.00210114,35.9224,35.9206,0.0423603,-3.17165e-06,30.5384,30.5399,12,2,-0.0059735,-0.153071
Hf10Ir6,193,hP16,0.0,metal,18.7542,16.2598,300.067,158.009,62.7023,1.93376,48.0247,47.3525,0.827062,2.43423e-05,172.01,174.452,16,2,-9.28499,
Hf10Sb6Zn2,193,hP18,0.0,metal,20.5251,11.8934,369.452,285.038,108.748,2.08756,52.8541,51.694,3.1339,3.55184e-05,113.138,115.677,18,3,-7.4371,
Hf10Si6,193,hP16,0.0,metal,18.5468,10.9309,296.749,356.058,141.279,1.89218,45.556,44.8363,6.57181,2.80975e-05,139.896,142.141,16,2,-8.99948,-0.744989
Hf10Sn6,193,hP16,0.0,metal,22.4213,11.5583,358.74,229.057,90.8787,1.99533,47.5741,46.657,2.12168,3.25814e-05,109.418,111.569,16,2,-7.92296,
Hf10Sn8,193,hP18,0.0,metal,22.2577,11.3334,400.639,268.025,102.261,2.02863,53.0713,51.9616,2.94461,3.47564e-05,104.188,106.413,18,2,-7.50939,
Hf12N4Zn12,227,cF112,0.0,metal,15.5012,11.4104,434.033,357.94,117.895,1.96104,80.0761,78.4101,3.49893,3.58551e-05,135.68,138.563,28,3,-6.34565,
Hf12P8,62,oP20,0.0,metal,18.0561,10.9883,361.123,337.054,124.152,1.93876,57.3561,56.4292,4.41647,2.80706e-05,148.528,150.968,20,2,-9.29213,-1.19071
Hf16Ir8,227,cF96,0.0,metal,19.6149,15.4979,470.758,223.021,77.3098,1.88334,71.0207,70.0774,1.90249,2.36258e-05,163.368,165.567,24,2,-9.37145,
Hf16Pd8,227,cF96,0.0,metal,19.9139,12.8798,477.935,191.013,66.216,1.86303,71.7534,70.592,1.0386,2.9157e-05,129.674,131.808,24,2,-7.90675,
Hf16Rh8,227,cF96,0.0,metal,19.4804,13.0671,467.529,227.995,79.0432,1.79916,70.9604,69.99,1.87758,2.55261e-05,144.83,146.838,24,2,-8.55006,
Hf1In1Ni2,225,cF16,0.0,metal,15.1549,11.25,60.6194,282.949,178.279,2.13218,11.8011,11.4975,5.06415,4.08404e-05,134.896,138.458,4,3,-4.53958,
Hf1Ir3,221,cP4,0.0,metal,15.2495,20.5574,60.9979,372.019,234.345,2.22778,11.2934,11.1374,19.2074,2.08661e-05,267.371,271.118,4,2,-7.85519,
Hf1N1,221,cP2,0.0,metal,11.1761,14.3005,22.3523,298.939,237.316,1.97739,5.82114,5.717,9.42413,3.05081e-05,228.231,232.388,2,2,-9.90085,-0.765028
Hf1N1,225,cF8,0.0,metal,11.6813,13.6821,23.3625,490.034,388.913,2.01435,5.35462,5.27749,40.4833,2.40962e-05,259.23,263.019,2,2,-10.8938,-1.75802
Hf1Ni2Si2,139,tI10,0.0,metal,13.4241,8.70936,67.1207,409.047,239.185,2.06157,14.0066,13.7126,9.32441,3.4467e-05,166.694,170.268,5,3,-5.71329,
Hf1Ni2Sn1,225,cF16,0.0,metal,15.4295,11.1539,61.7178,286.057,180.169,2.16253,11.7817,11.4854,5.13884,3.93545e-05,139.928,143.538,4,3,-4.85491,
Hf1O2,225,cF12,3.8049,insulator-direct,10.8912,10.6975,32.6735,483.947,335.587,1.98761,8.07004,7.93954,21.8378,2.74772e-05,240.678,244.634,3,2,-10.091,-3.48589
Hf1O3Pb1,221,cP5,2.4164,insulator-indirect,14.3499,10.0371,71.7495,397.035,232.167,2.06793,14.0847,13.7856,10.6517,3.47602e-05,156.732,160.132,5,3,-8.24987,-2.55965
Hf1O3Sr1,221,cP5,3.7303,insulator-indirect,14.2056,7.34344,71.0279,492.136,287.723,2.03861,13.4563,13.1838,15.1081,3.36466e-05,153.898,157.079,5,3,-8.66617,-3.38019
Hf1Os1,221,cP2,0.0,metal,17.2218,17.7747,34.4437,333.965,265.096,1.9514,5.71421,5.64709,29.9254,2.02461e-05,216.708,219.284,2,2,-9.81095,
Hf1Os3,221,cP4,0.0,metal,15.6624,19.8548,62.6497,306.933,193.398,2.40356,11.6013,11.405,9.16338,2.379e-05,251.864,256.201,4,2,-8.64618,
Hf1Pd1Sn1,216,cF12,0.1759,insulator-indirect,21.5151,10.3828,64.5453,267.064,185.127,2.2158,8.87258,8.66275,6.96467,3.60417e-05,113.244,115.987,3,3,-6.07931,
Hf1Pd3,221,cP4,0.0,metal,15.9239,12.9747,63.6957,300.054,188.988,2.33258,11.7178,11.4347,6.10995,3.50989e-05,162.686,166.713,4,2,-5.29717,
Hf1Pd5,65,oS12,0.0,metal,15.7095,12.5168,94.2569,295.021,162.345,2.42562,17.6907,17.1873,3.86585,3.97418e-05,151.519,155.957,6,2,-4.44575,
Hf1Pt1,221,cP2,0.0,metal,18.1726,17.0682,36.3451,165.015,130.961,2.0431,6.00997,5.91237,3.36852,2.67157e-05,170.674,173.492,2,2,-7.73417,
Hf1Pt3,221,cP4,0.0,metal,16.0495,19.7554,64.1978,303.927,191.508,2.33579,11.6249,11.4151,9.74129,2.60687e-05,217.972,221.978,4,2,-6.26675,
Hf1Rh1,221,cP2,0.0,metal,17.2277,13.5615,34.4555,194.967,154.772,1.93981,5.96863,5.8773,4.60807,2.65086e-05,171.132,173.791,2,2,-7.80021,
Hf1Rh3,221,cP4,0.0,metal,15.1333,13.365,60.5334,385.038,242.535,2.20104,11.273,11.0793,14.0859,2.63427e-05,208.947,212.599,4,2,-6.21143,
Hf1Ru1,221,cP2,0.0,metal,16.9776,13.6715,33.9553,349.029,277.001,1.93317,5.69513,5.61881,26.312,2.33246e-05,188.01,190.564,2,2,-8.75032,
Hf1Ru1Sb1,216,cF12,0.0,metal,20.7966,10.6811,62.3897,253.035,175.42,2.11572,8.85922,8.69384,6.43126,2.97506e-05,136.162,138.752,3,3,-7.15986,
Hf1Ru3,221,cP4,0.0,metal,15.5625,12.8495,62.2501,311.973,196.548,1.73607,11.513,11.3826,12.5399,2.19548e-05,197.264,199.525,4,2,-7.07642,
Hf1S2,164,hP3,1.2229,insulator-indirect,24.6013,5.45857,73.8039,368.979,255.85,1.88153,8.53248,8.36601,16.4838,3.49966e-05,83.7354,85.4015,3,2,-7.65158,-1.58303
Hf1Tc1,221,cP2,0.0,metal,17.4153,13.2248,34.8305,282.962,224.617,1.90663,5.82625,5.74536,14.4648,2.44627e-05,176.52,179.005,2,2,-9.02396,
Hf2,194,hP2,0.0,metal,22.429,13.2146,44.858,237.997,188.901,1.54506,5.88958,5.8183,19.0675,2.62143e-05,105.173,106.461,2,1,-9.9533,-0.000357
Hf2Hg1,139,tI6,0.0,metal,21.8471,14.1264,65.5414,214.99,149.073,2.00368,8.95898,8.7781,6.27694,3.39685e-05,108.503,110.738,3,2,-6.85595,-0.120378
Hf2La6Sb10,193,hP18,0.0,metal,29.0213,7.65421,522.384,226.028,86.2351,1.9675,53.8969,52.5397,1.81641,4.34149e-05,62.4707,64.0845,18,3,-5.9573,
Hf2Mo4,227,cF24,0.0,metal,18.3148,11.1934,109.889,302.039,166.197,1.87697,17.3379,17.1317,7.9128,2.12431e-05,189.139,191.414,6,2,-8.82106,
Hf2N4,194,hP6,0.5872,insulator-indirect,11.6592,9.80361,69.9553,371.981,204.719,1.91882,16.9796,16.7051,6.7576,2.8416e-05,221.371,225.009,6,2,-9.63214,-0.768695
Hf2Ni4,227,cF24,0.0,metal,13.4132,12.2095,80.479,325.975,179.405,2.03665,17.3844,17.0048,6.04035,3.62147e-05,160.03,163.602,6,2,-4.99677,
Hf2Ni4Sb2,194,hP8,0.0,metal,15.6109,11.1056,124.888,308.037,154.0,2.18465,23.3904,22.8129,3.99908,3.82401e-05,142.764,146.378,8,3,-5.0454,
Hf2O6Sr2,140,tI20,4.0765,insulator-indirect,13.8885,7.5111,138.885,504.09,233.936,2.0447,26.7381,26.196,10.0884,3.36091e-05,156.678,159.92,10,3,-8.693,-3.40701
Hf2O6Sr2,127,tP10,3.6832,insulator-indirect,13.9583,7.47352,139.583,506.877,235.329,2.04575,26.6957,26.1552,10.2726,3.35589e-05,156.03,159.254,10,3,-8.68638,-3.4004
Hf2O8Si2,141,tI24,5.2995,insulator-indirect,10.9854,6.81658,131.825,603.116,263.385,1.9727,30.1628,29.6857,10.9772,2.71111e-05,223.788,227.385,12,3,-9.05986,-3.20965
Hf2Pd1,139,tI6,0.0,metal,19.4499,13.1871,58.3497,247.997,171.954,1.96823,8.87022,8.70744,8.0095,3.13937e-05,128.432,130.833,3,2,-8.01874,
Hf2Pt2,63,oS8,0.0,metal,18.6313,16.6479,74.5251,229.005,144.261,2.09661,11.8576,11.665,5.40683,2.60679e-05,172.688,175.54,4,2,-7.89245,
Hf2Si2V2,129,tP6,0.0,metal,16.1991,8.79922,97.1943,382.03,210.223,1.87323,16.9067,16.6417,10.7395,2.81645e-05,156.2,158.687,6,3,-7.98128,
Hf2Si4,63,oS12,0.0,metal,16.3995,7.92023,98.3971,446.898,245.994,1.98471,16.5071,16.1727,13.8866,3.45794e-05,129.094,131.763,6,2,-7.50085,-0.56738
Hf2W4,227,cF24,0.0,metal,18.6749,16.1888,112.049,298.991,164.546,1.82733,17.3163,17.1449,12.0792,1.81664e-05,211.304,213.417,6,2,-10.5025,
Hf2Zn1,139,tI6,0.0,metal,19.7224,11.8536,59.1672,275.954,191.368,1.72043,8.78828,8.63776,13.5649,3.33185e-05,103.958,105.769,3,2,-6.9245,
Hf2Zn4,227,cF24,0.0,metal,16.2439,10.5377,97.4637,312.01,171.7,2.01735,17.6285,17.0949,5.99976,5.08225e-05,95.1927,98.1642,6,2,-3.80664,
Hf3,191,hP3,0.0,metal,22.2116,13.3439,66.6349,251.992,174.727,1.65818,8.81986,8.69599,14.7496,2.84052e-05,104.782,106.275,3,1,-9.90891,0.044032
Hf3Ir3Sn3,189,hP9,0.0,metal,19.2716,14.0564,173.444,252.025,121.149,2.1494,26.5665,26.0926,3.50809,2.79109e-05,159.531,162.429,9,3,-7.19317,
Hf3Mo3P3,189,hP9,0.0,metal,15.8666,10.6541,142.799,439.082,211.049,2.02929,24.7053,24.3462,12.2959,2.41109e-05,197.116,200.023,9,3,-8.761,
Hf3Os3Si3,189,hP9,0.0,metal,15.7642,13.9316,141.878,380.946,183.166,2.02857,25.3166,24.9696,10.4238,2.27203e-05,216.05,219.052,9,3,-8.66713,
Hf3P3Ru3,189,hP9,0.0,metal,15.0469,11.4233,135.422,382.972,184.127,2.12224,25.3595,24.9508,7.39492,2.55812e-05,210.386,213.832,9,3,-8.12692,
Hf3Re3Si3,189,hP9,0.0,metal,15.9236,13.6531,143.313,409.959,197.107,1.97528,24.983,24.6592,13.6777,2.2076e-05,211.271,214.045,9,3,-9.10581,
Hf3Rh3Sn3,189,hP9,0.0,metal,19.0663,11.6149,171.596,254.946,122.591,2.18908,26.6263,26.0711,2.84684,3.21239e-05,142.309,145.34,9,3,-6.51901,
Hf3Ru3Si3,189,hP9,0.0,metal,15.6627,10.8721,140.964,410.995,197.588,2.03731,25.0371,24.6542,10.0367,2.53063e-05,193.051,196.049,9,3,-7.99156,
Hf4Ho4O14,227,cF88,3.1166,insulator-indirect,13.0888,9.21326,287.954,471.953,168.449,1.98485,59.6499,58.5868,5.91332,3.0352e-05,182.309,185.617,22,3,-9.36745,-3.58915
Hf4Ir4Si4,62,oP12,0.0,metal,15.7571,14.0088,189.085,375.96,164.233,2.05897,33.8462,33.3521,8.04569,2.38865e-05,208.819,211.913,12,3,-8.24589,
Hf4La4O14,227,cF88,4.4648,insulator-direct,14.5728,7.73588,320.602,465.086,165.951,2.0226,59.8796,58.7797,5.26227,3.07248e-05,164.917,168.003,22,3,-9.3467,
Hf4Mo4Si4,62,oP12,0.0,metal,16.759,9.99143,201.108,414.049,180.831,1.95375,33.304,32.8339,9.32538,2.43003e-05,180.419,183.002,12,3,-8.51691,
Hf4N8,205,cP12,1.1833,insulator-indirect,11.239,10.1702,134.868,478.988,209.223,1.90707,32.334,31.8354,9.10177,2.72769e-05,226.201,229.743,12,2,-9.67281,-0.809365
Hf4Nb4P4,62,oP12,0.0,metal,16.9549,9.87127,203.458,406.984,177.774,1.99383,33.4285,32.9238,8.50785,2.55171e-05,173.445,176.104,12,3,-8.96224,
Hf4Ni4P4,62,oP12,0.0,metal,13.7593,10.7874,165.112,401.932,175.59,2.09634,33.6669,33.0042,6.09346,3.17673e-05,179.836,183.447,12,3,-6.84798,
Hf4Ni4Si4,62,oP12,0.0,metal,14.5736,10.0749,174.883,421.93,184.325,1.98866,33.3326,32.7189,7.97061,3.1283e-05,162.278,165.322,12,3,-6.64108,
Hf4Ni4Sn2,127,tP10,0.0,metal,16.9731,11.604,169.731,304.926,141.568,2.03119,29.1424,28.5353,4.57668,3.46457e-05,134.906,137.776,10,3,-6.01013,
Hf4Ni6Si8,64,oS36,0.0,metal,13.4223,8.87161,241.602,442.104,168.655,2.09131,49.6891,48.6302,4.94141,3.45333e-05,166.327,169.949,18,3,-6.02016,
Hf4O12Sr4,62,oP20,4.1653,insulator-indirect,13.895,7.5076,277.899,489.038,180.149,2.04194,53.9209,52.8191,5.81689,3.38997e-05,156.609,159.876,20,3,-8.6992,-3.41322
Hf4O12Sr4,63,oS40,3.9614,insulator-indirect,13.9038,7.50283,278.076,477.945,176.097,2.0481,54.2185,53.1003,5.40067,3.41452e-05,156.387,159.68,20,3,-8.69477,-3.40879
Hf4O14Y4,227,cF88,3.3362,insulator-indirect,13.2511,7.36826,291.525,521.062,185.936,1.98906,58.1318,57.1132,6.43897,2.97851e-05,179.014,182.207,22,3,-9.69513,-3.57238
Hf4O28V8,205,cP40,2.6438,insulator-indirect,18.0728,3.60511,722.911,515.989,150.879,1.9517,105.973,104.124,3.23817,3.02058e-05,127.355,129.617,40,3,-8.46874,-2.19865
Hf4O4S4,198,cP12,2.8657,insulator-indirect,15.4515,8.11561,185.418,385.996,168.601,1.95993,33.8416,33.2357,5.46788,3.08018e-05,157.088,159.952,12,3,-8.90917,-2.57235
Hf4O8,14,mP12,,,11.6861,9.96981,140.233,504.039,220.142,1.99545,31.939,31.4313,9.92173,2.68937e-05,227.759,231.438,12,2,-10.1796,-3.57456
Hf4O8,62,oP12,3.385,insulator-direct,10.0411,11.6031,120.494,475.013,207.475,2.00358,32.4473,31.9118,7.82442,2.7797e-05,261.812,266.205,12,2,-10.0405,-3.4354
Hf4P2Sb2,194,hP8,0.0,metal,20.7051,10.2195,165.641,313.014,156.5,1.94531,23.1834,22.7692,7.22786,3.09145e-05,119.091,121.257,8,3,-8.34735,-1.06751
Hf4P4,194,hP8,0.0,metal,18.0635,9.6278,144.508,368.051,184.0,1.90719,22.6751,22.3093,9.63376,2.85008e-05,141.901,144.228,8,2,-8.98242,-1.34388
Hf4P4V4,62,oP12,0.0,metal,15.1463,9.5164,181.755,451.047,196.992,2.00744,32.8231,32.2806,9.47271,2.77763e-05,175.493,178.443,12,3,-8.31599,
Hf4Pb4S12,62,oP20,1.4281,insulator-indirect,24.6248,6.49886,492.496,307.015,113.1,1.93136,58.5064,57.0543,3.01534,4.34598e-05,70.7281,72.5281,20,3,-6.36877,-1.16142
Hf4Pd12,194,hP16,0.0,metal,15.9248,12.974,254.796,320.084,126.992,2.34791,46.5795,45.4422,2.89994,3.52002e-05,162.379,166.443,16,2,-5.317,
Hf4Pd4Si4,62,oP12,0.0,metal,16.215,10.6837,194.581,375.045,163.796,2.11516,34.0497,33.3807,5.97439,3.13722e-05,158.369,161.543,12,3,-6.93164,
Hf4Pt12,194,hP16,0.0,metal,16.0469,19.7585,256.751,296.949,117.865,2.3427,46.6247,45.7696,3.58083,2.6417e-05,216.102,220.14,16,2,-6.27462,
Hf4Pt4Si4,62,oP12,0.0,metal,16.1089,13.8015,193.307,349.001,152.44,2.11185,34.3026,33.7105,6.18341,2.7564e-05,183.135,186.351,12,3,-7.42333,
Hf4Re8,194,hP12,0.0,metal,17.4469,17.4773,209.363,239.97,104.83,1.98359,35.2628,34.8864,3.24299,1.8044e-05,251.705,254.421,12,2,-10.0464,
Hf4Rh4Si4,62,oP12,0.0,metal,15.7605,10.8691,189.126,394.976,172.532,2.05446,33.6585,33.1067,7.28241,2.6882e-05,183.421,186.479,12,3,-7.4938,
Hf4S2,194,hP6,0.0,metal,19.4875,11.0501,116.925,319.974,176.103,1.92758,17.3299,17.0331,9.52257,2.99202e-05,129.019,131.267,6,2,-9.04345,-1.0327
Hf4Tc8,194,hP12,0.0,metal,17.0661,12.2048,204.793,200.02,87.358,1.95656,35.6695,35.2231,1.31063,2.14574e-05,215.914,218.65,12,2,-8.34946,
Hf5P7Pd9,38,oS42,0.0,metal,15.6414,10.4488,328.468,312.97,113.45,2.24499,61.2258,59.7661,1.95839,3.59851e-05,155.466,159.263,21,3,-6.20974,
Hf6In8,127,tP14,0.0,metal,23.5035,10.04,329.049,230.94,95.845,2.07713,42.017,40.8222,2.02166,4.62476e-05,76.5004,78.7395,14,2,-5.79199,
Hf6Ni16Si7,225,cF116,0.0,metal,12.5838,10.0406,364.93,438.04,142.563,2.11074,80.2464,78.5386,3.56475,3.4094e-05,181.419,185.364,29,3,-5.1949,
Hf6Ni4Si6,63,oS32,0.0,metal,15.1861,10.075,242.977,402.061,159.534,1.97851,44.8216,44.0155,6.07374,3.06695e-05,159.737,162.663,16,3,-7.12145,
Hf6Rh10,55,oP16,0.0,metal,16.1646,13.4829,258.633,293.022,116.277,2.10262,46.6126,45.8221,2.9963,2.7187e-05,187.114,190.342,16,2,-7.13719,
Hf6Sb6,63,oS24,0.0,metal,23.091,10.7955,277.093,278.937,121.864,2.03072,35.2565,34.5242,4.34719,3.45347e-05,100.615,102.749,12,2,-7.58152,-0.660386
Hf6Si4,127,tP10,0.0,metal,18.1164,10.8459,181.164,361.948,168.026,1.8334,28.3852,27.9557,9.74129,2.77845e-05,139.801,141.949,10,2,-8.94253,-0.801276
Hf8Ni2P2,124,tP12,0.0,metal,17.8676,12.4476,214.412,245.974,107.45,1.84664,35.4275,34.8376,3.00346,3.03669e-05,135.446,137.74,12,3,-8.48434,
Hf8Ni8Sn4,136,tP20,0.0,metal,16.8813,11.6672,337.625,309.007,113.837,2.05142,58.2451,57.0004,2.9298,3.51669e-05,134.669,137.609,20,3,-6.01355,
Hg10Pd4,127,tP14,0.0,metal,21.0533,13.6986,294.747,105.068,43.5659,3.25283,48.3764,41.7903,0.0851389,0.000145895,46.2104,53.4931,14,2,-1.06146,
Hg1Ho1,221,cP2,0.0,metal,25.4377,11.9303,50.8754,147.017,116.674,2.09811,6.14135,5.93211,2.46276,5.48369e-05,61.5813,63.7534,2,2,-2.92105,-0.486306
Hg1La1,221,cP2,0.0,metal,30.3364,9.29158,60.6727,141.008,111.912,2.11853,6.18542,5.938,2.09781,6.34763e-05,45.3359,47.2249,2,2,-3.01999,
Hg1Li1,221,cP2,0.0,metal,18.6693,9.22941,37.3386,157.201,124.611,2.36595,6.88486,5.93402,1.19085,0.00021634,23.479,27.2411,2,2,-1.47764,-0.374713
Hg1Mg1,221,cP2,0.0,metal,21.3424,8.74897,42.6847,196.063,155.565,2.53473,6.57121,5.88921,2.26162,0.000141836,34.8832,38.9228,2,2,-1.16681,-0.219661
Hg1Mn1,221,cP2,0.0,metal,20.1946,10.5056,40.3892,154.016,122.23,2.56338,6.46724,5.93,1.19396,0.000112427,46.2479,50.4378,2,2,-3.62977,
Hg1Ni1,123,tP2,0.0,metal,15.4635,13.9213,30.927,163.948,130.167,2.61264,6.23224,5.91746,1.28034,6.63243e-05,103.431,108.933,2,2,-0.964466,
Hg1O2Rb2,139,tI10,2.0066,insulator-direct,26.0244,5.14954,130.122,207.833,121.639,2.33455,15.9102,14.6786,1.33742,0.00011613,31.2409,33.8622,5,3,-3.46,-1.04243
Hg1P1Pd5,123,tP7,0.0,metal,15.8869,11.4014,111.208,234.12,122.325,2.65417,21.2598,20.4063,1.32462,5.15561e-05,129.162,134.564,7,3,-3.10952,
Hg1P1Pt5,123,tP7,0.0,metal,16.0881,17.7975,112.617,221.036,115.53,2.57734,21.0295,20.4624,1.87905,3.53441e-05,183.196,188.274,7,3,-3.64251,
Hg1Pd1,123,tP2,0.0,metal,18.0357,14.1322,36.0714,183.075,145.247,2.8569,6.26788,5.89841,1.83017,7.05757e-05,91.8667,97.621,2,2,-1.6913,
Hg1Pt1,123,tP2,0.0,metal,17.8754,18.3784,35.7508,176.006,139.691,2.76796,6.15339,5.90409,2.23816,4.95932e-05,127.156,132.525,2,2,-1.94602,
Hg1Pt3,221,cP4,0.0,metal,16.5432,19.7204,66.1728,99.9934,62.9961,2.71139,12.3254,11.9358,0.26108,3.97559e-05,168.003,173.488,4,2,-2.72215,
Hg1S1,225,cF8,0.0,metal,21.6995,8.90169,43.399,149.055,118.261,2.40281,6.27839,5.93245,1.15315,7.86025e-05,57.929,61.307,2,2,-2.16722,0.046371
Hg1S1,216,cF8,0.0,metal,27.0802,7.13298,54.1604,164.108,130.167,2.33678,6.26105,5.91759,1.75868,8.05871e-05,43.8374,46.3817,2,2,-2.34783,-0.134237
Hg1Sc1,221,cP2,0.0,metal,22.516,9.05441,45.0321,214.939,170.646,2.27919,6.09616,5.85562,4.15842,5.90776e-05,68.7066,71.529,2,2,-3.17209,
Hg1Se1,216,cF8,0.0,metal,30.6623,7.56961,61.3247,140.015,111.118,2.38609,6.32286,5.94065,1.31205,8.71074e-05,36.5657,38.9182,2,2,-2.10448,-0.21274
Hg1Se1,225,cF8,0.0,metal,24.3317,9.53909,48.6633,136.928,108.737,2.48299,6.33489,5.9435,1.04403,8.54246e-05,49.1342,52.3698,2,2,-1.94416,-0.0524155
Hg1Sr1,221,cP2,0.0,metal,32.0612,7.46361,64.1223,151.891,120.642,2.28915,6.50912,5.93223,1.92926,0.000133873,21.9826,24.1204,2,2,-1.52855,-0.536363
Hg1Tb1,221,cP2,0.0,metal,26.0521,11.4576,52.1042,137.006,108.737,2.0183,6.13723,5.941,2.15168,5.35974e-05,58.9151,60.861,2,2,-2.94526,
Hg1Te1,225,cF8,0.0,metal,28.8745,9.43692,57.749,131.972,104.768,2.58451,6.40094,5.94824,1.0645,9.45865e-05,38.9711,41.9371,2,2,-1.73663,-0.0155075
Hg1Te1,216,cF8,0.0,metal,36.6431,7.43623,73.2862,129.078,102.387,2.45944,6.38211,5.95004,1.19772,9.50758e-05,28.9731,31.0771,2,2,-1.8898,-0.168684
Hg1Ti1,123,tP2,0.0,metal,20.1178,10.2553,40.2356,235.995,187.313,2.59574,6.14691,5.83047,4.04016,6.95953e-05,73.277,77.254,2,2,-2.73604,
Hg1Y1,221,cP2,0.0,metal,25.9096,9.27685,51.8193,173.998,138.104,2.1383,6.12278,5.90524,3.12497,5.62349e-05,59.7137,61.9135,2,2,-3.89453,-0.512532
Hg1Yb1,221,cP2,0.0,metal,27.6847,11.2053,55.3693,140.959,111.912,2.43934,6.52988,5.94297,1.65136,0.000130311,27.5606,30.2824,2,2,-1.24906,
Hg2Ho1,191,hP3,0.0,metal,24.0539,13.027,72.1617,170.1,117.871,2.55299,9.38452,8.86797,1.92911,7.4122e-05,58.1453,61.5322,3,2,-2.10037,-0.376928
Hg2In4S8,227,cF56,0.4217,insulator-indirect,23.9561,5.53012,335.385,231.009,95.845,2.27165,42.6777,40.8423,0.939312,6.46337e-05,59.0327,61.6854,14,3,-3.6312,
Hg2K2Sb2,194,hP6,0.0,metal,36.1306,5.53716,216.784,159.12,87.5011,2.36414,19.4847,17.7811,0.858288,0.00013014,20.4668,22.4277,6,3,-2.211,-0.448796
Hg2La1,191,hP3,0.0,metal,27.264,10.9648,81.7921,153.097,106.084,2.55934,9.46626,8.89334,1.39155,8.12469e-05,47.2522,50.2962,3,2,-2.25024,
Hg2Mg1,139,tI6,0.0,metal,22.6152,10.4139,67.8455,123.156,85.2834,3.28542,13.0314,8.95053,0.314324,0.000371891,18.479,26.9041,3,2,-0.855216,-0.123504
Hg2Pb2Sr2,186,hP6,0.0,metal,31.3157,8.7565,187.894,151.997,83.6488,2.31232,19.1009,17.794,1.02997,0.000102911,28.9318,31.0568,6,3,-2.37749,-0.48113
Hg2Pt1,123,tP3,0.0,metal,22.8836,14.4227,68.6507,143.033,99.1507,2.90672,9.49152,8.90812,0.900617,7.2443e-05,71.9954,76.7104,3,2,-1.47652,
Hg2Rh1,123,tP3,0.0,metal,22.0527,12.6523,66.158,204.006,141.446,2.73288,9.29434,8.80893,2.48734,6.54827e-05,76.8108,81.0434,3,2,-1.52793,
Hg2Sn2Sr2,186,hP6,0.0,metal,30.0958,7.48359,180.575,181.969,100.158,2.35824,18.9705,17.701,1.37049,9.80868e-05,32.4714,34.8001,6,3,-2.46466,
Hg2Sn2Yb2,186,hP6,0.0,metal,27.7614,9.81601,166.568,159.933,88.0514,2.38189,19.0125,17.7693,1.06987,9.55799e-05,36.6466,39.2103,6,3,-2.20492,
Hg2Ti6,223,cP8,0.0,metal,18.5018,7.72501,148.015,397.888,199.0,1.95196,22.5244,22.048,9.62683,3.66215e-05,108.249,110.588,8,2,-3.77021,
Hg2Y1,191,hP3,0.0,metal,24.3828,11.1254,73.1484,184.923,128.272,2.55709,9.35696,8.84368,2.15556,7.39547e-05,57.2206,60.5417,3,2,-2.75984,-0.404896
Hg2Zr6,223,cP8,0.0,metal,21.9496,8.96955,175.596,292.954,146.5,2.04634,23.4448,22.9212,5.04883,3.69556e-05,98.6064,100.859,8,2,-6.65954,-0.176596
Hg33K3,221,cP36,0.0,metal,30.1819,10.2956,1086.55,53.9148,16.3541,2.6434,119.042,107.97,0.0118133,8.00767e-05,58.6375,64.6505,36,2,-0.468198,-0.101066
Hg33Rb3,221,cP36,0.0,metal,30.5865,10.3692,1101.11,59.1191,17.8684,3.06809,112.807,107.958,0.0115074,5.30453e-05,57.998,60.6029,36,2,-0.467718,-0.111763
Hg3La3Pd3,189,hP9,0.0,metal,24.459,10.0907,220.131,180.959,87.0157,2.32571,27.6312,26.5419,1.08301,5.78101e-05,66.4771,69.2056,9,3,-3.27403,
Hg3Zr1,221,cP4,0.0,metal,22.0092,13.0711,88.0368,129.958,81.8949,2.68336,12.572,11.8961,0.569409,6.86599e-05,72.855,76.9941,4,2,-2.423,-0.0614643
Hg4K2,74,oI12,0.0,metal,33.8875,7.19143,203.325,78.0329,42.9251,2.76869,23.351,17.9616,0.0863275,0.000373245,7.81989,10.1663,6,2,-0.842237,-0.276195
Hg4Mg8,62,oP12,0.0,metal,21.5523,6.40004,258.628,177.887,77.7487,2.29476,38.4585,35.4417,0.469656,0.000117589,37.273,40.4456,12,2,-1.36783,-0.205236
Hg4O14Sb4,227,cF88,0.0,metal,13.3415,8.56176,293.512,397.052,141.683,2.51309,63.0366,60.7076,2.0121,5.04491e-05,140.965,146.373,22,3,-4.98453,-1.08469
Hg4O4,62,oP8,,,18.2554,9.85067,146.043,239.028,119.5,2.42119,24.5854,23.3041,1.63273,7.39417e-05,72.1194,76.0847,8,2,-2.91521,-0.299221
Hg4Pt1,229,cI10,0.0,metal,25.6114,12.9341,128.057,163.142,95.323,3.13349,16.8314,14.8115,0.84306,0.000132025,39.7849,45.2105,5,2,-1.06311,
Hg4Sr12,62,oP16,0.0,metal,44.5886,4.31488,713.417,111.066,44.0504,1.84895,50.8039,47.7017,0.26684,0.00011258,15.2034,16.1922,16,2,-1.62168,-0.28382
Hg4Sr6,127,tP10,0.0,metal,36.9713,5.96498,369.713,127.014,58.9482,2.06024,32.0502,29.7619,0.466483,0.000119162,19.1479,20.6202,10,2,-1.57844,-0.447981
Hg4Th2,194,hP6,0.0,metal,27.2101,12.8811,163.261,175.974,96.8565,2.523,18.4283,17.7097,1.60964,5.24881e-05,71.8706,74.7869,6,2,-2.61194,
Hg6Mg10,193,hP16,0.0,metal,22.176,6.77005,354.816,222.979,88.4976,2.33793,50.721,46.8205,0.804725,0.000113599,37.6848,40.8242,16,2,-1.31885,-0.210112
Hg6Y2,194,hP8,0.0,metal,23.9993,11.9472,191.994,139.011,69.5,2.63819,25.5277,23.7709,0.466969,8.95239e-05,50.693,54.4396,8,2,-2.20079,-0.359373
Hg6Y2,194,hP8,0.0,metal,24.034,11.9299,192.272,138.985,69.5,2.63095,25.5235,23.7709,0.469715,8.95491e-05,50.5481,54.2749,8,2,-2.20078,-0.359371
Hg6Yb2,194,hP8,0.0,metal,25.9265,12.4063,207.412,104.902,52.5,2.9585,29.2508,23.8876,0.180828,0.000228395,21.5984,26.4477,8,2,-0.882338,
Hg8I16,137,tP24,1.4041,insulator-direct,45.7916,5.49262,1099.0,137.848,47.8419,2.46867,78.5783,71.3378,0.276021,0.000130842,16.8999,18.6151,24,2,-1.42708,-0.315241
Ho10Ni4Sb2,140,tI32,0.0,metal,23.9175,9.23201,382.68,173.951,69.0519,1.83602,48.502,47.2286,0.971491,4.8294e-05,64.5927,66.3342,16,3,-4.38726,
Ho10Sb6,193,hP16,0.0,metal,27.1657,9.09179,434.652,220.034,87.3071,2.04545,48.1214,46.7805,1.81032,4.6109e-05,65.8128,67.6993,16,2,-5.31159,-0.997683
Ho12Ru4,62,oP16,0.0,metal,25.9246,9.54162,414.794,201.985,80.1638,1.72595,47.9238,46.9513,2.00312,3.96549e-05,67.5491,68.9483,16,2,-5.22738,
Ho16In4Rh4,216,cF96,0.0,metal,25.9856,9.34516,623.654,213.933,74.1897,1.82703,71.9866,70.2483,1.5774,4.46574e-05,63.1911,64.7548,24,3,-4.71412,
Ho16O24,206,cI80,3.9518,insulator-indirect,14.9109,8.41601,596.435,375.988,109.943,1.99368,113.701,111.256,2.16045,3.64747e-05,139.743,142.815,40,2,-8.42363,-3.63748
Ho16O24,206,cI80,3.9506,insulator-indirect,14.9256,8.40769,597.025,374.928,109.651,1.98742,113.692,111.272,2.1579,3.62613e-05,139.961,143.005,40,2,-8.42362,-3.63747
Ho1In1,221,cP2,0.0,metal,26.0892,8.90284,52.1785,169.033,134.135,1.90685,6.09591,5.91006,3.56085,5.4261e-05,54.3036,56.0113,2,2,-4.03313,
Ho1In1Pt4,216,cF24,0.0,metal,18.1384,16.1752,108.83,228.961,126.024,2.44231,17.965,17.503,2.78102,3.5605e-05,151.336,155.332,6,3,-4.39801,
Ho1In3,221,cP4,0.0,metal,24.5353,8.61883,98.1412,191.064,120.322,1.99218,12.2475,11.7724,2.63072,6.57659e-05,49.8452,51.8569,4,2,-3.48343,
Ho1Ir1,221,cP2,0.0,metal,19.5148,15.1952,39.0297,221.952,176.202,2.06441,5.96002,5.84243,7.85403,3.22424e-05,131.487,134.133,2,2,-6.22893,
Ho1Ir1Si3,107,tI10,0.0,metal,16.9565,8.64535,84.7825,344.063,201.172,2.03708,14.3762,14.0781,7.70025,3.43249e-05,135.676,138.549,5,3,-6.1751,
Ho1Ir2Si2,139,tI10,0.0,metal,16.2731,12.3581,81.3655,392.941,229.828,2.12233,14.0412,13.8037,14.2106,2.68769e-05,183.92,187.084,5,3,-6.63809,
Ho1Mg1,221,cP2,0.0,metal,26.8508,5.85147,53.7015,200.003,158.74,1.54628,6.02713,5.87393,6.36478,5.69085e-05,39.7344,40.7707,2,2,-3.15687,-0.0757965
Ho1Mn6Sn6,191,hP13,0.0,metal,18.9075,8.15211,245.798,209.0,88.8857,3.60397,40.0297,38.129,0.30926,4.39753e-05,151.889,159.46,13,3,-4.27559,
Ho1N1,225,cF8,0.0858,insulator-indirect,14.5218,10.2306,29.0435,468.949,372.246,1.99138,5.43539,5.33368,36.4121,3.17878e-05,157.59,160.595,2,2,-8.19833,-1.75465
Ho1Ni1Sb1,216,cF12,0.08,insulator-indirect,20.9655,9.11818,62.8965,297.018,205.928,2.11928,8.84146,8.58633,8.97175,4.62639e-05,85.354,87.8901,3,3,-4.47881,
Ho1Ni2Si2,139,tI10,0.0,metal,14.6963,7.64902,73.4816,403.887,236.261,2.05303,14.0909,13.7498,8.9937,3.99712e-05,130.954,134.202,5,3,-4.71603,
Ho1Os2Si2,139,tI10,0.0,metal,16.7372,11.9353,83.6858,361.063,211.114,2.05618,14.2013,13.9798,11.827,2.55812e-05,184.308,187.229,5,3,-7.05979,
Ho1P1,225,cF8,0.0,metal,22.4258,7.25296,44.8516,333.0,264.302,1.79029,5.76711,5.65353,20.7779,3.71011e-05,83.6822,85.3634,2,2,-6.6079,-1.6615
Ho1P2Ru2,139,tI10,0.0,metal,15.535,9.17155,77.6752,459.02,268.425,2.18804,13.6544,13.3986,14.7885,2.89657e-05,178.623,182.033,5,3,-6.45106,
Ho1Pd1,221,cP2,0.0,metal,21.1595,10.6466,42.3191,194.939,154.772,2.07539,6.05443,5.87986,4.11184,4.70249e-05,84.0795,86.5759,2,2,-4.51106,
Ho1Pd1Sb1,216,cF12,0.5462,insulator-indirect,25.394,8.56797,76.1821,118.037,81.8166,2.12169,9.24178,8.93403,0.679423,5.32734e-05,64.091,66.2987,3,3,-4.54403,
Ho1Pd2Sn1,225,cF16,0.0,metal,19.5044,10.5659,78.0175,201.022,126.622,2.35184,12.1662,11.7478,1.92516,4.97485e-05,97.5389,101.013,4,3,-4.28938,
Ho1Pd3,221,cP4,0.0,metal,17.0924,11.7584,68.3696,278.896,175.759,2.35789,11.8987,11.514,4.79181,4.67302e-05,115.279,119.13,4,2,-4.07448,
Ho1Pt1Sb1,216,cF12,0.1607,insulator-direct,23.6626,11.2695,70.9879,235.017,162.94,2.22432,8.9729,8.73874,5.79693,3.97381e-05,94.6722,97.209,3,3,-5.33943,
Ho1Pt3,221,cP4,0.0,metal,17.0018,18.3177,68.0073,240.074,151.191,2.4338,11.9396,11.636,4.39442,3.5344e-05,161.136,165.341,4,2,-4.90055,
Ho1Rh1,221,cP2,0.0,metal,19.5569,11.3707,39.1139,234.026,185.726,2.01071,5.96087,5.82682,7.32271,3.77858e-05,108.311,110.803,2,2,-5.21164,
Ho1Rh2Si2,139,tI10,0.0,metal,16.1695,8.76841,80.8476,420.99,246.202,2.134,13.9179,13.6411,12.1715,3.15209e-05,155.863,159.025,5,3,-5.7944,
Ho1Rh3Si2,191,hP6,0.0,metal,15.8991,9.22257,95.3947,426.918,234.987,2.16715,16.6474,16.3254,11.1814,3.01616e-05,167.884,171.196,6,3,-5.57747,
Ho1Ru2Si2,139,tI10,0.0,metal,16.5243,8.50637,82.6215,411.952,240.939,2.03389,13.9345,13.694,12.6234,2.86074e-05,161.735,164.574,5,3,-6.32895,
Ho1S1,225,cF8,0.0,metal,20.7115,7.89684,41.423,284.05,225.411,2.04008,5.8971,5.74736,9.49212,4.19835e-05,93.1625,95.5897,2,2,-6.32618,-1.97867
Ho1Sb1,225,cF8,0.0,metal,29.459,8.07976,58.9181,224.95,178.583,1.84133,5.98123,5.83969,9.65912,4.33784e-05,57.91,59.3136,2,2,-5.46199,-1.233
Ho1Se1,225,cF8,0.0,metal,23.5747,8.5895,47.1494,204.988,162.709,2.14469,6.05392,5.86687,4.13686,4.86721e-05,75.9608,78.3826,2,2,-5.75074,-1.72508
Ho1Sn3,221,cP4,0.0,metal,26.985,8.01502,107.94,126.038,79.375,2.11216,12.3656,11.9005,0.698719,6.08903e-05,52.4213,54.4702,4,2,-4.30173,
Ho1Te1,225,cF8,0.0,metal,28.8109,8.43012,57.6217,173.003,137.31,2.01842,6.0749,5.90465,3.6382,4.69585e-05,60.7326,62.4837,2,2,-5.10203,-1.247
Ho1Tl1,221,cP2,0.0,metal,26.9307,11.3855,53.8615,129.057,102.387,2.06602,6.17612,5.94791,1.77377,6.08077e-05,51.3214,53.2905,2,2,-3.79392,-0.328217
Ho1Tl3,221,cP4,0.0,metal,26.8524,12.0284,107.41,105.935,66.7758,2.43723,12.8104,11.9326,0.456274,9.57726e-05,39.4906,42.3956,4,2,-3.11488,-0.200661
Ho1Zn1,221,cP2,0.0,metal,22.3275,8.56431,44.6551,199.013,157.946,1.63011,6.02995,5.87415,6.39909,5.40458e-05,53.7458,55.1713,2,2,-2.80183,
Ho2,194,hP2,0.0,metal,31.3672,8.7312,62.7344,192.023,152.391,1.31226,5.97721,5.88065,14.7772,4.15356e-05,40.3831,41.0462,2,1,-4.56848,0.0001815
Ho2In1Ni2,65,oS10,0.0,metal,19.8307,9.41295,99.1533,245.94,143.862,1.97017,14.9578,14.5243,4.07935,4.99291e-05,78.417,80.7571,5,3,-3.67606,
Ho2In2Zn2,194,hP6,0.0,metal,22.4758,8.49955,134.855,257.115,141.433,2.09182,18.0767,17.3846,3.84946,6.23353e-05,59.3145,61.6757,6,3,-2.93798,
Ho2Ir4,227,cF24,0.0,metal,17.6105,17.2672,105.663,287.035,157.942,2.18136,17.5043,17.2163,7.16704,2.53972e-05,192.187,195.402,6,2,-6.36348,
Ho2Mg2Sn2,139,tI12,0.0,metal,25.7721,6.61337,154.633,261.001,143.634,1.94064,17.9277,17.3589,4.42545,5.56078e-05,53.7996,55.5623,6,3,-3.85227,
Ho2Ni1Sn6,65,oS18,0.0,metal,24.9881,8.12715,224.893,234.04,112.495,2.19365,27.2701,26.2359,2.19898,5.89378e-05,59.6938,62.0468,9,3,-4.12811,
Ho2Pd6S8,223,cP16,0.0,metal,18.7713,6.77141,300.341,240.995,95.6409,2.17862,48.053,46.546,0.94594,4.89034e-05,94.5771,97.6392,16,3,-4.55683,
Ho2Pt4,227,cF24,0.0,metal,18.4908,16.617,110.945,251.981,138.681,2.31152,17.7919,17.3983,4.40013,3.23122e-05,153.682,157.158,6,2,-4.99768,
Ho2Rh4,227,cF24,0.0,metal,17.5026,11.7246,105.015,289.04,159.043,2.15498,17.5801,17.2105,5.07051,3.29429e-05,146.513,149.66,6,2,-4.87521,
Ho2S4,129,tP6,0.0,metal,19.5469,6.48606,117.281,322.096,177.203,1.90494,17.4546,17.0269,5.86956,4.3537e-05,87.3184,89.5117,6,2,-5.93736,-1.66357
Ho2Si2,63,oS8,0.0,metal,21.3616,7.50203,85.4464,349.008,219.856,1.94446,11.5051,11.2413,12.191,3.98938e-05,88.2109,90.2806,4,2,-5.8281,-0.83191
Ho2Si2Ti2,129,tP6,0.0,metal,20.8453,6.39713,125.072,359.029,197.565,1.9679,17.2071,16.7969,8.15451,4.09682e-05,88.4336,90.5935,6,3,-5.63138,
Ho2Sn4,63,oS12,0.0,metal,26.9307,8.2688,161.584,223.094,122.722,2.08409,18.1483,17.5321,3.13065,5.55502e-05,55.9661,57.933,6,2,-4.54732,
Ho2Te4,129,tP6,0.0,metal,29.0611,8.00204,174.366,177.979,97.9572,1.92534,18.1921,17.6972,2.02604,4.78533e-05,56.2238,57.7964,6,2,-4.74496,-1.1278
Ho2Zn4,74,oI12,0.0,metal,19.7341,8.2937,118.405,241.944,133.178,1.92751,18.1335,17.4525,3.15952,6.58238e-05,59.0898,61.3955,6,2,-2.13614,
Ho3In1N1,221,cP5,0.0,metal,22.0045,9.41208,110.023,307.069,179.535,1.96147,14.6135,14.2635,9.15715,4.13144e-05,84.6623,86.7401,5,3,-5.93825,
Ho3In3Ir3,189,hP9,0.0,metal,21.003,12.4383,189.027,201.957,97.1115,2.10672,27.0409,26.4124,1.87356,3.73419e-05,108.166,110.74,9,3,-5.15408,
Ho3In3Pd3,189,hP9,0.0,metal,21.6805,9.8586,195.124,195.985,94.227,2.16105,27.331,26.4587,1.34196,4.98703e-05,80.7568,83.4192,9,3,-4.09371,
Ho3In3Pt3,189,hP9,0.0,metal,21.4632,12.2456,193.169,192.059,92.304,2.17565,27.2152,26.4742,1.52288,4.23157e-05,96.511,99.2124,9,3,-4.6062,
Ho3Ir3Sn3,189,hP9,0.0,metal,21.1702,12.4412,190.532,229.01,110.092,2.16931,26.8721,26.2537,2.5893,3.58244e-05,114.748,117.45,9,3,-5.59169,
Ho3Pt3Sn3,189,hP9,0.0,metal,21.8467,12.1287,196.62,240.002,115.38,2.23228,26.8932,26.1808,2.84957,4.02229e-05,101.395,104.154,9,3,-5.01001,
Ho3Rh3Sn3,189,hP9,0.0,metal,21.1169,10.1316,190.052,242.069,116.341,2.15844,26.8541,26.1641,2.50927,4.03448e-05,100.96,103.623,9,3,-4.95742,
Ho3Sn7,65,oS20,0.0,metal,26.8235,8.20642,268.235,209.035,97.0092,2.09653,30.3915,29.3165,1.78674,5.74087e-05,54.9947,57.0113,10,2,-4.45678,
Ho4In2,194,hP6,0.0,metal,27.8245,8.84603,166.947,185.949,102.36,1.8294,18.1794,17.6709,2.70017,5.16484e-05,51.5168,52.9994,6,2,-4.26175,
Ho4In2Pd4,127,tP10,0.0,metal,21.7794,10.0257,217.794,215.986,100.258,2.11133,30.1875,29.2687,1.80167,4.87736e-05,79.7507,82.2541,10,3,-4.29996,
Ho4Ir4Si4,62,oP12,0.0,metal,17.6926,12.0521,212.311,320.957,140.21,2.04463,34.6862,34.0551,5.10476,3.00192e-05,150.094,152.875,12,3,-6.432,
Ho4Ir4Si4,62,oP12,0.0,metal,17.7,12.0471,212.4,320.062,139.773,2.04755,34.6969,34.0637,5.04168,3.00748e-05,150.006,152.794,12,3,-6.43201,
Ho4Mg2Se8,227,cF56,1.3246,insulator-direct,28.2588,5.62441,395.623,211.024,87.5467,1.90502,42.221,41.0198,1.32939,5.05198e-05,53.8982,55.4765,14,3,-5.2274,-1.70433
Ho4Mg8,194,hP12,0.0,metal,25.6564,4.60693,307.877,210.967,92.1627,1.69106,36.3687,35.1587,1.37806,6.67085e-05,39.727,41.0941,12,2,-2.65425,-0.0690443
Ho4Mg8,194,hP12,0.0,metal,25.6537,4.60743,307.844,211.934,92.5995,1.68703,36.3628,35.154,1.40506,6.67084e-05,39.6905,41.0553,12,2,-2.65407,-0.0688643
Ho4O14Ru4,227,cF88,0.5524,insulator-indirect,12.1709,7.98764,267.759,486.072,173.445,2.12943,59.465,58.19,4.36323,3.41245e-05,185.424,189.487,22,3,-7.36749,
Ho4O14Sn4,227,cF88,2.1953,insulator-direct,13.3929,7.65603,294.643,469.877,167.735,2.13811,60.098,58.6742,4.25834,3.75956e-05,155.019,158.78,22,3,-7.10373,
Ho4Os8,194,hP12,0.0,metal,17.9024,16.8607,214.829,216.042,94.3467,2.25814,35.7065,35.1028,1.78066,2.50683e-05,203.528,207.028,12,2,-7.2246,
Ho4Os8,194,hP12,0.0,metal,17.8945,16.8682,214.734,211.996,92.5995,2.25537,35.7338,35.1323,1.68806,2.50426e-05,203.204,206.683,12,2,-7.22459,
Ho4Pd4Sn4,62,oP12,0.0,metal,22.3438,9.66183,268.125,214.934,93.9099,2.24595,36.2542,35.1296,1.37031,4.67819e-05,86.4846,89.253,12,3,-4.51567,
Ho4Pt8Si4,62,oP16,0.0,metal,17.377,13.9325,278.032,257.039,101.991,2.24323,47.3965,46.3291,1.99643,3.39039e-05,151.5,154.991,16,3,-5.48254,
Ho4Re8,194,hP12,0.0,metal,18.766,15.8489,225.192,209.973,91.7259,1.92732,35.5768,35.147,2.3117,2.10066e-05,197.055,199.465,12,2,-8.10536,
Ho4Rh4Si4,62,oP12,0.0,metal,17.7979,9.20316,213.574,331.987,145.014,2.03114,34.6444,33.9309,4.41608,3.42368e-05,129.128,131.844,12,3,-5.69995,
Ho4Rh4Zn4,62,oP12,0.0,metal,18.3739,10.0381,220.486,213.038,93.0363,2.01061,36.1266,35.1419,1.3582,4.59198e-05,95.2618,97.9312,12,3,-3.77053,
Ho4Rh6Sn10,36,oS40,0.0,metal,21.6612,9.44467,433.225,237.946,87.6799,2.29877,60.0334,58.2187,1.1783,4.4616e-05,95.2517,98.2207,20,3,-4.59771,
Ho4Si4,62,oP8,0.0,metal,21.3272,7.51414,170.617,353.001,176.5,1.95451,22.9905,22.4551,7.85138,4.02833e-05,87.9094,90.0056,8,2,-5.83068,-0.834481
Ho5S7,12,mS24,0.0,metal,22.6058,6.42176,271.269,296.938,129.727,1.92405,35.1766,34.3394,3.41049,4.18562e-05,79.9423,81.8914,12,2,-6.38558,-2.07492
Ho6Tl10,63,oS32,0.0,metal,26.8645,11.7183,429.832,139.065,55.1622,2.32632,50.0619,47.5273,0.439519,7.42719e-05,47.7762,50.3242,16,2,-3.46587,-0.275905
Ho8S12,62,oP20,0.6135,insulator-direct,21.3422,6.62965,426.845,314.001,115.679,1.88944,58.2686,56.9181,2.85149,4.14669e-05,83.5391,85.5213,20,2,-6.37481,-2.07152
Ho8Sb6,220,cI28,0.0,metal,27.4074,8.87146,383.704,208.0,86.302,1.95915,42.139,41.0434,1.81406,4.48053e-05,64.5002,66.222,14,2,-5.35128,-1.07377
I10In2Sn4,140,tI32,1.4147,insulator-indirect,38.9282,5.26127,622.851,147.961,58.7338,2.22159,51.5171,47.4873,0.431356,0.000121615,19.4033,21.0499,16,3,-2.67027,
I12Rb4Te2,128,tP18,1.4976,insulator-indirect,46.7601,4.18237,841.681,118.927,45.407,2.31615,59.8421,53.6403,0.192162,0.000155568,13.4201,14.9717,18,3,-2.35781,-0.783339
I1K1,221,cP2,3.2862,insulator-indirect,40.286,3.42122,80.572,118.134,93.6567,2.31004,7.21325,5.96453,0.551868,0.000278855,8.40736,10.1675,2,2,-2.73785,-1.43094
I1K1,225,cF8,3.861,insulator-direct,46.1619,2.98573,92.3238,115.836,92.0693,2.35255,7.41137,5.9668,0.525554,0.000311771,6.82571,8.47821,2,2,-2.80859,-1.50168
I1K1O3,221,cP5,0.0,metal,14.8227,4.79478,74.1133,457.167,267.255,2.5939,14.1431,13.4454,4.97774,6.56784e-05,98.1069,103.197,5,3,-4.24627,-0.764823
I1K3O1,221,cP5,1.0374,insulator-direct,30.957,2.79143,154.785,214.127,125.148,2.16846,16.6964,14.6806,1.1755,0.000200555,13.9787,15.8981,5,3,-3.20692,-1.25934
I1Na1,225,cF8,3.6192,insulator-direct,34.1743,3.6417,68.3486,139.821,111.118,2.22993,7.02404,5.94824,0.851748,0.000251236,10.5599,12.4697,2,2,-2.69522,-1.27886
I1Rb1,221,cP2,3.3481,insulator-indirect,45.1543,3.90497,90.3086,108.157,85.7197,2.3365,7.26713,5.97098,0.545854,0.000287291,7.43343,9.04706,2,2,-2.70926,-1.46941
I1Rb1,225,cF8,3.7965,insulator-direct,52.0059,3.39051,104.012,96.863,76.989,2.47534,7.3519,5.97755,0.367039,0.000291558,6.54239,8.0466,2,2,-2.75916,-1.51931
I1Tl1,225,cF8,2.1544,insulator-direct,44.5892,6.16848,89.1784,87.928,69.8456,2.3832,7.16135,5.97994,0.440301,0.00025036,9.02594,10.8091,2,2,-2.62283,-0.682785
I1Tl1,221,cP2,1.7853,insulator-indirect,38.8855,7.07326,77.771,93.8737,74.6078,2.43505,6.9531,5.97669,0.488967,0.000211593,12.0519,14.0208,2,2,-2.57124,-0.631199
I2La10Sn6,193,hP18,0.0,metal,33.5941,6.46704,604.693,214.948,82.0379,1.97154,54.2821,52.6926,1.59877,5.01344e-05,47.3183,48.7456,18,3,-4.90841,
I2La2,194,hP4,0.0,metal,33.8349,6.52268,135.339,221.865,139.851,2.33853,12.3242,11.6968,3.37823,7.49293e-05,37.065,39.0531,4,2,-4.19158,
I2Li2,194,hP4,4.2242,insulator-indirect,27.1945,4.08641,108.778,173.064,108.983,2.11576,13.5174,11.8335,0.932258,0.000211463,15.069,17.2134,4,2,-2.91279,-1.2016
I2Li2,186,hP4,4.382,insulator-direct,33.5343,3.31386,134.137,122.064,76.8552,1.99776,13.5657,11.9177,0.39688,0.000217773,11.231,12.7841,4,2,-2.94913,-1.23794
I4Pb2,186,hP6,2.3519,insulator-indirect,45.9102,5.55813,275.461,134.965,74.2934,2.15742,19.0336,17.8352,0.883902,0.000100493,19.1516,20.4385,6,2,-2.91777,-0.671303
I6Pb3,156,hP9,2.3978,insulator-indirect,46.6372,5.47148,419.735,128.07,61.536,2.14867,28.5713,26.7775,0.584295,0.000100544,18.6621,19.9123,9,2,-2.9199,-0.673429
I6Pd1Rb2,225,cF36,0.0,metal,41.2451,4.64676,371.206,122.015,58.6515,2.49292,30.0998,26.8126,0.263696,0.000153775,16.4883,18.5098,9,3,-2.28405,
I6Pt1Rb2,225,cF36,0.4404,insulator-indirect,42.1489,4.93536,379.34,140.003,67.305,2.44652,29.2467,26.7418,0.453758,0.000122297,19.5616,21.3939,9,3,-2.42637,
I6Rb2Sn1,225,cF36,0.0,metal,46.5516,4.16578,418.964,118.009,56.7285,2.49855,30.7461,26.8273,0.250113,0.000181439,12.4574,14.2772,9,3,-2.48292,
In12Ru4,136,tP16,0.1786,insulator-indirect,22.6683,8.15921,362.692,282.941,112.309,2.3718,47.7637,46.0179,1.97655,5.24579e-05,78.5138,81.4925,16,2,-3.56485,
In14K3Mg20,221,cP37,0.0,metal,25.5534,3.88296,945.475,229.131,68.7229,2.21371,117.199,108.125,0.388592,0.000121184,28.8469,31.2677,37,3,-2.04189,
In14Pt6,229,cI40,0.0,metal,21.5816,10.6874,431.632,226.897,83.6275,2.61545,61.3651,58.4104,0.873517,6.27103e-05,77.788,81.7228,20,2,-3.36249,
In16O24,206,cI80,1.1117,insulator-indirect,13.4272,6.8671,537.088,412.971,120.762,2.20043,112.734,109.553,1.63955,4.36777e-05,140.598,144.68,40,2,-5.67856,-1.63141
In16O24,206,cI80,,,13.6564,6.75186,546.254,406.836,119.008,2.22845,113.136,109.848,1.53544,4.44402e-05,137.943,142.072,40,2,-5.65419,-1.60705
In1Ir1Li2,216,cF16,0.0,metal,15.4308,8.63374,61.7234,231.123,145.521,2.1774,12.2655,11.6719,2.06458,7.61884e-05,74.4187,78.2031,4,3,-3.43107,
In1La1,221,cP2,0.0,metal,31.1935,6.75334,62.3871,179.048,142.072,1.99587,6.10881,5.8999,3.68961,5.80787e-05,44.4721,46.0468,2,2,-4.17513,
In1La1Pt4,216,cF24,0.0,metal,19.1533,14.9421,114.92,204.06,112.266,2.47376,18.1093,17.6049,1.89952,3.81187e-05,136.363,140.27,6,3,-4.41464,
In1La3,221,cP4,0.0,metal,33.5826,6.57065,134.33,141.946,89.4544,1.90763,12.3155,11.8732,1.37201,6.43229e-05,35.752,37.0841,4,2,-4.50842,
In1La3N1,221,cP5,0.0,metal,28.0642,6.45588,140.321,275.074,160.821,1.91413,14.7704,14.4049,6.58575,4.37533e-05,61.7407,63.3075,5,3,-5.83365,
In1Li1Sn1,216,cF12,0.0,metal,26.3992,5.04155,79.1976,207.086,143.526,2.21037,9.54565,8.8096,2.0846,0.000121339,28.0134,30.354,3,3,-2.93049,
In1Li2Mg1,225,cF16,0.0,metal,18.9173,3.35769,75.6693,300.766,189.618,1.94006,12.6265,11.4721,3.02073,0.000166216,24.0628,26.4841,4,3,-2.22734,
In1Li2Pd1,216,cF16,0.0,metal,16.291,5.99099,65.1639,218.985,137.961,2.27113,12.7066,11.717,1.20253,0.000118934,47.3167,51.3131,4,3,-2.77209,
In1Li2Pt1,216,cF16,0.0,metal,16.0238,8.38861,64.0952,202.113,127.252,2.23236,12.4885,11.753,1.33683,9.08975e-05,62.0424,65.9249,4,3,-3.10147,
In1Mg3,221,cP4,0.0,metal,22.6297,3.44394,90.5188,251.977,158.75,2.04849,12.4015,11.6188,2.0439,0.000106553,33.6219,35.8868,4,2,-1.92309,
In1Mn1Pd2,225,cF16,0.0,metal,16.7354,9.48967,66.9415,232.951,146.781,2.39909,12.1445,11.664,2.11036,5.60969e-05,101.652,105.839,4,3,-4.32882,
In1Mn1Ti2,216,cF16,0.1349,insulator-direct,16.4849,6.68746,65.9398,180.042,113.393,2.06924,12.1269,11.7945,0.923756,4.45349e-05,114.202,117.42,4,3,-4.02649,
In1N1,225,cF8,0.0,metal,12.8256,8.33968,25.6511,468.957,372.246,2.29226,5.50109,5.33873,18.5531,4.38693e-05,148.998,153.529,2,2,-5.24527,0.274652
In1N1,216,cF8,0.0,metal,15.9634,6.7004,31.9267,370.978,294.463,2.18119,5.74597,5.57577,10.9721,4.61921e-05,113.718,117.189,2,2,-5.43457,0.085359
In1N1Sc3,221,cP5,0.0,metal,18.7476,4.67126,93.7381,489.155,285.969,1.94291,13.5118,13.2043,15.1759,3.97301e-05,94.1997,96.3929,5,3,-6.30762,
In1N1Tb3,221,cP5,0.0,metal,22.8138,8.81594,114.069,305.02,178.365,1.96598,14.622,14.2696,8.78282,4.15188e-05,81.363,83.3724,5,3,-5.9487,
In1Ni1,221,cP2,0.0,metal,15.2142,9.46882,30.4283,281.902,223.824,2.39954,6.00162,5.7543,5.21338,5.87215e-05,105.608,110.147,2,2,-2.46422,
In1Ni2Sc1,225,cF16,0.0,metal,15.4347,7.45442,61.739,344.899,217.336,2.14031,11.6354,11.2656,6.19793,5.05351e-05,104.46,107.889,4,3,-3.36541,
In1Ni2Tb2,65,oS10,0.0,metal,20.4346,8.93955,102.173,251.036,146.786,1.95721,14.9362,14.5042,4.33489,5.00853e-05,75.96,78.2222,5,3,-3.68037,
In1Ni2Ti1,225,cF16,0.0,metal,14.425,8.06097,57.6999,356.053,224.266,1.88751,11.4237,11.2101,8.80582,3.46592e-05,139.381,142.037,4,3,-3.20396,
In1Ni2Zr1,225,cF16,0.0,metal,15.5214,8.65017,62.0857,301.974,190.248,2.25372,11.7953,11.4343,4.33064,4.5934e-05,123.828,127.738,4,3,-4.18124,
In1Ni4Zr1,216,cF24,0.0,metal,13.6704,8.92398,82.0224,350.075,192.612,2.43973,17.5646,16.8728,3.786,5.59351e-05,119.819,124.731,6,3,-3.51389,
In1P1,216,cF8,0.5665,insulator-direct,26.2464,4.612,52.4927,286.11,226.998,2.2078,5.98733,5.7478,6.5522,6.16869e-05,54.05,56.3025,2,2,-4.24706,
In1P1,225,cF8,0.0,metal,20.9712,5.77212,41.9424,294.074,233.348,2.32589,6.00051,5.7337,5.90485,6.54792e-05,66.6587,69.7606,2,2,-4.0034,
In1P1Pd5,123,tP7,0.0,metal,15.6753,10.2573,109.727,291.124,152.123,2.56199,20.8285,20.0845,2.42942,4.74147e-05,135.198,140.206,7,3,-3.62964,
In1P1Pt5,123,tP7,0.0,metal,15.8546,16.7763,110.982,250.033,130.689,2.50564,20.8276,20.3117,2.67249,3.33831e-05,189.65,194.467,7,3,-4.22735,
In1Pd1,221,cP2,0.0,metal,17.636,10.4146,35.272,205.136,162.709,2.86791,6.24174,5.87236,1.82806,7.06979e-05,93.2038,99.0664,2,2,-3.19565,
In1Pd2Sc1,225,cF16,0.0,metal,17.9435,8.6198,71.774,274.108,172.609,2.30292,11.928,11.5338,3.73186,4.87254e-05,103.769,107.315,4,3,-4.12252,
In1Pd3,139,tI8,0.0,metal,16.1947,11.1256,64.779,252.061,158.75,2.57396,12.0754,11.6078,2.57066,5.11752e-05,123.389,128.36,4,2,-3.14752,
In1Pt2Sc1,225,cF16,0.0,metal,17.897,12.7567,71.5878,216.961,136.701,2.28459,12.0255,11.7028,2.77742,3.97365e-05,128.642,132.189,4,3,-4.70455,
In1Pt2Zr1,225,cF16,0.0,metal,18.1425,13.6426,72.5702,158.966,100.164,2.28885,12.1162,11.8379,1.1837,3.38862e-05,151.059,154.611,4,3,-5.42857,
In1Pt3,221,cP4,0.0,metal,16.2014,17.9387,64.8057,214.034,134.812,2.57928,12.0404,11.7107,2.52295,3.59919e-05,177.191,182.179,4,2,-3.76074,
In1Pt4Tb1,216,cF24,0.0,metal,18.2621,15.9747,109.573,229.003,126.024,2.44593,17.9641,17.5002,2.76246,3.57639e-05,149.591,153.556,6,3,-4.41479,
In1Pt5Si1,123,tP7,0.0,metal,15.9093,16.6756,111.365,260.93,136.44,2.48161,20.7526,20.247,3.10674,3.31896e-05,186.378,191.032,7,3,-4.31971,
In1Sb1,216,cF8,0.0,metal,36.1322,5.43606,72.2644,187.066,148.422,2.30156,6.2232,5.89284,3.02331,7.92221e-05,32.5201,34.3433,2,2,-3.4905,
In1Sc3,221,cP4,0.0,metal,24.4349,4.24206,97.7395,324.938,204.737,1.8297,11.6677,11.3418,7.6383,5.17775e-05,55.7154,57.3162,4,2,-4.78059,
In1Sr3,225,cF16,0.0,metal,40.5263,3.8688,162.105,155.054,97.6439,1.9217,12.8459,11.8587,1.33098,0.000136872,14.3381,15.5316,4,2,-2.04539,
In1Te1,221,cP2,0.0,metal,28.7134,7.00976,57.4268,112.954,89.6882,2.18847,6.343,5.9617,0.706838,9.46729e-05,32.7652,34.8609,2,2,-2.95726,
In1Te1,225,cF8,0.0,metal,30.7608,6.5432,61.5216,169.112,134.135,2.35919,6.31049,5.91346,2.05305,9.17594e-05,34.165,36.4589,2,2,-3.1702,
In1Y1,221,cP2,0.0,metal,26.6218,6.35373,53.2435,207.032,164.296,2.01727,6.07428,5.86578,4.24142,5.80643e-05,52.2842,54.1426,2,2,-5.02189,
In1Yb1,221,cP2,0.0,metal,28.4201,8.4096,56.8402,139.967,111.118,2.22282,6.39849,5.94198,1.54544,0.000112204,27.7684,29.9018,2,2,-2.28526,
In1Zr3,221,cP4,0.0,metal,22.3296,7.22232,89.3185,315.068,198.438,1.83812,11.5926,11.3748,10.3661,3.44977e-05,92.7655,94.5417,4,2,-7.30907,
In2Ir1Li1,225,cF16,0.0,metal,17.0624,10.4329,68.2495,250.902,158.12,2.37432,12.1049,11.609,3.03407,5.85339e-05,95.4787,99.5575,4,3,-3.64553,
In2La2Pd4,194,hP8,0.0,metal,22.5171,8.60105,180.137,221.073,110.5,2.29674,24.242,23.3906,1.67289,5.20683e-05,78.3826,81.2355,8,3,-3.95415,
In2La2Zn2,194,hP6,0.0,metal,26.3997,6.69058,158.398,270.021,148.587,2.1425,18.0524,17.3218,4.13547,6.45015e-05,49.743,51.8413,6,3,-3.03278,
In2La4Pd4,127,tP10,0.0,metal,25.4093,7.9132,254.093,205.973,95.6167,2.12665,30.3432,29.3373,1.49168,5.28844e-05,63.5468,65.7256,10,3,-4.28319,
In2La4Rh4,127,tP10,0.0,metal,23.9163,8.31011,239.163,205.008,95.1526,2.04468,30.167,29.3388,1.55122,4.54333e-05,75.4444,77.574,10,3,-4.67417,
In2Li1Pd1,225,cF16,0.0,metal,18.155,7.84264,72.6201,223.8,141.111,2.45558,12.5003,11.6982,1.63892,9.29161e-05,57.0319,60.9425,4,3,-2.9089,
In2Li1Rh1,225,cF16,0.0,metal,17.0522,8.2648,68.2086,259.874,163.79,2.4278,12.2285,11.5878,2.54831,7.30837e-05,78.596,82.9416,4,3,-3.21021,
In2Li2O4,141,tI16,2.0245,insulator-indirect,11.202,5.69821,89.6156,539.241,269.5,2.153,21.3016,20.5841,7.31391,5.36121e-05,125.083,129.443,8,3,-5.38066,-1.75855
In2Li2Se4,122,tI16,1.6333,insulator-direct,26.9898,4.30183,215.918,231.94,116.0,2.13699,24.6902,23.343,1.43985,8.77471e-05,36.3484,38.4462,8,3,-3.76397,
In2Li2Te4,122,tI16,1.4206,insulator-direct,34.1431,4.58334,273.145,183.084,91.5,2.17655,25.1588,23.5955,0.989041,9.82156e-05,26.5677,28.328,8,3,-3.33892,
In2Lu4Pd4,127,tP10,0.0,metal,20.8867,10.7734,208.867,221.066,102.579,2.11005,30.1415,29.2319,1.96599,4.85573e-05,82.7637,85.3392,10,3,-4.30492,
In2N2,186,hP4,0.0,metal,15.8603,6.74396,63.441,369.109,232.455,2.17491,11.499,11.1606,6.83377,4.59968e-05,114.227,117.69,4,2,-5.44544,0.0744882
In2N2Ti4,194,hP8,0.0,metal,14.9892,6.22117,119.914,524.973,262.5,2.02472,21.1392,20.7252,12.393,3.27576e-05,146.053,148.97,8,3,-6.14004,
In2Na10O8,59,oP20,1.8407,insulator-indirect,15.7138,3.10435,314.276,381.001,140.362,2.05512,58.9254,55.6468,1.32893,9.40377e-05,52.188,55.2628,20,3,-4.33069,-1.42843
In2P2,186,hP4,0.6311,insulator-direct,26.2177,4.61705,104.871,285.871,180.169,2.21146,11.9777,11.4956,4.10905,6.19853e-05,53.8779,56.1374,4,2,-4.24179,
In2Pd4Tb4,127,tP10,0.0,metal,22.2239,9.64574,222.239,217.987,101.187,2.09106,30.1551,29.2545,1.86987,4.84017e-05,77.7483,80.1417,10,3,-4.31182,
In2Pd4Th4,127,tP10,0.0,metal,25.4091,10.3478,254.091,183.012,84.9411,2.18629,30.2103,29.4688,1.28568,3.78795e-05,91.989,94.3037,10,3,-4.84314,
In2Pd6,139,tI16,0.0,metal,16.1857,11.1319,129.486,268.018,134.0,2.60702,24.0565,23.1112,1.89354,5.13365e-05,124.044,129.117,8,2,-3.15042,
In2Pt1,225,cF12,0.0,metal,22.0101,10.6812,66.0304,170.987,118.565,2.61698,9.31505,8.86503,1.35613,6.21064e-05,79.0031,83.0135,3,2,-3.46296,
In2Pt4Tb2,194,hP8,0.0,metal,20.3333,13.555,162.667,203.009,101.5,2.26626,24.1174,23.4799,1.83411,3.94958e-05,113.499,116.58,8,3,-4.61123,
In2Pt4Y2,194,hP8,0.0,metal,20.2528,12.1737,162.022,213.973,107.0,2.2686,24.0639,23.4228,1.91676,3.96636e-05,113.393,116.497,8,3,-5.0655,
In2Rb2Te4,140,tI16,1.1509,insulator-indirect,38.2767,4.94005,306.214,172.99,86.5,2.25151,25.347,23.6432,0.975502,0.000102796,23.4854,25.1778,8,3,-3.18001,
In2S4Tl2,194,hP8,0.4797,insulator-indirect,24.7263,6.43546,197.811,225.04,112.5,2.22869,24.5849,23.379,1.59398,7.52134e-05,48.5765,51.0821,8,3,-3.84818,
In2S6Zn3,156,hP11,0.1486,insulator-direct,21.6988,4.3004,238.686,303.072,136.242,2.13481,32.7604,31.4398,1.94549,6.45476e-05,59.6065,62.1103,11,3,-3.572,
In2Sb2,186,hP4,0.0,metal,36.1305,5.43633,144.522,188.056,118.433,2.29504,12.4416,11.7834,1.94572,7.91863e-05,32.432,34.2436,4,2,-3.48005,
In2Sc4,194,hP6,0.0,metal,24.096,4.70292,144.576,318.058,175.002,1.90456,17.5649,17.0589,5.44216,5.12999e-05,59.5886,61.3561,6,2,-4.65473,
In2Sc6,194,hP8,0.0,metal,24.4524,4.23902,195.619,334.901,167.5,1.80369,23.2185,22.6033,5.43107,4.97953e-05,56.9844,58.5353,8,2,-4.78955,
In2Sc6,194,hP8,0.0,metal,24.4518,4.23912,195.614,334.95,167.5,1.80029,23.2236,22.6086,5.45353,4.97855e-05,56.9916,58.5419,8,2,-4.78963,
In2Se4Zn1,82,tI14,1.1327,insulator-direct,27.9021,5.19346,195.315,255.006,133.303,2.18552,21.2519,20.2974,2.51657,7.03384e-05,44.1981,46.2767,7,3,-3.44852,
In2Tb4,194,hP6,0.0,metal,28.5712,8.38219,171.427,185.049,101.809,1.74775,18.1489,17.674,2.88195,5.02461e-05,49.4985,50.8287,6,2,-4.29895,
In2Te4Tl2,140,tI16,0.5051,insulator-indirect,34.0241,7.00825,272.193,169.038,84.5,2.28366,25.2087,23.6571,1.07071,9.28469e-05,29.3927,31.3204,8,3,-3.18656,
In2Te4Zn1,82,tI14,0.9338,insulator-direct,34.7066,5.50505,242.946,200.98,105.074,2.23388,21.6791,20.566,1.66508,7.87908e-05,33.0273,34.8149,7,3,-3.00833,
In2Th4,140,tI12,0.0,metal,32.5351,9.84864,195.211,165.981,91.3533,1.93368,18.1122,17.7345,2.32997,3.64389e-05,66.1082,67.5163,6,2,-5.48119,
In2Y4,194,hP6,0.0,metal,28.4598,5.69138,170.759,232.008,127.675,1.81976,17.9837,17.4921,3.51818,5.08803e-05,50.0782,51.4854,6,2,-5.5587,
In3Ir3Tb3,189,hP9,0.0,metal,21.3058,12.1056,191.752,202.005,97.1115,2.10532,27.0548,26.4168,1.86197,3.77919e-05,105.543,108.092,9,3,-5.16345,
In3La1,221,cP4,0.0,metal,27.2915,7.35255,109.166,201.926,127.252,2.04913,12.2273,11.7472,2.87981,6.57759e-05,45.1709,47.017,4,2,-3.60798,
In3La3Pd3,189,hP9,0.0,metal,24.6947,8.07194,222.252,189.019,90.8617,2.16332,27.427,26.4966,1.16867,5.32246e-05,66.4458,68.779,9,3,-4.11255,
In3La3Pt3,189,hP9,0.0,metal,24.3378,10.2074,219.04,195.0,93.7462,2.22867,27.2952,26.4614,1.49162,4.64133e-05,79.6644,82.1746,9,3,-4.59639,
In3La3Rh3,189,hP9,0.0,metal,23.6506,8.34653,212.855,211.041,101.438,2.10819,27.1465,26.3698,1.67815,4.58816e-05,78.2025,80.5058,9,3,-4.46859,
In3Lu1,221,cP4,0.0,metal,23.2107,9.2902,92.843,179.017,112.763,2.05612,12.327,11.8021,2.04952,7.03196e-05,48.9381,51.1146,4,2,-3.40709,
In3Mg3Y3,189,hP9,0.0,metal,25.6301,4.92462,230.67,313.911,150.955,1.95025,26.5426,25.6289,4.30806,6.00884e-05,49.3404,51.0994,9,3,-3.96183,
In3Ni2,164,hP5,0.0,metal,17.7242,8.65374,88.621,285.842,167.254,2.42419,15.0619,14.3726,3.2379,6.46037e-05,83.0248,87.0066,5,2,-2.5562,
In3Pd2,164,hP5,0.0,metal,20.3091,9.11271,101.545,237.886,139.183,2.96834,15.7204,14.5789,1.52235,8.43531e-05,70.2124,75.7102,5,2,-3.12858,
In3Pd3Th3,189,hP9,0.0,metal,24.3831,10.2893,219.448,200.013,96.15,2.22321,27.1438,26.4269,1.63473,4.02437e-05,91.1227,93.5945,9,3,-4.5796,
In3Pd3Y3,189,hP9,0.0,metal,22.0509,7.78466,198.458,215.932,103.842,2.17674,27.2101,26.3383,1.42712,4.99978e-05,79.1451,81.7648,9,3,-4.72995,
In3Pr1,221,cP4,0.0,metal,25.3035,7.96304,101.214,244.054,153.71,2.29985,12.2146,11.6353,3.85668,7.05504e-05,51.5544,54.1212,4,2,-2.89006,
In3Pt3Sc3,189,hP9,0.0,metal,19.8847,9.8781,178.962,239.994,115.38,2.20585,26.9222,26.1826,2.10405,4.21839e-05,104.601,107.556,9,3,-4.7155,
In3Pt3Th3,189,hP9,0.0,metal,24.207,12.3921,217.863,208.949,100.477,2.25225,27.003,26.3736,2.16296,3.49987e-05,106.726,109.273,9,3,-5.07997,
In3Pt3Y3,189,hP9,0.0,metal,21.7466,10.151,195.72,209.019,100.477,2.16522,27.115,26.3786,1.67478,4.23938e-05,94.277,96.9088,9,3,-5.23474,
In3Rh2Ti3,189,hP8,0.0,metal,18.2513,7.89238,146.01,336.963,168.5,2.16754,23.163,22.5827,4.66471,3.91822e-05,116.906,119.911,8,3,-4.25688,
In3Rh3Tb3,189,hP9,0.0,metal,21.2761,9.79886,191.485,208.032,99.996,2.09826,27.1052,26.3821,1.65665,4.30541e-05,91.8184,94.3348,9,3,-4.5,
In3Rh3Y3,189,hP9,0.0,metal,21.2534,7.98575,191.281,231.976,111.534,2.10857,26.9589,26.2339,1.85101,4.31898e-05,91.6165,94.1484,9,3,-5.1097,
In3Sc1,221,cP4,0.0,metal,23.4733,6.88699,93.8931,182.012,114.653,2.07272,12.3257,11.7941,1.57452,7.12953e-05,49.3585,51.5834,4,2,-3.50331,
In3Tb1,221,cP4,0.0,metal,24.8475,8.41022,99.39,196.024,123.472,1.99368,12.2326,11.7613,2.81461,6.53844e-05,49.4934,51.4767,4,2,-3.526,
In3Th1,221,cP4,0.0,metal,27.2126,8.79462,108.85,182.941,115.283,2.29088,12.2753,11.7915,1.99566,5.86747e-05,57.9965,60.3757,4,2,-3.91694,
In3U1,221,cP4,0.0,metal,25.7084,9.40597,102.833,202.101,127.252,2.61065,12.5928,11.7543,2.01203,8.75979e-05,47.1407,50.5036,4,2,-4.40889,
In3Y1,221,cP4,0.0,metal,24.9079,7.22282,99.6317,203.061,127.882,1.98705,12.2152,11.7422,2.71196,6.60157e-05,48.7445,50.7082,4,2,-3.98158,
In3Yb1,221,cP4,0.0,metal,26.1747,8.20764,104.699,188.092,118.433,2.15008,12.5435,11.7878,2.20385,0.000100157,31.923,33.9694,4,2,-2.54061,
In3Zr1,139,tI8,0.0,metal,22.5539,8.01929,90.2154,286.033,180.169,2.28495,11.9565,11.495,5.45224,5.74984e-05,69.2097,71.9886,4,2,-4.31594,
In4Ir2Sr2,63,oS16,0.0,metal,24.1891,8.74371,193.513,231.909,116.0,2.30019,24.2654,23.3301,2.15815,5.71061e-05,66.5341,69.2015,8,3,-3.6786,
In4Ir4Tb16,216,cF96,0.0,metal,26.7298,9.76102,641.515,215.993,74.883,1.8264,71.8457,70.2181,1.7586,4.18727e-05,65.6634,67.1855,24,3,-5.11484,
In4K1,139,tI10,0.0,metal,31.1238,5.31796,155.619,166.088,97.0774,2.52505,16.8497,14.8094,0.755701,0.000171463,19.3629,22.0306,5,2,-2.42196,
In4La4O12,62,oP20,2.8177,insulator-direct,14.5209,6.90074,290.418,389.873,143.677,2.12686,56.7492,55.3097,2.63292,4.05471e-05,136.542,140.096,20,3,-6.92655,
In4Li4Se8,33,oP16,1.6846,insulator-direct,27.1024,4.28395,433.639,223.946,88.8945,2.13141,49.466,46.7765,0.822096,8.75877e-05,36.2072,38.289,16,3,-3.76352,
In4Mg2O8,227,cF56,1.9939,insulator-direct,13.1123,5.75203,183.572,467.106,193.764,2.12797,38.4813,37.4081,4.1691,4.46204e-05,132.954,136.769,14,3,-5.74563,-1.92272
In4Mg2S8,227,cF56,1.8793,insulator-direct,22.8804,3.96243,320.325,300.027,124.474,2.16654,41.6176,40.0474,1.53715,5.94083e-05,62.6872,65.1451,14,3,-4.17276,
In4Mn2S8,227,cF56,1.478,insulator-indirect,22.8174,4.29183,319.444,275.099,114.101,2.14563,41.9348,40.3567,1.30611,5.95998e-05,62.5623,65.0088,14,3,-4.83841,
In4Pd2Yb2,63,oS16,0.0,metal,23.2155,9.10325,185.724,189.994,95.0,2.51339,25.1169,23.5621,0.963993,8.46267e-05,52.2394,55.6866,8,3,-2.86264,
In4Pd4Sr4,62,oP12,0.0,metal,25.2064,6.78189,302.477,193.08,84.3005,2.26682,37.2667,35.3201,0.803833,7.89227e-05,45.7909,48.3145,12,3,-2.98985,
In4Pd8,62,oP12,0.0,metal,16.7436,10.8305,200.923,222.028,96.9674,2.60125,36.608,35.0869,0.839424,5.44177e-05,114.52,119.485,12,2,-3.21352,
In4Pd8Zr8,136,tP20,0.0,metal,19.4492,8.7096,388.985,262.952,96.89,2.15719,59.1948,57.8137,1.46006,3.65556e-05,119.965,122.83,20,3,-5.62392,
In4Pt2Sr2,63,oS16,0.0,metal,24.7091,8.60794,197.673,212.861,106.5,2.43294,24.6655,23.4428,1.4988,6.96562e-05,56.9956,59.9684,8,3,-3.31309,
In4Pt4Sr4,62,oP12,0.0,metal,24.6626,8.92194,295.951,193.049,84.3005,2.27417,36.8798,35.3075,1.01829,6.39979e-05,57.9348,60.5148,12,3,-3.43449,
In4Rh2Yb2,63,oS16,0.0,metal,22.4756,9.33842,179.804,210.109,105.0,2.3039,24.5103,23.4512,1.54142,6.40443e-05,64.7461,67.6702,8,3,-3.12133,
In4Rh4Tb16,216,cF96,0.0,metal,26.7188,8.8399,641.252,209.004,72.4563,1.78179,72.0034,70.3253,1.52328,4.42447e-05,60.4934,61.9369,24,3,-4.73042,
In4S10Zn4,186,hP18,0.1711,insulator-direct,22.3728,4.29412,402.711,304.06,115.998,2.13697,53.5476,51.4305,1.46726,6.33844e-05,58.852,61.2747,18,3,-3.65339,
In4S12Sb4,62,oP20,1.4927,insulator-indirect,24.8954,4.43892,497.909,330.957,121.941,2.1378,58.6691,56.615,2.10131,5.58658e-05,59.646,61.8101,20,3,-4.24784,
In4S8Zn2,227,cF56,1.3966,insulator-indirect,21.7199,4.62276,304.078,310.124,128.623,2.18671,41.5018,39.9237,1.81066,5.92875e-05,66.5056,69.1343,14,3,-3.85073,
In4Sr2Te8,66,oS28,0.9057,insulator-indirect,36.8221,5.33206,515.509,193.027,80.0783,2.1979,43.307,41.2009,1.00722,7.55156e-05,32.1136,33.7552,14,3,-3.52208,
In6S8,227,cF56,0.0,metal,24.6502,4.549,345.103,204.939,85.0572,2.10555,42.8496,41.0887,0.661433,6.63429e-05,52.2257,54.4638,14,2,-3.9957,
In8Ir1Yb2,123,tP11,0.0,metal,24.4925,8.97928,269.417,206.012,92.6267,2.48394,34.4311,32.2958,1.07897,8.65456e-05,47.3773,50.5097,11,3,-2.96359,
In8Ni2Sr2,63,oS24,0.0,metal,24.0126,6.97971,288.152,224.151,97.841,2.35108,37.345,35.0906,1.11726,8.8875e-05,44.2314,47.073,12,3,-2.6609,
In8Pd2Sr2,63,oS24,0.0,metal,25.224,7.16798,302.688,203.871,89.1052,2.4405,37.6158,35.2475,0.854459,8.94732e-05,43.4704,46.3912,12,3,-2.91824,
In8Pt12,194,hP20,0.0,metal,18.9016,14.3183,378.032,258.898,95.4164,2.58417,59.75,57.8932,1.49349,4.08575e-05,132.505,136.754,20,2,-3.7456,
In9K1Ni2,191,hP12,0.0,metal,24.5737,6.70028,294.884,207.095,90.4156,2.51801,38.2452,35.244,0.753239,0.000108575,38.2846,41.5448,12,3,-2.50446,
Ir1La1Si3,107,tI10,0.0,metal,18.2666,7.55214,91.3328,383.908,224.565,2.09176,14.1659,13.8616,9.75813,3.47057e-05,125.649,128.407,5,3,-6.24405,
Ir1Li1,187,hP2,0.0,metal,13.3529,12.3836,26.7058,287.068,227.792,2.30361,5.94238,5.74349,6.5718,4.9494e-05,137.99,142.769,2,2,-4.20373,
Ir1Mn1Sb1,216,cF12,0.0,metal,19.9226,10.2494,59.7679,230.974,160.166,2.30694,9.01245,8.74889,3.68016,4.28563e-05,108.603,111.874,3,3,-6.04625,
Ir1N1,216,cF8,0.0,metal,12.3295,13.8873,24.659,208.042,165.09,2.20806,5.97993,5.86207,2.76067,3.0042e-05,241.461,246.315,2,2,-6.4854,
Ir1N1,225,cF8,0.0,metal,10.6228,16.1186,21.2455,290.049,230.173,2.2573,5.85572,5.73464,6.79186,3.09325e-05,271.415,277.146,2,2,-5.9732,
Ir1Nb1,123,tP2,0.0,metal,16.017,14.7801,32.034,333.981,265.096,2.03851,5.71614,5.64735,20.5383,1.98317e-05,248.922,251.955,2,2,-7.80554,
Ir1Sc1,221,cP2,0.0,metal,17.1781,11.4634,34.3562,332.92,264.302,2.08856,5.76014,5.65156,16.4668,3.04889e-05,154.205,157.168,2,2,-6.64245,
Ir1Si3Tb1,107,tI10,0.0,metal,17.1269,8.4429,85.6343,354.02,207.02,2.03934,14.3197,14.0244,8.28409,3.41316e-05,134.666,137.502,5,3,-6.20634,
Ir1Si3Th1,107,tI10,0.0,metal,18.1884,9.28515,90.9419,331.96,194.155,2.1216,14.4203,14.1366,7.47095,3.13094e-05,144.769,147.675,5,3,-6.485,
Ir1Si3U1,107,tI10,0.0,metal,17.5585,9.73154,87.7927,313.959,183.628,2.08834,14.5586,14.2305,6.5399,3.6899e-05,124.796,127.673,5,3,-6.91003,
Ir1Si3Y1,107,tI10,0.0,metal,17.1079,7.09301,85.5394,381.095,222.81,2.04325,14.1676,13.8754,8.63011,3.4107e-05,133.538,136.35,5,3,-6.56298,
Ir1Sn2,225,cF12,0.0,metal,22.6076,10.5181,67.8229,190.923,132.432,2.47441,9.12685,8.82759,2.16977,4.52201e-05,97.6549,100.965,3,2,-4.69463,
Ir1Ti1,123,tP2,0.0,metal,15.4139,12.9341,30.8278,343.94,273.033,2.04437,5.71243,5.6289,18.5368,2.40559e-05,213.567,216.736,2,2,-6.32485,
Ir1V1,123,tP2,0.0,metal,14.1847,14.2329,28.3695,385.902,306.368,2.45878,5.67208,5.54022,17.3302,3.19729e-05,205.939,210.841,2,2,-6.74687,
Ir1Y1,221,cP2,0.0,metal,19.9431,11.7038,39.8863,245.986,195.25,2.03242,5.92375,5.808,8.77357,3.24228e-05,125.044,127.536,2,2,-7.09734,
Ir1Yb1,221,cP2,0.0,metal,19.262,15.7442,38.524,182.001,144.453,2.19207,6.10043,5.89557,3.86662,5.2206e-05,88.2467,91.313,2,2,-3.83339,
Ir2La1Si2,139,tI10,0.0,metal,17.7651,10.8337,88.8255,417.024,243.863,2.17053,13.9118,13.6633,15.9343,2.77931e-05,164.847,167.845,5,3,-6.59402,
Ir2Mo2,51,oP4,0.0,metal,14.9178,16.0379,59.6712,416.018,262.064,2.20266,11.066,10.9295,20.8517,1.88478e-05,293.507,297.173,4,2,-7.32001,
Ir2Mo6,223,cP8,0.0,metal,15.6606,12.725,125.285,376.038,188.0,2.0957,22.507,22.2378,9.14857,1.91545e-05,266.54,269.767,8,2,-7.58444,
Ir2N2,194,hP4,0.0,metal,10.6145,16.1312,42.4578,326.039,205.367,2.31669,11.5663,11.3324,5.74304,2.95064e-05,288.344,294.296,4,2,-6.15046,
Ir2N2,131,tP4,0.0,metal,11.2358,15.2391,44.9432,463.982,292.302,2.25182,10.8728,10.6927,17.9594,2.48256e-05,296.455,301.449,4,2,-6.67021,
Ir2N4,58,oP6,0.0,metal,9.28846,13.124,55.7308,613.859,337.897,2.24926,14.9977,14.7427,21.3003,2.55886e-05,317.729,323.225,6,2,-7.19518,
Ir2Nb6,223,cP8,0.0,metal,17.368,11.2565,138.944,384.021,192.0,1.94549,22.4238,22.1629,11.6356,2.0075e-05,212.091,214.588,8,2,-8.25772,
Ir2O4,136,tP6,,,10.9792,11.3039,65.8754,443.936,244.343,2.30424,16.539,16.2028,8.21896,2.98383e-05,260.757,266.168,6,2,-7.03699,-0.797188
Ir2O4,136,tP6,0.0,metal,10.9363,11.3483,65.6178,451.093,248.195,2.25938,16.4768,16.1446,8.97785,3.0181e-05,252.824,258.026,6,2,-6.20253,0.0372702
Ir2P1,225,cF12,0.0,metal,14.2117,16.1795,42.635,353.052,244.757,2.33728,8.55554,8.41494,12.8231,2.36899e-05,268.211,272.692,3,2,-6.34579,
Ir2Pb2,194,hP4,0.0,metal,21.1342,15.6915,84.5367,209.012,131.662,2.49954,12.0782,11.7243,3.13362,3.97272e-05,119.832,123.448,4,2,-4.68402,
Ir2Sb2,194,hP4,0.0,metal,19.5576,13.3288,78.2304,259.993,163.79,2.42214,11.8492,11.5742,4.94213,3.23147e-05,152.748,156.377,4,2,-5.36386,
Ir2Si2Tb1,139,tI10,0.0,metal,16.4232,12.1238,82.1158,397.998,232.752,2.12943,14.0128,13.7746,14.554,2.69302e-05,182.024,185.172,5,3,-6.65203,
Ir2Si2Th1,139,tI10,0.0,metal,18.186,12.2838,90.9298,248.034,145.031,2.11326,14.7547,14.5105,4.14954,2.63218e-05,176.81,179.785,5,3,-6.78123,
Ir2Si2Y1,139,tI10,0.0,metal,16.392,10.7282,81.96,420.98,246.202,2.12319,13.8743,13.6406,15.3048,2.67492e-05,181.376,184.484,5,3,-7.01811,
Ir2Sn2,194,hP4,0.0,metal,19.9522,12.9379,79.8087,253.002,159.38,2.39903,11.8767,11.5938,4.63619,3.35895e-05,142.462,145.939,4,2,-5.05032,
Ir2Sn8,68,oS20,0.0,metal,24.606,9.00224,246.06,238.113,110.47,2.43187,30.28,29.1171,1.871,5.40536e-05,73.1102,76.0302,10,2,-4.31255,
Ir2Th2,63,oS8,0.0,metal,24.9078,14.1421,99.6313,162.021,102.054,2.07355,12.023,11.8297,2.45036,2.61033e-05,129.542,131.659,4,2,-6.97456,
Ir2Ti6,223,cP8,0.0,metal,16.6374,8.38182,133.1,251.983,126.0,2.15443,23.7584,23.1974,1.85335,3.70384e-05,138.996,142.358,8,2,-5.6714,
Ir2V6,223,cP8,0.0,metal,13.8807,10.3194,111.046,466.055,233.0,2.02713,21.6736,21.3603,12.9405,2.40286e-05,221.828,225.082,8,2,-6.75569,
Ir2W2,51,oP4,0.0,metal,15.0902,20.6916,60.3606,380.046,239.385,2.16448,11.2235,11.0993,21.6256,1.71624e-05,318.261,321.822,4,2,-8.56577,
Ir3N3,221,cP6,0.0,metal,11.3439,15.094,68.0632,268.953,148.036,2.20415,17.6227,17.3102,2.80254,2.70614e-05,286.018,291.182,6,2,-6.28727,
Ir3Nb1,221,cP4,0.0,metal,14.8958,18.6603,59.5832,440.03,277.183,2.23051,10.9482,10.8143,27.8626,1.84227e-05,302.315,306.057,4,2,-7.28539,
Ir3Pa1,221,cP4,0.0,metal,16.7378,20.0327,66.9514,322.954,203.477,2.23506,11.4992,11.3397,13.7575,2.08886e-05,249.199,252.705,4,2,-7.78281,
Ir3Sc1,221,cP4,0.0,metal,15.2976,16.869,61.1904,353.974,223.006,2.24029,11.4091,11.2187,13.4782,2.5065e-05,224.998,228.816,4,2,-6.39895,
Ir3Sn3Zr3,189,hP9,0.0,metal,19.6366,11.3352,176.729,278.0,133.648,2.16445,26.3811,25.8964,3.83511,2.86155e-05,152.432,155.285,9,3,-6.76258,
Ir3Ta1,221,cP4,0.0,metal,14.8975,21.1116,59.5899,414.936,261.434,2.23907,11.071,10.9366,26.255,1.82352e-05,308.973,312.77,4,2,-7.77065,
Ir3Te6,12,mS18,0.0,metal,24.3145,10.1854,218.83,271.06,130.283,2.35941,26.6784,25.9636,3.52419,3.84287e-05,100.214,102.973,9,2,-4.46196,
Ir3Ti1,221,cP4,0.0,metal,14.5179,17.8591,58.0715,410.926,258.914,2.24229,11.1113,10.9558,20.7615,2.10117e-05,276.78,280.706,4,2,-6.45737,
Ir3U1,221,cP4,0.0,metal,16.5141,20.4799,66.0564,316.954,199.697,2.31175,11.5336,11.3663,12.1322,2.10928e-05,260.202,264.033,4,2,-7.02588,
Ir3V1,221,cP4,0.0,metal,13.9372,18.6938,55.7489,459.052,289.152,2.28243,10.8619,10.7164,27.5918,1.97519e-05,305.322,309.467,4,2,-6.59416,
Ir3Zr1,221,cP4,0.0,metal,15.5004,17.8873,62.0017,388.974,245.055,2.22634,11.2152,11.0583,19.5578,2.11665e-05,257.123,260.772,4,2,-7.40477,
Ir4La10,15,mS28,0.0,metal,31.2269,8.19654,437.177,138.976,57.6729,1.79668,42.4851,41.5643,0.719955,4.06587e-05,57.5386,58.8133,14,2,-5.61054,
Ir4La16Mg4,216,cF96,0.0,metal,31.9725,6.68376,767.341,188.033,65.176,1.77489,72.4796,70.656,1.07283,4.78566e-05,47.0599,48.2745,24,3,-4.79763,
Ir4La2,227,cF24,0.0,metal,19.213,15.0773,115.278,265.01,145.835,2.20492,17.6517,17.3324,5.40661,2.76148e-05,164.942,167.98,6,2,-6.22948,
Ir4La2Si4,129,tP10,0.0,metal,17.6918,10.8786,176.918,321.039,148.995,2.14662,28.9261,28.3852,4.67868,2.9366e-05,161.528,164.607,10,3,-6.57149,
Ir4La4Si4,198,cP12,0.0,metal,22.0662,9.01055,264.794,203.985,89.1052,2.00121,35.8866,35.1995,1.37671,3.22354e-05,113.736,115.957,12,3,-6.38927,
Ir4Li8Mg4,215,cP16,0.0,metal,14.6272,6.53918,234.036,268.858,106.753,1.89608,48.5115,46.2191,1.23355,8.57637e-05,59.5386,62.4916,16,3,-3.06686,
Ir4Lu2,227,cF24,0.0,metal,17.2755,17.9236,103.653,280.0,154.09,2.15535,17.5332,17.2521,6.90356,2.50315e-05,197.414,200.63,6,2,-6.38183,
Ir4Lu4Si4,62,oP12,0.0,metal,17.0408,12.8391,204.49,330.047,144.141,2.03588,34.5659,33.9454,5.66882,2.97339e-05,156.49,159.351,12,3,-6.48287,
Ir4Mg4Tb16,216,cF96,0.0,metal,27.0794,8.70991,649.906,202.042,70.0295,1.77845,72.1259,70.4352,1.38409,4.44971e-05,59.595,61.0256,24,3,-4.79932,
Ir4Mn12Si4,198,cP20,0.0,metal,15.391,8.31014,307.82,351.009,129.31,2.27436,58.1812,56.2158,2.16175,5.08361e-05,111.243,115.133,20,3,-6.77892,
Ir4Mn4Si4,62,oP12,0.0,metal,14.9194,10.2116,179.032,370.069,161.612,2.10133,34.1704,33.4476,4.97859,3.40876e-05,157.488,160.891,12,3,-6.79721,
Ir4N8,14,mP12,0.2232,insulator-indirect,9.29807,13.1105,111.577,624.141,272.557,2.23121,29.7896,29.306,14.3253,2.45943e-05,326.069,331.449,12,2,-7.24298,
Ir4Nb4Si4,62,oP12,0.0,metal,14.9187,11.6208,179.024,441.955,193.061,2.09843,32.8528,32.4057,9.67596,2.18431e-05,238.5,241.79,12,3,-7.54322,
Ir4P12,204,cI32,0.0,metal,16.3543,7.23801,261.668,505.928,200.806,2.2061,42.7235,41.8744,7.57087,3.05069e-05,158.572,161.788,16,2,-6.2462,
Ir4P12,204,cI32,0.0,metal,16.3543,7.23799,261.669,506.092,200.806,2.20731,42.7205,41.8707,7.5618,3.05177e-05,158.593,161.812,16,2,-6.24621,
Ir4P4Se4,198,cP12,1.5084,insulator-indirect,16.6746,10.03,200.095,421.923,184.325,2.31503,33.4714,32.7283,6.81382,3.24972e-05,159.851,163.481,12,3,-5.6635,
Ir4P4Sr4,198,cP12,0.0,metal,21.2969,8.07817,255.562,255.015,111.382,2.13539,35.669,34.7726,1.99826,3.97463e-05,100.765,103.362,12,3,-5.40695,
Ir4P8,14,mP12,0.5173,insulator-indirect,15.3197,9.18326,183.837,498.106,217.522,2.23582,32.1219,31.5305,9.87307,2.78529e-05,188.931,192.475,12,2,-6.36912,
Ir4Pr2,227,cF24,0.0,metal,18.1325,16.0367,108.795,285.984,157.392,2.92492,17.7925,17.2347,3.60998,3.64159e-05,179.367,185.172,6,2,-5.39991,
Ir4S4Sb4,29,oP12,1.1992,insulator-indirect,18.8545,10.1584,226.254,365.921,159.865,2.36134,34.3511,33.5065,5.07883,3.53308e-05,135.97,139.397,12,3,-5.30202,
Ir4S4Sb4,198,cP12,1.4267,insulator-indirect,18.8394,10.1666,226.073,365.918,159.865,2.35059,34.3639,33.5191,5.12668,3.54208e-05,135.515,138.931,12,3,-5.30742,
Ir4S8,205,cP12,0.0,metal,15.7105,9.03139,188.526,408.101,178.21,2.31104,33.7727,32.939,5.1415,3.62641e-05,152.721,156.586,12,2,-5.11148,
Ir4Sb12,204,cI32,0.0,metal,25.6363,9.02726,410.18,285.968,113.499,2.34131,47.2274,45.9464,2.72767,3.92944e-05,91.7587,94.3169,16,2,-4.97839,
Ir4Sb12,204,cI32,0.0,metal,25.6363,9.02725,410.181,286.068,113.499,2.34014,47.2252,45.9449,2.73054,3.92937e-05,91.7179,94.2736,16,2,-4.97837,
Ir4Sb12,204,cI32,0.0,metal,25.6363,9.02725,410.181,285.967,113.499,2.34417,47.2306,45.9465,2.72038,3.93425e-05,91.7664,94.3311,16,2,-4.97837,
Ir4Sb12,204,cI32,0.0,metal,25.6332,9.02834,410.131,285.935,113.499,2.34031,47.232,45.9498,2.73017,3.93214e-05,91.714,94.2731,16,2,-4.97837,
Ir4Sb4Se4,198,cP12,1.1772,insulator-indirect,20.3183,10.7043,243.819,327.989,143.267,2.37662,34.8741,33.98,4.19975,3.66247e-05,123.976,127.238,12,3,-5.06773,
Ir4Sb4Te4,198,cP12,0.661,insulator-indirect,22.4831,10.871,269.797,307.017,134.095,2.39585,35.1369,34.2243,3.93343,3.68008e-05,113.245,116.265,12,3,-4.89485,
Ir4Sc2,227,cF24,0.0,metal,16.783,14.1618,100.698,340.935,187.66,2.1775,17.1768,16.9048,9.28595,2.44854e-05,204.774,208.068,6,2,-6.47752,
Ir4Si4Ta4,62,oP12,0.0,metal,14.9032,14.9028,178.838,395.062,172.532,2.08377,33.5381,33.0954,8.97583,2.12983e-05,248.928,252.258,12,3,-8.04192,
Ir4Si4Tb2,129,tP10,0.0,metal,16.5948,11.9984,165.948,310.964,144.353,2.08226,28.9783,28.4787,4.60419,2.78789e-05,176.427,179.523,10,3,-6.62549,
Ir4Si4Th2,129,tP10,0.0,metal,17.721,12.6061,177.21,331.932,154.101,2.12407,28.7191,28.2657,6.15037,2.50491e-05,185.958,188.942,10,3,-6.915,
Ir4Si4Y4,62,oP12,0.0,metal,17.9468,9.53668,215.361,364.963,159.428,2.03819,34.1251,33.5104,6.09447,2.98175e-05,146.129,148.81,12,3,-7.0461,
Ir4Sn4Sr3,217,cI22,0.0,metal,24.9511,9.11458,274.462,208.97,93.9757,2.26427,33.1723,32.2409,1.43043,4.1977e-05,87.3351,89.8581,11,3,-4.45486,
Ir4Sr2,227,cF24,0.0,metal,19.0904,13.6871,114.542,251.974,138.681,2.31581,17.84,17.3989,3.76234,3.61021e-05,134.013,137.411,6,2,-4.87249,
Ir4Tb2,227,cF24,0.0,metal,17.8183,16.8793,106.91,285.948,157.392,2.17778,17.5093,17.2201,7.06737,2.55625e-05,188.304,191.467,6,2,-6.36431,
Ir4Te8,205,cP12,0.0,metal,23.0112,10.7623,276.134,259.962,113.565,2.34001,35.6927,34.7237,2.56708,3.93429e-05,102.723,105.589,12,2,-4.38092,
Ir4Th2,227,cF24,0.0,metal,19.7396,17.2865,118.437,257.991,141.983,2.18911,17.6297,17.3631,6.02065,2.32237e-05,189.92,192.835,6,2,-6.71139,
Ir4U2,227,cF24,0.0,metal,18.0794,19.0574,108.476,281.982,155.191,2.25553,17.5343,17.2447,7.21904,2.46523e-05,200.452,203.818,6,2,-7.38018,
Ir4V4,65,oS16,0.0,metal,13.9132,14.5107,111.306,407.07,203.5,2.14539,22.2751,21.9547,10.7419,2.25518e-05,257.333,261.088,8,2,-6.72018,
Ir4Y2,227,cF24,0.0,metal,17.8049,14.7152,106.829,309.992,170.6,2.17471,17.3743,17.0897,7.86356,2.53572e-05,188.397,191.534,6,2,-6.9681,
Ir4Zr12,121,tI32,0.0,metal,20.7578,9.31713,332.125,192.977,76.5921,1.79892,47.7126,47.0333,1.15839,2.6613e-05,131.261,133.157,16,2,-8.43534,
Ir4Zr2,227,cF24,0.0,metal,16.7638,15.7056,100.583,361.97,199.216,2.1628,17.0011,16.772,12.4754,2.09263e-05,237.056,240.294,6,2,-7.5275,
Ir5La1,191,hP6,0.0,metal,17.8008,17.1022,106.805,284.967,156.842,2.29027,17.5149,17.2277,6.34466,2.409e-05,210.677,214.189,6,2,-6.04669,
Ir5Sn7,107,tI24,0.0,metal,20.7306,11.9613,248.767,249.06,108.761,2.4816,35.8379,34.8272,1.91967,3.86091e-05,123.641,127.229,12,2,-4.84093,
Ir5Th1,191,hP6,0.0,metal,17.8528,18.4961,107.117,296.013,162.895,2.28277,17.419,17.1651,7.77149,2.14831e-05,233.762,237.22,6,2,-6.40845,
Ir6Mg18,185,hP24,0.0,metal,18.3708,5.9914,440.899,298.959,103.658,1.93864,70.9742,68.6705,1.52744,5.69275e-05,72.6679,75.1057,24,2,-3.07336,
Ir6Mg6Si16,216,cF112,0.0,metal,16.2728,6.37234,455.639,354.014,116.578,2.11368,80.505,78.5552,1.71246,3.87706e-05,129.242,132.45,28,3,-5.22528,
Ir6Mo2,194,hP8,0.0,metal,14.432,19.3473,115.456,415.993,208.0,2.30489,22.1502,21.8679,13.7374,1.85881e-05,322.482,326.646,8,2,-6.81954,
Ir6Nb6,51,oP12,0.0,metal,16.0391,14.7596,192.47,334.024,145.888,2.05188,34.3062,33.8869,6.12993,2.0009e-05,248.16,251.231,12,2,-7.79925,
Ir6Si2,140,tI16,0.0,metal,13.7,18.3249,109.6,356.002,178.0,2.31651,22.7609,22.4144,7.52045,2.21171e-05,294.745,299.302,8,2,-6.29801,
Ir6Sn14,229,cI40,0.0,metal,21.9851,10.6308,439.702,257.975,95.048,2.58887,60.1574,57.9331,1.33327,4.87688e-05,96.1525,99.8443,20,2,-4.57077,
Ir6Sn6Zr6,190,hP18,0.0,metal,19.5637,11.3774,352.147,300.02,114.471,2.16384,52.405,51.4479,3.03393,2.84249e-05,153.073,155.92,18,3,-6.77779,
Ir6Th14,186,hP20,0.0,metal,30.0924,12.145,601.847,177.986,65.5758,1.9861,59.9766,58.9827,1.34903,2.8005e-05,95.7586,97.3721,20,2,-6.84556,
Ir6W2,194,hP8,0.0,metal,14.5015,21.7712,116.012,396.985,198.5,2.28727,22.3077,22.04,13.7485,1.76492e-05,337.609,341.711,8,2,-7.4859,
Ir6W2,194,hP8,0.0,metal,14.5021,21.7703,116.017,397.025,198.5,2.28467,22.3065,22.0394,13.7822,1.76242e-05,337.689,341.781,8,2,-7.48464,
Ir6Zr10,193,hP16,0.0,metal,19.3717,11.066,309.947,248.982,98.8157,1.98232,47.1213,46.4091,2.18011,2.56882e-05,158.364,160.794,16,2,-8.31943,
Ir7Sc4Si6,229,cI34,0.0,metal,15.4567,10.7045,262.763,434.023,168.787,2.11865,46.8949,46.1033,6.87147,2.68714e-05,189.659,192.915,17,3,-6.68146,
Ir8La6Sn26,223,cP40,0.0,metal,24.6543,9.18887,986.17,257.065,75.1473,2.34494,119.697,115.868,1.03464,4.63476e-05,81.8639,84.5689,40,3,-4.8115,
Ir8Mg4,194,hP12,0.0,metal,16.1661,13.9951,193.993,258.035,112.692,2.21517,35.4071,34.7296,2.29146,2.91216e-05,187.524,191.182,12,2,-4.84642,
Ir8N4Zr16,227,cF112,0.0,metal,17.2665,10.4871,483.462,331.992,109.333,1.95905,80.2873,79.1393,2.96578,2.45445e-05,179.816,182.425,28,3,-8.85352,
Ir8S12,60,oP20,1.1024,insulator-indirect,16.0054,9.97277,320.107,409.034,150.677,2.35028,56.1647,54.8587,4.01931,3.35599e-05,164.688,168.609,20,2,-5.37546,
Ir8S12Sn12,200,cP32,0.0,metal,22.2952,7.78957,713.445,260.012,81.8949,2.30834,95.5722,92.61,0.953218,4.56117e-05,90.502,93.3968,32,3,-4.61063,
Ir8Sc16,227,cF96,0.0,metal,20.0936,7.77183,482.245,248.991,86.3235,1.90534,71.0309,69.6294,1.33899,3.49527e-05,107.67,109.837,24,2,-6.1908,
Ir8Sc22,225,cF120,0.0,metal,20.8445,6.70975,625.334,283.972,91.3997,1.85513,87.9347,86.1803,1.64529,3.62356e-05,96.7152,98.6841,30,2,-6.04008,
Ir8Si4,62,oP12,0.0,metal,13.4377,16.9924,161.252,359.975,157.244,2.2675,34.107,33.5752,5.61714,2.31356e-05,280.92,285.369,12,2,-6.3762,
Ir8Sn26Sr6,223,cP40,0.0,metal,25.0512,8.53335,1002.05,219.92,64.3284,2.37288,121.606,116.993,0.600019,5.44545e-05,70.1798,72.9473,40,3,-4.28043,
Ir8Sn26Yb6,223,cP40,0.0,metal,24.319,9.66515,972.761,189.975,55.5563,2.38051,122.404,117.746,0.417524,5.4408e-05,73.2886,76.1876,40,3,-4.16427,
Ir8Zr16,227,cF96,0.0,metal,20.3264,10.2025,487.833,217.967,75.5764,1.856,71.151,70.1631,1.26678,2.51246e-05,145.959,148.014,24,2,-8.32112,
K1,229,cI2,0.0,metal,73.0724,0.888493,73.0724,82.0983,82.0,1.70962,3.70699,2.9918,0.324953,0.000419935,2.29125,2.83898,1,1,-1.09584,0.000626
K1,225,cF4,0.0,metal,72.9958,0.889425,72.9958,87.0754,87.0,1.69595,3.78499,2.99085,0.395712,0.000456952,2.13744,2.70498,1,1,-1.09557,0.000901
K10Te6,87,tI32,0.2099,insulator-indirect,39.0187,3.07634,624.299,172.132,68.2582,2.0985,52.3632,47.3249,0.450145,0.000163194,13.2839,14.6981,16,2,-2.83516,-0.971836
K12S12Sb4,198,cP28,2.6853,insulator-indirect,31.7872,2.5017,890.041,248.847,81.9999,2.08886,86.8945,81.3873,0.587073,0.000104977,25.0273,26.7209,28,3,-3.81911,-1.02514
K12Sb4Se12,198,cP28,2.2885,insulator-indirect,35.3586,3.19297,990.041,201.948,66.522,2.11252,88.307,82.2861,0.449864,0.000112266,21.455,23.0249,28,3,-3.52422,-1.00612
K12Sb4Te12,198,cP28,1.6961,insulator-indirect,42.0725,3.50619,1178.03,163.926,54.008,2.0726,89.0033,82.8755,0.34716,0.000115575,17.3134,18.5936,28,3,-3.19521,-0.823359
K16Sb8Sn2,227,cF104,0.2895,insulator-indirect,43.1378,2.71967,1121.58,171.916,58.0591,2.07648,84.2285,76.8807,0.336695,0.000147374,13.2671,14.5351,26,3,-2.67723,
K1Mn1Te2,119,tI8,0.0,half-metal,35.4444,4.09036,141.778,147.984,93.2342,2.02668,12.6704,11.8677,0.9123,0.000108905,21.1434,22.5736,4,3,-4.20212,
K1N1,225,cF8,0.0,half-metal,24.6422,1.78927,49.2844,238.286,188.901,2.27774,6.86728,5.8487,1.26873,0.000245434,14.7858,17.3609,2,2,-3.35855,1.34903
K1Na2Sb1,225,cF16,0.7324,insulator-direct,29.2412,2.93631,116.965,216.018,136.071,2.01047,13.0844,11.7338,1.6165,0.000182758,14.8583,16.5685,4,3,-2.40026,-0.496127
K1Nb1O3,38,oS10,2.047,insulator-indirect,13.3633,4.47347,66.8166,576.892,337.432,2.1048,12.8422,12.5725,12.7733,3.38753e-05,159.628,163.052,5,3,-7.46912,
K1O3Ta1,221,cP5,2.3227,insulator-indirect,13.2239,6.73174,66.1193,579.873,339.186,2.10432,12.7992,12.5514,19.2577,3.11762e-05,175.113,178.57,5,3,-7.91939,
K1O3U1,221,cP5,3.0113,insulator-indirect_spin-polarized,16.7521,6.44557,83.7607,408.067,238.6,1.94634,14.0034,13.7202,10.4189,3.50476e-05,124.914,127.492,5,3,-7.80709,
K1P2Rh2,139,tI10,0.0,metal,20.0634,5.07939,100.317,430.943,252.05,2.23735,13.9776,13.5888,9.1131,4.22387e-05,97.8598,100.66,5,3,-4.69907,
K2Li2Se2,129,tP6,2.511,insulator-indirect,25.0604,2.76088,150.363,262.139,144.184,1.96352,18.9622,17.3931,1.76175,0.000148674,20.8221,22.7006,6,3,-3.38481,-1.22342
K2Mg5Sn3,139,tI20,0.0,metal,29.7582,3.10138,297.582,225.114,104.436,1.99789,31.1344,29.2318,1.07708,0.000105537,25.5638,27.2276,10,3,-2.36005,
K2N6,140,tI16,4.1707,insulator-direct,17.3528,1.94061,138.823,611.04,305.5,2.0384,20.3534,19.7209,7.33008,5.22229e-05,75.0304,77.4368,8,2,-6.67515,-0.162006
K2Nb2S4,194,hP8,0.8306,insulator-indirect,20.5145,3.96881,164.116,459.117,229.5,2.10237,22.0584,21.451,7.40201,4.45972e-05,84.1788,86.5625,8,3,-5.64566,
K2Nb2Se4,194,hP8,0.7146,insulator-indirect,23.3791,5.1481,187.033,353.059,176.5,2.12779,23.1822,22.4593,5.06463,4.99112e-05,69.9941,72.2469,8,3,-5.13264,
K2O1,225,cF12,,,22.7416,2.29266,68.2247,260.925,180.967,2.08919,9.64772,8.70575,1.76966,0.000167342,21.5357,23.8659,3,2,-3.40981,-1.03511
K2O1,225,cF12,1.7128,insulator-indirect,22.7079,2.29606,68.1238,260.787,180.967,2.09138,9.64542,8.70608,1.76563,0.000166916,21.5843,23.9131,3,2,-3.40987,-1.03518
K2O12Os4,227,cF72,0.0,metal,14.9389,6.36668,268.9,536.122,204.522,2.06282,47.2682,46.34,7.51321,3.22233e-05,150.689,153.707,18,3,-6.44171,
K2P2Zn2,194,hP6,0.9864,insulator-direct,24.6946,3.03607,148.168,337.838,186.009,2.08382,17.9993,16.9704,3.58557,9.48928e-05,34.3511,36.4338,6,3,-2.80674,
K2S1,225,cF12,2.3203,insulator-indirect,34.6777,1.75988,104.033,232.761,161.553,2.09396,9.73647,8.76513,1.68403,0.000167983,14.5117,16.1198,3,2,-3.17552,-1.06908
K2Sb2Sn2,186,hP6,0.226,insulator-indirect,38.4056,4.02879,230.434,192.081,105.662,2.11967,18.795,17.6639,1.50833,9.82896e-05,22.7307,24.1863,6,3,-3.32494,
K2Sb2Zn2,194,hP6,0.6245,insulator-direct,32.0397,3.90829,192.238,226.063,124.373,2.18457,18.9667,17.5446,1.76231,0.00011906,23.0185,24.8843,6,3,-2.30849,
K2Se1,225,cF12,2.1024,insulator-indirect,38.8054,2.24165,116.416,192.173,133.125,2.11058,9.87105,8.8429,1.36858,0.000174978,12.6381,14.1075,3,2,-3.00326,-1.1114
K2Te1,225,cF12,2.1393,insulator-indirect,46.5302,2.44811,139.591,147.154,101.924,2.06619,9.90235,8.90793,0.893514,0.000173005,10.431,11.5955,3,2,-2.81253,-1.03441
K2Zn26,226,cF112,0.0,metal,16.3622,6.44465,458.143,344.199,113.285,2.38302,86.8321,79.1572,1.24571,0.00012991,43.2096,47.3991,28,2,-0.549131,
K3Sb1,225,cF16,0.6853,insulator-direct,39.1719,2.53334,156.688,145.957,91.9742,1.99783,13.3538,11.8809,0.640055,0.000199221,10.2937,11.5698,4,2,-2.24217,-0.447488
K4Na4S4,62,oP12,2.5107,insulator-direct,25.5272,2.04144,306.326,299.937,131.037,2.07484,37.7592,34.4225,1.12346,0.000151378,20.7377,22.7479,12,3,-3.2624,-1.083
K4Na4Te4,62,oP12,1.9616,insulator-direct,34.55,3.03892,414.601,184.139,80.3694,2.04665,39.1673,35.4178,0.593697,0.000165189,14.4322,15.96,12,3,-2.8631,-1.01202
K4O12Sb4,227,cF80,1.1259,insulator-indirect,14.9847,4.62869,299.694,522.796,192.675,2.5024,54.1402,51.967,3.13029,5.52652e-05,106.69,111.152,20,3,-5.61209,-1.65624
K4O4,64,oS16,,,19.7977,2.31067,158.381,352.249,176.0,2.10382,24.4374,22.5417,1.85977,0.000129713,31.3547,33.9916,8,2,-4.08684,-1.07303
K4O6Pb4,199,cI28,1.6911,insulator-indirect,22.8673,5.608,320.142,264.081,109.537,2.07889,42.6387,40.5057,1.62271,8.29156e-05,43.3626,45.6461,14,3,-4.77112,-1.28601
K4S2,63,oS12,2.0422,insulator-direct,29.6916,2.05541,178.15,189.903,104.561,2.07278,19.6375,17.688,0.556778,0.000170462,16.5188,18.3396,6,2,-3.08692,-0.980481
K5Pb24,217,cI58,0.0,metal,33.9174,8.72522,983.603,100.92,32.8742,2.15955,92.0404,86.5506,0.135596,9.53873e-05,27.122,28.8424,29,2,-3.36329,-0.108287
K5Sb4,12,mS18,0.0,metal,40.8714,3.08095,367.843,176.935,85.0927,2.09263,28.8776,26.5839,0.771061,0.000132905,15.6367,16.9858,9,2,-2.8829,-0.545161
K6Se6,189,hP12,0.71,insulator-indirect,35.772,2.74014,429.264,197.161,86.0477,2.13268,38.6621,35.3184,0.628184,0.000142622,16.8485,18.4437,12,2,-3.24306,-0.953494
K8Si46,223,cP54,0.0,metal,20.4987,2.40729,1106.93,537.787,142.337,2.52238,146.74,139.24,1.36355,7.01614e-05,61.7199,65.0443,54,2,-4.80071,-0.0180518
K8Sn46,223,cP54,0.0,metal,38.7304,4.58321,2091.44,120.01,31.748,1.75906,167.983,160.785,0.146734,7.91352e-05,24.7325,25.8397,54,2,-3.4616,
K8Te12,62,oP20,0.5325,insulator-indirect,38.6151,3.96479,772.302,161.929,59.6813,2.17941,63.9991,59.2243,0.378655,0.000118813,19.4773,21.0475,20,2,-3.04685,-0.723416
La10O3Si8,191,hP21,0.0,metal,23.7363,5.53578,498.463,340.911,123.599,1.93837,60.6177,59.189,3.21651,4.11661e-05,76.8382,78.6931,21,3,-6.31737,
La10Si6,140,tI32,0.0,metal,28.6352,5.64515,458.164,246.0,97.6252,1.76002,47.5854,46.4696,2.34161,4.48388e-05,54.8847,56.2025,16,2,-5.57365,
La14Pt6,186,hP20,0.0,metal,31.4122,8.23398,628.243,161.975,59.6813,1.92713,60.7699,59.1654,0.780245,4.62629e-05,53.933,55.3956,20,2,-5.13208,
La16Mg4Ru4,216,cF96,0.0,metal,31.545,5.97465,757.08,190.043,65.8693,1.71987,72.4844,70.6251,1.04296,5.03764e-05,43.7017,44.8523,24,3,-4.57278,
La16O24,206,cI80,3.5256,insulator-indirect,19.1794,5.64167,767.177,343.069,100.294,2.03655,115.323,112.672,1.46822,3.82036e-05,107.356,109.882,40,2,-8.15204,
La1Mg1,221,cP2,0.0,metal,31.4471,4.3091,62.8942,233.021,184.932,1.61969,6.01272,5.82926,8.27996,6.37403e-05,32.242,33.2567,2,2,-3.31592,
La1Mg1Ni4,216,cF24,0.0,metal,15.2115,7.24066,91.2688,272.99,150.238,2.41946,18.3751,17.3239,1.71284,8.0586e-05,78.2225,82.9689,6,3,-2.63322,
La1Mn1O3,221,cP5,0.0,half-metal,12.4474,6.45258,62.2368,496.996,290.647,2.22567,13.5245,13.1567,9.48942,4.1707e-05,153.834,158.135,5,3,-7.86657,
La1N1,225,cF8,0.0,metal,19.1433,6.632,38.2866,409.939,325.417,1.93642,5.58765,5.48157,24.2198,3.30886e-05,115.035,117.261,2,2,-7.72507,-1.10681
La1Ni1O2,123,tP4,0.0,metal,13.7393,6.93722,54.9573,412.014,259.544,2.11225,11.2763,10.9631,8.62143,4.48173e-05,128.177,131.839,4,3,-6.49163,
La1Ni2Rh3,191,hP6,0.0,metal,16.3093,9.58766,97.8558,338.096,186.009,2.26327,17.3632,16.9319,5.42294,3.72025e-05,144.316,147.993,6,3,-3.72585,
La1O3Ti1,221,cP5,0.0,metal,12.8053,6.08968,64.0265,374.046,218.717,2.30328,14.3526,13.9254,3.68015,4.42529e-05,153.739,158.455,5,3,-7.98439,
La1Os1Si3,107,tI10,0.0,metal,18.5674,7.39364,92.8371,393.083,229.828,2.05185,14.088,13.8058,10.9121,3.3017e-05,126.831,129.424,5,3,-6.43659,
La1Os2Si2,139,tI10,0.0,metal,18.1871,10.5086,90.9355,403.978,236.261,2.08986,13.9671,13.742,15.7457,2.59927e-05,166.836,169.57,5,3,-7.0389,
La1Os4P12,204,cI34,0.0,metal,15.8721,7.8243,269.826,482.927,187.844,2.17337,45.9049,45.0242,6.78431,2.98663e-05,166.47,169.726,17,3,-6.61747,
La1P1,225,cF8,0.0,metal,28.0058,5.03631,56.0115,323.941,257.159,1.83885,5.7898,5.6711,16.8618,3.76084e-05,68.0929,69.5181,2,2,-6.59381,
La1P12Ru4,204,cI34,0.0,metal,15.7189,5.68509,267.222,532.97,207.29,2.17014,44.7778,43.846,6.56452,3.25132e-05,149.825,153.009,17,3,-6.14347,
La1P2Ru2,139,tI10,0.0,metal,17.8545,7.49598,89.2726,443.123,259.068,2.18836,13.7661,13.5017,13.0847,2.97061e-05,152.442,155.428,5,3,-6.45776,
La1Pb3,221,cP4,0.0,metal,30.8605,10.2303,123.442,134.968,85.0447,2.14909,12.3957,11.8868,1.26841,6.56285e-05,42.6238,44.4486,4,2,-4.38405,
La1Pd2Si2,139,tI10,0.0,metal,18.4848,7.32815,92.4238,341.957,200.003,2.23099,14.4878,14.092,5.91852,4.15524e-05,111.881,115.023,5,3,-5.08737,
La1Pd3,221,cP4,0.0,metal,19.1118,9.95072,76.447,255.089,160.64,2.39138,12.0415,11.5975,3.48336,5.26657e-05,93.6694,97.2554,4,2,-3.95237,
La1Pd5,191,hP6,0.0,metal,18.7965,9.87832,112.779,256.998,141.433,2.43002,17.9908,17.3847,2.55141,4.70835e-05,108.558,112.343,6,2,-3.53502,
La1Pt2Si2,139,tI10,0.0,metal,18.4673,10.525,92.3363,282.061,164.915,2.22945,14.7196,14.3739,4.75949,3.56104e-05,133.781,136.999,5,3,-5.58131,
La1Pt3,221,cP4,0.0,metal,19.0805,15.7559,76.3218,199.011,125.362,2.41468,12.0872,11.7493,2.5548,3.9167e-05,130.246,133.992,4,2,-4.6647,
La1Pt5,191,hP6,0.0,metal,18.7486,16.4495,112.491,249.924,137.58,2.46847,17.8206,17.4053,3.7594,3.19455e-05,163.472,167.373,6,2,-4.49046,
La1Rh1Si3,107,tI10,0.0,metal,18.2145,5.94525,91.0724,393.966,230.413,2.08572,14.1395,13.8064,8.32496,3.82754e-05,113.182,115.912,5,3,-5.79467,
La1Rh2Si2,139,tI10,0.0,metal,17.6866,7.52763,88.4329,427.975,250.296,2.16412,13.888,13.5984,11.9998,3.26332e-05,139.17,142.133,5,3,-5.75055,
La1Rh3Si2,191,hP6,0.0,metal,16.7811,8.30866,100.686,424.925,233.887,2.15169,16.6685,16.3421,10.8431,3.07338e-05,155.187,158.287,6,3,-5.58264,
La1Ru1Si3,107,tI10,0.0,metal,18.3049,5.88259,91.5244,421.948,246.787,2.0566,13.9448,13.6406,10.5006,3.58604e-05,117.376,119.994,5,3,-6.04396,
La1Ru2Si2,139,tI10,0.0,metal,18.0657,7.30216,90.3286,455.004,266.086,2.06958,13.6664,13.4233,15.8371,2.904e-05,145.007,147.633,5,3,-6.30944,
La1Ru4Sb12,204,cI34,0.0,metal,24.2736,8.06501,412.651,277.069,107.728,2.27052,50.3434,48.9484,2.11316,4.14149e-05,89.3994,91.9472,17,3,-4.91648,
La1S1,221,cP2,0.0,metal,23.6164,6.01055,47.2328,293.064,232.554,2.06495,5.90119,5.73087,9.21122,4.75212e-05,72.3855,74.5368,2,2,-6.20968,
La1S1,225,cF8,0.0,metal,26.0018,5.45913,52.0037,271.048,215.093,2.12968,5.93134,5.76877,7.03168,4.36784e-05,74.4077,76.5045,2,2,-6.49261,
La1Sb1,225,cF8,0.0,metal,35.3334,6.12492,70.6669,216.943,172.233,1.88461,5.99662,5.85034,7.95617,4.37556e-05,49.0283,50.2542,2,2,-5.67288,
La1Se1,221,cP2,0.0,metal,26.3367,6.86826,52.6733,256.064,203.187,2.07256,5.97424,5.79368,8.0507,4.96204e-05,63.0924,65.0587,2,2,-5.81602,
La1Se1,225,cF8,0.0,metal,28.9846,6.24079,57.9693,219.969,174.614,2.12785,6.02326,5.8477,4.98039,4.64001e-05,63.7345,65.6479,2,2,-6.01567,
La1Sn3,221,cP4,0.0,metal,29.0773,7.06673,116.309,168.93,106.463,2.15571,12.3019,11.8207,1.57155,6.16787e-05,49.0879,51.0865,4,2,-4.49811,
La1Te1,221,cP2,0.0,metal,31.1547,7.10234,62.3095,228.063,180.964,2.06564,6.0209,5.83646,7.41475,5.04845e-05,52.5083,54.1676,2,2,-5.36787,
La1Te1,225,cF8,0.0,metal,34.611,6.3931,69.222,177.01,140.485,2.11351,6.08492,5.90052,3.41382,4.86531e-05,50.9986,52.5925,2,2,-5.46106,
La1Tl1,221,cP2,0.0,metal,32.0284,8.89871,64.0568,135.002,107.15,2.15257,6.1924,5.94341,1.83084,6.37686e-05,42.8527,44.648,2,2,-3.97787,
La1Tl3,221,cP4,0.0,metal,29.4205,10.6112,117.682,144.098,90.7143,2.36998,12.6255,11.8748,1.21099,8.60995e-05,38.2496,40.6678,4,2,-3.302,
La1Zn1,221,cP2,0.0,metal,26.8666,6.31312,53.7332,215.941,171.439,1.87248,6.08364,5.85433,5.71992,6.82116e-05,40.8624,42.4629,2,2,-2.87101,
La1Zn5,191,hP6,0.0,metal,18.2684,7.05673,109.61,265.041,145.835,2.13523,18.2885,17.3593,2.54684,8.18437e-05,56.3852,59.4033,6,2,-1.43749,
La2Mg4,227,cF24,0.0,metal,28.3501,3.66109,170.101,246.956,135.929,1.66489,18.054,17.4277,3.30268,7.05634e-05,33.137,34.3278,6,2,-2.78432,
La2N2,186,hP4,1.448,insulator-indirect,22.6946,5.5942,90.7786,260.934,164.42,1.8955,11.813,11.567,4.35574,3.71067e-05,89.4338,91.3353,4,2,-7.71707,-1.09881
La2Ni2,63,oS8,0.0,metal,23.4132,7.00706,93.6528,185.035,116.543,1.76865,12.1215,11.7838,2.36088,5.32787e-05,57.1498,58.7873,4,2,-3.60941,
La2O2S1,164,hP5,2.9693,insulator-indirect,20.5202,5.53298,102.601,370.097,216.377,2.03472,14.2745,13.9432,7.93424,3.86147e-05,98.2448,100.579,5,3,-7.73897,
La2O2Te1,139,tI10,1.9022,insulator-indirect,23.3887,6.21099,116.944,302.027,176.611,2.02509,14.6406,14.2869,5.815,4.03686e-05,84.5483,86.6415,5,3,-7.37628,
La2O3,189,hP5,1.6,insulator-indirect,23.5366,4.59725,117.683,293.963,171.932,2.06919,14.6761,14.3207,3.83825,3.9689e-05,86.1295,88.267,5,2,-7.90985,
La2O8P2,141,tI24,5.3868,insulator-indirect,14.2958,4.52769,171.55,467.07,203.981,2.04585,32.7296,32.0452,4.44492,3.45922e-05,151.187,154.416,12,3,-7.95741,
La2P4Rh4,129,tP10,0.0,metal,17.2472,7.83065,172.472,385.938,179.165,2.248,28.3671,27.7033,5.13127,3.52378e-05,140.417,143.782,10,3,-5.79961,
La2Pd2,63,oS8,0.0,metal,26.2613,7.75552,105.045,183.982,115.913,2.02753,12.149,11.7853,2.22592,5.01691e-05,61.7427,63.648,4,2,-4.47492,
La2Pd2Sb2,194,hP6,0.0,metal,25.8437,7.86148,155.062,234.046,128.775,2.21073,18.0158,17.4838,2.86877,4.52929e-05,75.4779,77.7745,6,3,-4.9672,
La2Pd4Sb4,129,tP10,0.0,metal,23.1999,8.52039,231.999,206.03,95.6167,2.33673,30.3355,29.3348,1.15911,4.78289e-05,84.8823,87.7779,10,3,-4.55514,
La2Pd6S8,223,cP16,0.0,metal,19.8686,6.12556,317.898,286.101,113.499,2.21462,47.553,45.9666,1.48947,5.10752e-05,86.1162,89.0882,16,3,-4.62583,
La2Pt2,63,oS8,0.0,metal,25.8543,10.7258,103.417,176.002,110.873,2.10309,12.1119,11.8022,2.43181,4.11744e-05,79.9003,81.9973,4,2,-5.2868,
La2Pt4,227,cF24,0.0,metal,20.2813,14.4397,121.688,226.028,124.373,2.34721,17.9595,17.5155,3.0161,3.56219e-05,130.16,133.46,6,2,-4.94908,
La2Pt4Si4,129,tP10,0.0,metal,18.4515,10.534,184.515,299.009,138.784,2.22578,29.2735,28.599,3.58235,3.48969e-05,136.294,139.509,10,3,-5.65412,
La2Rh2,63,oS8,0.0,metal,24.2785,8.26939,97.1141,187.988,118.433,1.90943,12.0566,11.7752,2.59552,4.14477e-05,76.119,77.9379,4,2,-5.01797,
La2Rh2Si4,63,oS16,0.0,metal,19.4621,6.35609,155.697,353.099,176.5,2.11733,22.978,22.4468,4.94681,3.69768e-05,112.94,115.613,8,3,-5.80716,
La2Rh4,227,cF24,0.0,metal,19.1157,9.98161,114.694,261.046,143.634,2.19336,17.7765,17.356,3.44221,3.64788e-05,124.194,127.203,6,2,-4.80599,
La2S4,129,tP6,0.0,metal,23.2135,4.84104,139.281,319.971,176.103,1.95662,17.49,17.0403,5.10396,4.45091e-05,73.843,75.7915,6,2,-6.02362,
La2Si4,141,tI12,0.0,metal,22.0695,4.8926,132.417,288.887,159.043,2.04049,17.7428,17.2159,3.24016,4.977e-05,72.7778,75.005,6,2,-5.8163,
La2Sn2,63,oS8,0.0,metal,32.9597,6.48895,131.839,217.994,137.331,2.08268,12.0614,11.7004,3.94736,4.87825e-05,52.0346,53.6398,4,2,-5.0382,
La2Sn4,65,oS12,0.0,metal,30.3828,6.85517,182.297,202.978,111.715,2.10423,18.2497,17.612,2.25092,5.65293e-05,49.609,51.4053,6,2,-4.7166,
La2Tl2Zn2,194,hP6,0.0,metal,26.8127,8.43616,160.876,231.988,127.675,2.35116,18.4509,17.5051,2.75996,7.4885e-05,46.9291,49.4646,6,3,-2.86586,
La3Mg3Pd3,189,hP9,0.0,metal,24.4235,6.11021,219.812,212.999,102.4,1.94119,27.2624,26.3593,1.58069,5.80233e-05,54.7223,56.5972,9,3,-3.64166,
La3Mg3Tl3,189,hP9,0.0,metal,29.1643,6.97637,262.478,213.92,102.88,2.06048,27.4863,26.3589,2.03432,6.78411e-05,41.9072,43.6996,9,3,-3.28037,
La3O12P3,180,hP18,5.2512,insulator-direct,16.8321,3.84544,302.979,532.135,202.996,2.02709,47.3946,46.4352,5.40539,3.38603e-05,125.109,127.694,18,3,-7.97951,
La3O7Ta1,65,oS22,3.6497,insulator-indirect,16.0772,6.66341,176.849,442.959,199.192,2.03587,30.3029,29.7159,6.99383,3.21537e-05,145.652,148.528,11,3,-8.62557,
La3Pb3Pd3,189,hP9,0.0,metal,25.6885,9.75019,231.197,199.031,95.6692,2.29126,27.4705,26.4453,1.53292,5.55558e-05,64.6314,67.1369,9,3,-4.44495,
La3Pd3Sn3,189,hP9,0.0,metal,24.7998,8.12412,223.198,235.002,112.976,2.26263,27.1322,26.2215,2.0626,5.05585e-05,71.9004,74.3976,9,3,-4.59402,
La3Pd3Tl3,189,hP9,0.0,metal,25.156,9.8943,226.404,166.04,79.8045,2.34523,27.7681,26.6163,0.836206,6.02674e-05,62.5657,65.2731,9,3,-3.91228,
La3Sn1,221,cP4,0.0,metal,33.2873,6.6772,133.149,177.042,111.503,1.91927,12.2002,11.8025,2.63259,5.79754e-05,40.0445,41.3937,4,2,-4.96413,
La3Sn7,65,oS20,0.0,metal,29.8619,6.93727,298.619,200.961,93.2959,2.13883,30.4818,29.3662,1.48385,5.84565e-05,49.4504,51.3288,10,2,-4.64174,
La3Tl1,221,cP4,0.0,metal,33.8044,7.62725,135.218,116.973,73.7054,1.99213,12.4049,11.9139,0.817017,6.83235e-05,34.9484,36.3887,4,2,-4.39486,
La4O10Pd4,84,tP18,1.8389,insulator-indirect,14.7395,7.14268,265.312,374.94,143.089,2.20757,51.5072,50.1002,2.44399,4.2069e-05,135.898,139.714,18,3,-6.5538,
La4O12Y4,33,oP20,4.5627,insulator-indirect,15.8387,5.78322,316.774,429.92,158.413,2.02115,55.5736,54.3572,3.70853,3.67016e-05,129.406,132.302,20,3,-8.60307,
La4O14Sn4,227,cF88,2.0853,insulator-direct,15.0105,6.30751,330.232,454.023,162.025,2.20506,60.688,59.1384,3.44255,3.93351e-05,137.525,141.129,22,3,-7.06209,
La4O14Ti4,227,cF88,3.2676,insulator-indirect,13.5608,5.40576,298.337,552.056,196.999,2.0271,57.2375,56.1428,5.5638,3.1944e-05,163.104,166.285,22,3,-8.17553,
La4O14Zr4,227,cF88,3.7972,insulator-direct,14.9363,5.78358,328.599,512.047,182.724,2.03644,58.4752,57.3862,5.3462,3.09565e-05,157.064,160.045,22,3,-8.96014,
La4O4Se3,38,oS22,1.4444,insulator-direct,21.9582,5.88827,241.54,312.947,140.739,2.03778,32.1175,31.3154,3.2937,4.1542e-05,87.2614,89.4966,11,3,-7.21432,
La4Pb2Pd4,127,tP10,0.0,metal,25.9879,8.91755,259.879,184.022,85.4052,2.18787,30.5173,29.4674,1.15991,5.35823e-05,63.2722,65.5267,10,3,-4.5014,
La4Pd4Sn4,62,oP12,0.0,metal,25.2603,7.976,303.124,218.082,95.2203,2.22086,36.2636,35.1031,1.42346,4.88677e-05,72.2886,74.6784,12,3,-4.57545,
La4Rh4Si4,198,cP12,0.0,metal,21.8575,6.8348,262.29,216.015,94.3467,1.98534,35.8897,35.1113,1.24861,3.68116e-05,98.9217,101.115,12,3,-5.65266,
La4Rh4Sn8,63,oS32,0.0,metal,25.191,7.89682,403.056,210.977,83.7354,2.26017,48.3467,46.8785,1.01087,4.5571e-05,79.3029,81.7867,16,3,-4.74999,
La4S4,64,oS16,0.0,metal,49.6669,2.85799,397.335,271.923,136.0,2.09217,23.7473,23.0738,3.63708,4.59908e-05,36.3317,37.3922,8,2,-6.24259,
La4Sb2,139,tI12,0.0,metal,33.7543,6.55212,202.526,213.992,117.769,1.9225,18.0453,17.5642,3.53311,4.69313e-05,48.8761,50.2148,6,2,-5.42181,
La4Sb8,64,oS24,0.0,metal,31.4532,6.72957,377.439,205.056,89.542,2.03026,36.2654,35.2024,1.62288,4.90409e-05,53.1035,54.7072,12,2,-5.17659,
La4Si4,63,oS16,0.0,metal,26.001,5.33239,208.008,326.044,163.0,1.8715,23.2133,22.6734,6.28923,4.1942e-05,66.8357,68.4273,8,2,-5.80975,
La4Si4,62,oP8,0.0,metal,26.0533,5.3217,208.426,318.015,159.0,1.82161,23.2476,22.7309,6.1934,4.10954e-05,66.5791,68.0925,8,2,-5.80651,
La6O9,12,mS30,3.4389,insulator-indirect,17.5539,6.1641,263.308,350.005,141.918,2.03867,43.1252,42.1354,2.90735,3.81513e-05,117.07,119.82,15,2,-8.12499,
La6Pb26Rh8,223,cP40,0.0,metal,26.5036,11.0331,1060.14,189.02,55.2639,2.36123,122.829,117.789,0.536542,5.93578e-05,60.6969,63.294,40,3,-4.25432,
La6Rh8Sn26,223,cP40,0.0,metal,24.6626,7.98304,986.504,265.11,77.4865,2.3201,119.74,115.614,1.00955,5.06374e-05,73.6652,76.2939,40,3,-4.47072,
La6Ru8Sn26,223,cP40,0.0,metal,24.755,7.92862,990.2,230.033,67.2524,2.27079,120.456,116.68,0.689631,4.68782e-05,78.6194,81.1642,40,3,-4.67084,
La6Sb10Zr2,193,hP18,0.0,metal,29.1349,7.0717,524.429,233.003,88.9061,1.98532,53.854,52.4604,1.81291,4.41648e-05,61.7089,63.3482,18,3,-5.8343,
La6Sn8,63,oS28,0.0,metal,32.2518,6.55703,451.525,223.934,92.9406,2.04977,42.1823,40.8963,1.88497,5.04642e-05,50.716,52.3108,14,2,-4.91176,
La6Te8,220,cI28,0.0,metal,32.9849,6.66761,461.789,190.072,78.8335,2.01831,42.4547,41.1979,1.2467,4.97767e-05,49.7733,51.2916,14,2,-5.36024,
La6Tl10,63,oS32,0.0,metal,30.7507,9.71035,492.01,153.956,61.1149,2.29969,49.7683,47.4127,0.608399,7.05075e-05,42.9884,45.1242,16,2,-3.67775,
La8N4S6,58,oP18,1.0816,insulator-indirect,24.2337,5.17582,436.206,335.046,127.826,1.96606,52.05,50.8565,3.15013,3.94353e-05,79.9316,81.8074,18,3,-7.1345,-1.72474
La8Rh6,220,cI28,0.0,metal,26.6758,7.6863,373.462,191.048,79.2484,1.91966,42.2388,41.1843,1.22864,4.40031e-05,65.8873,67.5743,14,2,-5.0311,
La8Ru8Sn24,223,cP40,0.0,metal,24.7052,8.01255,988.207,228.064,66.6676,2.26138,120.446,116.733,0.683262,4.62905e-05,79.4343,81.9614,40,3,-4.78697,
La8S12,62,oP20,0.9296,insulator-direct,25.7851,4.81695,515.702,298.982,110.153,1.95813,58.641,57.191,2.1284,4.27888e-05,69.7783,71.5473,20,2,-6.47728,
La8Sb6,220,cI28,0.0,metal,33.1489,6.58994,464.084,211.985,87.9616,1.96501,42.1116,41.0053,1.82853,4.51411e-05,52.9047,54.3321,14,2,-5.58678,
Li1Mg1P1,216,cF12,0.0,metal,16.0389,2.14725,48.1166,419.138,290.518,1.93524,8.65841,8.21339,5.08274,9.19404e-05,48.7329,51.3733,3,3,-3.38478,-0.443897
Li1Mg4Si2,123,tP7,0.0,metal,19.3571,1.96486,135.499,354.057,185.056,1.94479,20.7181,19.6765,2.0204,8.91024e-05,43.1757,45.4612,7,3,-2.82828,-0.0959311
Li1Mg8Si4,221,cP13,0.0,metal,20.2085,1.98298,262.711,464.256,197.335,1.99983,36.508,34.8367,3.03173,7.89484e-05,45.4673,47.6487,13,3,-2.92421,-0.128222
Li1N1Zn1,216,cF12,1.3002,insulator-direct,9.47201,5.04471,28.416,633.779,439.591,2.01712,7.58847,7.28813,18.7899,6.7855e-05,102.386,106.606,3,3,-3.97931,-0.149467
Li1P1Sr1,187,hP3,0.7969,insulator-indirect,22.7571,3.05334,68.2714,352.884,244.757,1.89247,8.836,8.43077,7.2056,8.35746e-05,38.1598,39.994,3,3,-3.90075,-0.929846
Li1P1Zn1,216,cF12,1.3733,insulator-indirect,15.5724,3.67156,46.7172,471.232,326.573,1.97917,8.41329,8.0135,11.3266,8.29132e-05,55.2693,58.0266,3,3,-3.18535,
Li1Pb1,221,cP2,0.0,metal,22.627,7.85762,45.2541,127.058,100.8,2.09819,6.51301,5.95351,0.897914,0.000143531,26.2865,28.7569,2,2,-3.08203,-0.277168
Li1Pb1Pd2,225,cF16,0.0,metal,16.9702,10.4441,67.8809,153.022,96.384,2.57831,12.6508,11.8582,0.57286,8.41038e-05,73.213,78.1065,4,3,-3.2045,
Li1Pd1,221,cP2,0.0,metal,13.234,7.11074,26.468,273.922,217.474,2.31764,6.27126,5.7772,3.2406,0.00011935,57.0478,61.9265,2,2,-2.76719,
Li1Pd1,187,hP2,0.0,metal,13.9024,6.76889,27.8048,281.119,223.03,2.36476,6.21363,5.76448,3.39727,0.000106622,62.1949,67.0409,2,2,-2.73695,
Li1Pd2Sn1,225,cF16,0.0,metal,16.132,8.70906,64.528,212.075,133.552,2.51786,12.3774,11.725,1.25016,7.18658e-05,87.2081,92.0611,4,3,-3.37642,
Li1Pd2Tl1,139,tI8,0.0,metal,16.528,10.6524,66.1121,218.862,137.961,2.60152,12.4968,11.7109,1.6241,8.34944e-05,75.6665,80.7443,4,3,-2.83822,
Li1Pt1,187,hP2,0.0,metal,13.7558,12.1941,27.5117,280.106,222.236,2.4127,6.04083,5.75888,5.66839,6.65116e-05,104.26,109.365,2,2,-3.37215,
Li1Pt7,225,cF32,0.0,metal,14.9717,19.0294,119.773,258.997,129.5,2.75046,23.9128,23.1596,2.33658,3.89819e-05,188.078,194.195,8,2,-3.61793,
Li1Tl1,221,cP2,0.0,metal,21.2782,8.24529,42.5565,166.725,132.548,2.38645,7.00166,5.92578,1.49571,0.000233916,19.9454,23.5666,2,2,-2.36303,-0.229145
Li2,194,hP2,0.0,metal,20.2703,0.568605,40.5407,390.198,309.543,1.5621,6.29656,5.56879,3.15764,0.000268705,10.5495,11.9282,2,1,-1.90454,0.000495
Li23Sr6,225,cF116,0.0,metal,27.8586,1.40868,807.9,250.066,81.3718,1.57131,92.7178,84.3566,0.511623,0.000201425,11.0895,12.1887,29,2,-1.86079,-0.00158724
Li2Mg1Pb1,225,cF16,0.0,metal,19.7925,5.14683,79.1701,207.938,131.032,1.79436,12.6393,11.7427,1.91868,0.000139067,25.6197,27.576,4,3,-2.53736,-0.260298
Li2Mg1Si1,216,cF16,0.0911,insulator-indirect,16.0984,1.70899,64.3935,566.161,356.558,1.89616,10.7624,10.1544,8.71253,0.000104094,38.2556,40.5462,4,3,-2.94778,-0.240967
Li2N4P2,122,tI16,3.805,insulator-indirect,9.53495,2.8704,76.2796,1049.11,524.5,2.14032,14.0936,13.8391,22.25,2.8868e-05,180.193,183.508,8,3,-6.80801,-0.841372
Li2Na1Sb1,225,cF16,0.6834,insulator-indirect,19.9341,3.30336,79.7364,312.097,196.548,1.886,12.4302,11.427,3.77634,0.000150829,24.1348,26.2538,4,3,-2.89163,-0.637942
Li2Nb2O4,194,hP8,1.6572,insulator-direct,9.83966,5.56259,78.7173,747.139,373.5,2.04858,18.2891,17.9378,17.7999,3.18635e-05,198.65,202.54,8,3,-7.48401,
Li2Nb2S4,194,hP8,0.7236,insulator-indirect,16.0362,4.24468,128.29,559.984,280.0,2.04319,20.8284,20.3207,11.0262,4.06036e-05,108.498,111.209,8,3,-5.98521,
Li2O1,225,cF12,,,8.39644,1.96985,25.1893,867.017,601.144,1.84984,6.39543,6.09946,19.6103,8.78696e-05,66.3445,69.5637,3,2,-4.75469,-1.84095
Li2O1,225,cF12,4.9039,insulator-indirect,8.3842,1.97273,25.1526,862.689,598.371,1.84982,6.41937,6.12131,19.3402,8.81776e-05,66.3555,69.5865,3,2,-4.75446,-1.84073
Li2O8Ti4,227,cF56,0.0,half-metal,11.287,3.50435,158.018,767.05,318.238,1.94712,31.4972,30.9206,11.2029,3.19416e-05,161.757,164.773,14,3,-7.38849,
Li2O8V4,227,cF56,0.0,half-metal,10.4673,3.91664,146.543,743.263,308.281,2.03392,32.1628,31.4927,9.36476,3.48533e-05,169.941,173.557,14,3,-7.41274,
Li2P2Sr2,194,hP6,1.3456,insulator-indirect,22.4229,3.09885,134.538,394.037,216.827,1.93211,17.3806,16.5935,6.00183,8.06889e-05,40.3151,42.2272,6,3,-3.98066,-1.00976
Li2Pd1,191,hP3,0.0,metal,14.024,4.7474,42.0721,272.078,188.594,2.09126,9.50127,8.6756,2.17507,0.000146166,40.1192,43.9374,3,2,-2.55342,
Li2Pd1Sb1,216,cF16,0.0,metal,16.226,6.19227,64.9041,242.832,153.08,2.25037,12.4471,11.6442,1.72066,9.9715e-05,55.2415,59.0507,4,3,-3.32106,
Li2Pd4Sn12,127,tP18,0.0,metal,22.9123,7.50411,412.421,191.983,73.2617,2.36356,55.7682,52.9818,0.535446,7.30427e-05,56.8073,59.7949,18,3,-3.58266,
Li2Pt1,191,hP3,0.0,metal,13.5663,8.52619,40.6989,263.105,182.354,2.13765,9.27064,8.68684,3.197,0.00010254,61.1126,65.2198,3,2,-3.03745,
Li2Pt4,227,cF24,0.0,metal,16.8982,13.008,101.389,292.889,161.244,2.44463,17.8008,17.2001,4.25117,4.70005e-05,121.353,125.591,6,2,-3.4754,
Li2Ru2Sn8,140,tI24,0.0,metal,21.8683,7.37533,262.419,295.085,128.853,2.37293,35.9704,34.3991,2.32989,6.31127e-05,67.8597,70.9594,12,3,-3.95288,
Li2S1,225,cF12,3.3856,insulator-indirect,15.6129,1.62874,46.8388,558.474,386.896,1.83641,8.14056,7.65134,9.92894,0.000115008,34.7619,36.9846,3,2,-3.98729,-1.34182
Li2Sb2Zn2,186,hP6,0.5205,insulator-indirect,20.5168,5.23576,123.101,257.171,141.433,2.09728,18.5776,17.4048,2.09482,0.000104169,38.8197,41.4354,6,3,-2.54155,
Li2Se1,225,cF12,2.9755,insulator-indirect,18.2036,2.82303,54.6108,369.733,256.544,1.80341,9.00216,8.39009,6.36615,0.00013173,28.4901,30.5685,3,2,-3.69781,-1.2669
Li2Si4Y4,127,tP10,0.0,metal,21.4819,3.72466,214.819,410.998,190.769,1.86191,28.1747,27.4143,5.95019,4.92701e-05,65.991,67.8215,10,3,-5.79994,-0.66417
Li2Te1,225,cF12,2.4957,insulator-indirect,23.1456,3.38346,69.4367,265.96,184.434,1.80269,9.362,8.68373,3.89618,0.000140141,21.9166,23.6285,3,2,-3.35754,-1.04038
Li3N1,191,hP4,0.9848,insulator-indirect,11.2218,1.28847,44.8873,698.986,440.342,1.78783,9.86918,9.30932,8.74618,0.000111683,43.6213,46.2447,4,2,-3.87988,-0.371429
Li3O4U1,139,tI16,3.0831,insulator-indirect_spin-polarized,10.9521,6.11875,87.617,584.937,292.5,1.88842,20.5229,20.0259,12.9415,4.36029e-05,134.83,138.175,8,3,-6.83869,
Li3Pb1,225,cF16,0.0,metal,18.7868,5.03867,75.147,235.963,148.671,1.88522,13.0236,11.6802,2.30068,0.000195446,20.2977,22.6324,4,2,-2.68131,-0.326359
Li3Sb1,225,cF16,0.6969,insulator-indirect,17.6357,3.35609,70.5429,335.039,211.037,1.793,12.2269,11.332,4.4981,0.000143101,27.205,29.3534,4,2,-3.09593,-0.694825
Li3Si3Y3,189,hP9,0.0,metal,20.0974,3.41328,180.877,445.992,214.414,1.79062,25.0285,24.2905,7.45875,5.60947e-05,58.4325,60.208,9,3,-5.21348,-0.616166
Li40Pb12,215,cP52,0.0,metal,19.9199,4.43102,1035.83,236.923,63.4961,1.8587,169.674,151.821,0.411493,0.000202203,18.2831,20.4331,52,2,-2.54646,-0.226124
Li4Mn4O8,141,tI32,1.2158,insulator-indirect,9.69777,4.01866,155.164,711.258,282.161,2.24776,38.238,36.8583,5.61154,5.53858e-05,129.735,134.591,16,3,-6.60912,
Li4Na4Te4,62,oP12,2.2994,insulator-direct,24.6452,3.53803,295.742,228.88,100.025,1.9302,38.1771,35.0715,0.965333,0.000148049,20.9521,22.8074,12,3,-3.12135,-1.00074
Li4O10Si4,37,oS36,5.1596,insulator-indirect,11.7526,2.35564,211.547,884.229,337.309,1.94436,36.8569,36.1696,10.3396,3.26663e-05,137.106,139.712,18,3,-7.0129,-2.64476
Li4O10Si4,37,oS36,5.1672,insulator-indirect,11.7489,2.35638,211.48,876.304,334.257,1.94264,37.1231,36.4267,10.0766,3.2876e-05,137.285,139.91,18,3,-7.01173,-2.64359
Li4O12Sb4,52,oP20,2.1418,insulator-direct,11.3153,5.1859,226.306,606.038,223.252,2.34193,51.1626,49.4645,4.32974,4.86507e-05,142.746,147.647,20,3,-5.8812,-1.76365
Li4O4,194,hP8,,,8.43079,2.25919,67.4464,784.0,392.0,1.92728,18.2959,17.4332,7.8613,8.57008e-05,76.4543,80.238,8,2,-4.83947,-1.42138
Li4O8Rh4,227,cF64,2.3816,insulator-indirect,9.90006,5.94794,158.401,536.08,212.712,2.22206,42.5278,41.221,3.73499,4.73246e-05,166.378,171.653,16,3,-5.39371,-0.616738
Li4Sb4Sr4,62,oP12,0.6702,insulator-direct,27.7877,4.30877,333.453,261.076,114.002,1.9117,36.5527,34.7465,2.07708,8.89166e-05,30.6811,32.276,12,3,-3.53101,-1.03838
Li5N2Na1,123,tP8,2.6716,insulator-indirect,8.94338,1.98921,71.547,510.382,255.5,1.95392,22.955,20.9986,2.01148,0.000156262,48.5019,53.0207,8,3,-3.50773,-0.0729881
Li6N2,194,hP8,1.2217,insulator-indirect,8.72983,1.65628,69.8387,773.894,387.0,1.87413,18.7041,17.5851,6.20457,0.000113183,54.2655,57.7187,8,2,-3.87012,-0.361678
Li6P2,194,hP8,0.7008,insulator-indirect,14.7309,1.4597,117.847,612.529,306.0,1.77178,20.9667,19.74,6.095,0.000115978,33.9607,36.0711,8,2,-3.48036,-0.72055
Li84Si20,216,cF416,0.0,metal,15.3468,1.19099,1596.07,570.357,121.208,1.81068,286.301,263.96,0.728999,0.000153343,25.8655,28.0548,104,2,-2.8066,-0.2249
Li8Mg4Si4,215,cP16,0.163,insulator-indirect,16.0618,1.71289,256.988,584.884,232.157,1.88536,42.4223,40.1334,3.83951,0.000100015,39.2719,41.5117,16,3,-2.95659,-0.249776
Li8O8Pb2,63,oS36,1.4368,insulator-direct,11.4484,4.81814,206.07,449.828,171.707,2.11748,51.4353,48.5995,2.23797,9.05592e-05,74.5869,78.9391,18,3,-5.07288,-1.62294
Li9N1S3,221,cP13,2.4308,insulator-direct,12.9115,1.70809,167.849,636.059,270.485,1.81751,33.502,31.5719,4.59086,0.00011143,40.5595,43.0391,13,3,-3.9464,-1.03539
Lu1Ni1Sb1,216,cF12,0.0,metal,20.7087,9.49953,62.126,308.915,214.249,2.0955,8.80551,8.55439,10.5306,4.61817e-05,87.3492,89.9133,3,3,-4.46658,
Lu1Pb2,139,tI6,0.0,metal,29.1528,11.1901,87.4584,113.986,79.0432,2.12503,9.35289,8.93954,0.957325,7.16885e-05,41.405,43.3195,3,2,-4.12734,
Lu1Pt1Sb1,216,cF12,0.0,metal,22.6421,12.0228,67.9264,230.962,160.166,2.2067,8.97908,8.74636,5.66017,3.98242e-05,96.5658,99.1352,3,3,-5.32894,
Lu1Pt3,221,cP4,0.0,metal,16.6181,18.9914,66.4724,232.946,146.781,2.38152,11.9423,11.6564,4.2309,3.39733e-05,168.992,173.137,4,2,-4.96088,
Lu1Ru2Si2,139,tI10,0.0,metal,16.2218,8.87046,81.1091,392.058,229.243,2.03334,14.0538,13.8081,11.0676,2.90072e-05,163.704,166.616,5,3,-6.31423,
Lu2Te4,129,tP6,0.0,metal,28.3129,8.40972,169.877,163.004,89.7024,1.86485,18.2323,17.7477,1.69267,4.79813e-05,56.192,57.7264,6,2,-4.64647,
Lu4Mg2S8,227,cF56,2.0054,insulator-direct,23.9598,4.97493,335.437,286.067,118.665,1.81451,41.2282,40.2066,2.60112,4.61253e-05,65.8961,67.5704,14,3,-5.80899,
Lu4Mn2S8,227,cF56,1.4839,insulator-direct,23.5758,5.36417,330.062,317.93,131.942,1.80743,40.7642,39.7801,3.82868,4.52349e-05,65.9252,67.556,14,3,-6.4712,
Lu6Os8Si26,223,cP40,0.0,metal,16.6845,8.21495,667.378,419.987,122.809,2.01294,111.257,109.15,3.34242,3.17938e-05,141.91,144.649,40,3,-6.28336,
Mg1,229,cI2,0.0,metal,21.3302,1.89212,21.3302,388.294,388.0,1.968,2.95792,2.77529,10.7304,0.000108721,29.9718,31.944,1,1,-1.51153,0.081946
Mg12Ni8Ti4,227,cF96,0.0,metal,16.4473,4.00807,394.735,433.028,150.113,1.97499,67.3838,65.184,2.57999,5.64367e-05,78.2693,80.9107,24,3,-2.48805,
Mg12Ru8,213,cP20,0.0,metal,16.7083,5.46723,334.165,392.973,144.782,2.06238,56.8004,55.2666,2.75366,4.4484e-05,104.782,107.69,20,2,-3.39039,
Mg1Ni1Sb1,216,cF12,0.0,metal,18.5419,6.11204,55.6258,321.046,222.569,2.18203,8.87183,8.52383,6.0606,6.15903e-05,73.8144,76.828,3,3,-2.9974,
Mg1Ni2Sb1,225,cF16,0.0,metal,14.3984,7.59534,57.5938,322.882,203.477,2.41736,11.9111,11.3622,3.62403,6.55925e-05,98.7385,103.508,4,3,-2.73443,
Mg1Ni2Sn1,225,cF16,0.0,metal,14.6724,7.36693,58.6897,323.935,204.107,2.23558,11.816,11.3561,4.31094,5.94518e-05,98.7891,102.79,4,3,-2.58204,
Mg1O1,225,cF8,4.4692,insulator-direct,9.6152,3.48027,19.2304,849.11,673.852,1.95457,4.23772,4.13912,44.6395,4.06864e-05,138.721,142.026,2,2,-5.98469,-2.72238
Mg1O1,225,cF8,,,9.63043,3.47477,19.2609,855.723,679.408,1.95446,4.20915,4.11205,45.767,4.03795e-05,138.691,141.966,2,2,-5.98445,-2.72214
Mg1O6Pt3,65,oS20,0.6517,insulator-indirect,11.5515,10.1427,115.515,408.933,189.841,2.28788,28.1801,27.4428,4.45721,3.8835e-05,191.956,197.113,10,3,-5.25599,
Mg1P1Pd5,123,tP7,0.0,metal,15.2414,9.14053,106.69,311.042,162.578,2.47916,20.6925,19.953,2.73491,4.91494e-05,128.361,133.118,7,3,-3.50932,
Mg1P1Pt5,123,tP7,0.0,metal,15.3133,15.9671,107.193,264.995,138.531,2.47985,20.7603,20.2252,2.95894,3.51793e-05,183.161,188.007,7,3,-4.20614,
Mg1Pd1,221,cP2,0.0,metal,15.9427,6.80692,31.8853,266.079,211.124,2.18265,6.03368,5.78089,4.12035,6.58832e-05,81.193,84.7435,2,2,-2.89611,
Mg1Pd1Sb1,216,cF12,0.0,metal,21.0812,6.62852,63.2436,247.115,171.26,2.33541,9.10845,8.71859,3.06506,6.25786e-05,70.338,73.4832,3,3,-3.43138,
Mg1Pd3,221,cP4,0.0,metal,15.4925,9.20453,61.9699,235.895,148.671,2.38974,12.1259,11.655,1.9332,5.55333e-05,110.17,114.621,4,2,-2.88883,
Mg1Pt1Sb1,216,cF12,0.0,metal,21.1149,8.94289,63.3447,212.953,147.686,2.31571,9.10651,8.78649,2.69682,5.19646e-05,84.5873,87.6682,3,3,-3.85104,
Mg1Rh1,221,cP2,0.0,metal,14.8415,7.11647,29.683,369.111,292.875,2.10289,5.75788,5.58106,11.3333,4.98477e-05,107.145,110.539,2,2,-3.32223,
Mg1S1,216,cF8,3.3871,insulator-direct,23.033,2.03179,46.0661,344.971,273.827,1.90565,5.83803,5.63404,5.87782,6.25808e-05,50.7472,52.5845,2,2,-4.27843,-1.41851
Mg1S1,225,cF8,2.7709,insulator-indirect,17.8059,2.62824,35.6118,532.953,423.042,1.9232,5.32893,5.16274,19.5612,5.54833e-05,67.9951,70.1839,2,2,-4.29381,-1.43389
Mg1Sc1,221,cP2,0.0,metal,24.0558,2.3905,48.1115,390.9,310.337,1.75107,5.71046,5.5331,12.8444,6.0234e-05,45.5854,47.0467,2,2,-3.42484,
Mg1Se1,225,cF8,1.773,insulator-indirect,20.8242,4.11722,41.6484,363.883,288.907,1.92866,5.80201,5.59431,11.9223,6.34567e-05,55.5353,57.5973,2,2,-3.78205,-1.24398
Mg1Se1,216,cF8,2.5506,insulator-direct,26.9919,3.17643,53.9838,242.005,192.076,1.91011,6.05048,5.81751,3.88662,6.88127e-05,41.0634,42.7079,2,2,-3.79583,-1.25776
Mg1Sr1,221,cP2,0.0,metal,36.3786,2.55447,72.7573,223.123,176.995,1.78722,6.21993,5.8488,4.22988,0.000114629,17.1432,18.231,2,2,-1.69671,-0.0581995
Mg1Tb1,221,cP2,0.0,metal,27.3322,5.56598,54.6645,223.034,176.995,1.73918,6.05186,5.84433,6.64981,6.69708e-05,38.1202,39.4738,2,2,-3.19715,
Mg1Tb2,139,tI6,0.0,metal,29.163,6.49411,87.489,182.962,126.885,1.53909,9.07745,8.84013,4.649,5.70385e-05,37.7763,38.7904,3,2,-3.66128,
Mg1Te1,216,cF8,2.3214,insulator-direct,34.511,3.65455,69.022,184.915,146.835,1.93746,6.15256,5.89352,2.68598,7.41572e-05,30.7011,32.0505,2,2,-3.24652,-0.879078
Mg1Te1,225,cF8,0.4374,insulator-indirect,26.6452,4.73338,53.2905,274.893,218.268,1.97719,6.00793,5.76548,7.75867,6.98621e-05,41.8908,43.6524,2,2,-3.18266,-0.815211
Mg1Tl1,221,cP2,0.0,metal,24.8126,7.65183,49.6252,89.0823,70.6393,2.47362,6.82428,5.97846,0.238181,0.000174726,24.2402,27.6696,2,2,-2.01255,-0.0344435
Mg1Y1,221,cP2,0.0,metal,27.4708,3.42165,54.9416,280.053,222.236,1.43089,5.88137,5.75297,12.4829,5.18222e-05,39.2881,40.165,2,2,-4.13742,-0.109091
Mg24N16,206,cI80,1.5128,insulator-indirect,12.5918,2.66199,503.67,735.767,215.208,1.93011,92.8226,90.435,4.40645,4.55955e-05,102.55,105.257,40,2,-5.04673,-0.763163
Mg24N16,206,cI80,1.5097,insulator-indirect,12.5902,2.66232,503.607,736.792,215.5,1.92859,92.7481,90.3679,4.43222,4.55241e-05,102.543,105.244,40,2,-5.04672,-0.763155
Mg24P16,206,cI80,1.6116,insulator-direct,21.9406,2.04137,877.623,459.082,134.212,1.89154,110.952,107.321,1.79295,5.91303e-05,53.1885,54.9879,40,2,-3.79192,-0.706179
Mg24Sb16,206,cI80,1.3181,insulator-direct,30.1774,3.4822,1207.1,244.059,71.346,1.94888,121.537,116.331,0.657437,7.49441e-05,34.4629,36.0051,40,2,-2.98204,-0.470222
Mg2Mo2N4,194,hP8,0.7104,insulator-indirect,9.95365,6.18338,79.6292,838.031,419.0,2.06807,16.9666,16.7213,27.7483,2.36694e-05,249.763,253.428,8,3,-7.43732,-0.168625
Mg2O12Sb4,136,tP18,1.0418,insulator-direct,11.6546,5.75937,209.782,613.893,234.285,2.382,45.5652,44.272,5.37528,4.07399e-05,167.819,172.722,18,3,-6.16206,-1.83329
Mg2O12Ta4,136,tP18,3.0629,insulator-indirect,11.8535,7.50559,213.363,588.129,224.364,2.02399,45.6922,44.9593,8.94536,2.67687e-05,218.021,221.576,18,3,-8.64364,
Mg2O2,186,hP4,3.3614,insulator-direct,12.2057,2.74163,48.8229,585.874,369.157,1.90189,10.2924,10.0096,10.5539,4.93564e-05,107.085,110.111,4,2,-5.91173,-2.64941
Mg2O2,194,hP4,3.2585,insulator-direct,11.4071,2.93357,45.6285,655.844,413.254,1.90799,9.83001,9.57304,14.3849,4.6796e-05,115.769,118.877,4,2,-5.94733,-2.68502
Mg2O6Si2,63,oS20,4.6369,insulator-direct,8.39764,3.97015,83.9764,883.298,409.852,2.01408,20.478,20.1116,15.2027,3.02244e-05,215.632,219.561,10,3,-6.9371,-2.57497
Mg2O6V2,65,oS20,0.0,half-metal,14.4739,2.82789,144.739,423.019,196.339,2.06175,28.0603,27.2763,2.32607,4.61983e-05,115.375,118.691,10,3,-6.9524,-1.85202
Mg2O6V2,36,oS20,2.4078,insulator-indirect,14.5022,2.82237,145.022,506.908,235.329,1.94527,26.7636,26.1671,4.55773,3.88641e-05,123.42,126.234,10,3,-7.21722,-2.11685
Mg2O8Rh4,227,cF56,2.1913,insulator-direct,11.5734,6.02846,162.027,482.016,199.988,2.20242,38.0571,37.1043,3.77398,3.86828e-05,178.204,182.78,14,3,-5.7353,-0.592555
Mg2Pb1,225,cF12,0.0,metal,27.484,5.15188,82.452,223.996,155.313,2.20877,9.43186,8.77598,2.85965,0.000109793,29.1765,31.3571,3,2,-2.3608,-0.0635757
Mg2Pd4Tb4,127,tP10,0.0,metal,22.3966,8.22916,223.966,207.018,96.0809,1.96561,30.199,29.3211,1.57878,5.03328e-05,69.5373,71.6192,10,3,-4.01081,
Mg2Rh1,139,tI6,0.0,metal,16.9999,4.9333,50.9998,407.937,282.891,2.02792,8.53204,8.24149,10.5141,5.73784e-05,77.2385,79.9616,3,2,-2.8448,
Mg2Ru2Sn8,140,tI24,0.0,metal,22.871,7.26211,274.451,293.055,127.98,2.3702,35.8719,34.406,2.39277,5.89317e-05,69.4151,72.3726,12,3,-3.84507,
Mg2S8Sc4,227,cF56,1.8954,insulator-direct,22.3945,2.56829,313.523,383.089,158.912,1.89089,39.8641,38.8351,2.71121,4.63177e-05,69.1883,71.0216,14,3,-5.87254,
Mg2Sc4Se8,227,cF56,1.4152,insulator-direct,25.9142,3.93676,362.799,264.944,109.952,1.90579,41.6698,40.4597,1.64241,5.16557e-05,56.518,58.2084,14,3,-5.29955,
Mg2Se2,186,hP4,2.5723,insulator-direct,26.9247,3.18436,107.699,248.037,156.23,1.91133,12.0811,11.617,2.62973,6.86422e-05,41.1028,42.7447,4,2,-3.80032,-1.26225
Mg2Se8Y4,227,cF56,1.3014,insulator-direct,28.5978,4.29648,400.369,237.993,98.7494,1.91096,41.9571,40.7538,1.47126,5.08389e-05,52.6534,54.2081,14,3,-5.7761,-1.71175
Mg2Si1,225,cF12,0.235,insulator-indirect,21.3427,1.98907,64.028,545.134,377.882,1.91505,7.98049,7.69688,15.5421,6.3616e-05,48.8087,50.6071,3,2,-2.97769,-0.182787
Mg2Sn1,225,cF12,0.0,metal,26.5482,3.4881,79.6446,304.035,210.782,2.06034,9.04729,8.57875,5.37237,8.6339e-05,35.2008,37.1234,3,2,-2.50063,
Mg2Te2,186,hP4,2.3746,insulator-direct,34.3614,3.67046,137.446,183.028,115.283,1.93421,12.3086,11.7918,1.64274,7.40586e-05,30.6907,32.0357,4,2,-3.24681,-0.879364
Mg2Te2,194,hP4,0.8313,insulator-indirect,26.6621,4.73039,106.648,230.065,144.891,1.97219,12.1648,11.6704,2.87117,7.0461e-05,41.9632,43.7409,4,2,-3.19921,-0.831765
Mg3Nb6O11,164,hP20,0.489,insulator-indirect,12.1599,5.50567,243.199,601.929,221.779,2.01958,50.3981,49.5349,6.82779,2.86908e-05,195.729,199.139,20,3,-7.98492,
Mg3Ni20P6,225,cF116,0.0,metal,11.4666,7.15367,332.531,437.094,142.238,2.25141,81.1025,78.6332,1.94102,4.60336e-05,156.674,161.594,29,3,-3.15584,
Mg3Pd3Y3,189,hP9,0.0,metal,21.7414,5.59107,195.672,204.952,98.5537,1.92835,27.265,26.4073,1.12064,5.52262e-05,64.4217,66.5141,9,3,-4.25585,
Mg3Tb1,225,cF16,0.0,metal,24.484,3.93093,97.9362,286.863,180.799,1.76502,11.9727,11.4929,5.28399,7.73951e-05,36.5658,38.0924,4,2,-2.43793,
Mg3Tl3Y3,189,hP9,0.0,metal,25.7818,6.8182,232.036,261.052,125.476,2.09104,27.1466,26.0496,2.96486,6.60563e-05,48.7027,50.7537,9,3,-3.82608,-0.352947
Mg3Y3Zn3,189,hP9,0.0,metal,22.923,4.31237,206.307,285.085,137.014,1.85046,26.8333,25.8675,2.72902,6.62084e-05,47.7863,49.5706,9,3,-3.07368,
Mg4N6P2,36,oS24,3.5318,insulator-indirect,11.0469,3.04653,132.563,822.089,359.042,2.00532,25.8711,25.3837,12.1158,3.19759e-05,162.555,165.677,12,3,-6.53956,-0.961695
Mg4N8Si4,33,oP16,3.9653,insulator-indirect,10.8577,3.07418,173.723,879.114,348.831,1.93032,32.8114,32.3004,13.0967,2.73844e-05,177.493,180.301,16,3,-7.09862,-1.18497
Mg4O12Se4,62,oP20,4.0086,insulator-indirect,11.8056,4.25523,236.113,646.13,237.988,2.03,49.4655,48.1856,6.21231,4.35101e-05,129.079,132.507,20,3,-5.60264,-1.62873
Mg4O12Si4,62,oP20,5.4138,insulator-indirect,8.39642,3.97073,167.928,986.825,363.614,2.04722,37.3204,36.7029,12.9046,2.7518e-05,218.95,222.634,20,3,-6.9816,-2.61948
Mg4O8,205,cP12,3.7333,insulator-indirect,9.78964,3.18346,117.476,783.681,342.444,1.9666,26.8705,26.1538,9.78385,4.65084e-05,126.373,129.836,12,2,-5.53426,-1.71567
Mg4O8Si2,164,hP14,4.5912,insulator-direct,10.8001,3.09028,151.201,794.176,329.441,1.9489,30.8982,30.2769,10.325,3.51345e-05,150.093,153.173,14,3,-6.82652,-2.77862
Mg4O8Si2,227,cF56,4.7587,insulator-direct,9.6689,3.45181,135.365,898.982,373.007,1.98158,28.2859,27.7735,13.9388,3.11239e-05,176.076,179.324,14,3,-6.81748,-2.76958
Mg4O8Sn2,227,cF56,1.5203,insulator-indirect,11.9121,4.60609,166.77,531.04,220.319,2.06063,37.2208,36.1706,4.63605,4.66736e-05,130.539,134.33,14,3,-5.96357,-2.14833
Mg4P6Rh7,229,cI34,0.0,metal,14.3643,6.82322,244.194,447.081,173.843,2.25904,47.0417,45.8453,3.78393,3.82577e-05,150.906,154.844,17,3,-4.7066,
Mg4Pt2,140,tI12,0.0,metal,18.8502,7.15595,113.101,310.07,170.6,2.09342,17.7219,17.1086,4.49778,5.6273e-05,76.7632,79.5147,6,2,-2.99682,
Mg4Pt2Si2,194,hP8,0.0,metal,17.0354,6.62314,136.283,376.146,188.0,2.22479,23.0743,22.2703,4.68716,5.3477e-05,92.9957,96.353,8,3,-3.65898,
Mg4Se8,205,cP12,1.6364,insulator-indirect,23.0508,4.37573,276.609,308.979,134.968,2.01111,35.6195,34.2286,2.44329,6.64681e-05,51.1948,53.2752,12,2,-3.68855,-0.835619
Mg4Si2,194,hP6,0.0,metal,18.8254,2.25503,112.953,309.166,170.049,2.00371,18.0047,17.1253,1.5409,8.38717e-05,49.5106,52.0533,6,2,-2.8031,-0.00820267
Mg4Si2,227,cF24,0.0,metal,20.5556,2.06522,123.334,304.022,167.298,1.82939,18.0479,17.1568,1.84587,9.23911e-05,37.6413,39.5965,6,2,-2.38722,0.407681
Mg4Si4Sr4,62,oP12,0.0434,insulator-indirect,25.5615,3.03181,306.738,365.032,159.428,1.91612,34.9321,33.5544,3.56197,7.0462e-05,40.6187,42.2866,12,3,-3.29855,-0.3983
Mg4Te8,205,cP12,1.116,insulator-indirect,29.9322,5.16867,359.186,230.93,100.899,2.07164,36.5737,35.0064,1.59949,7.08045e-05,39.1846,40.939,12,2,-3.20505,-0.579617
Mg4Th2,227,cF24,0.0,metal,26.8863,5.77776,161.318,229.986,126.574,1.73211,17.9952,17.5001,3.5876,5.38509e-05,47.8771,49.2318,6,2,-3.313,
Mg5Pd10Si16,216,cF124,0.0,metal,16.2193,5.39941,502.797,425.959,135.609,2.27996,87.2708,84.4635,2.00146,4.81136e-05,108.457,112.062,31,3,-4.36423,
Mg5Pt10Si16,216,cF124,0.0,metal,16.2981,8.28822,505.24,368.97,117.464,2.2762,88.9407,86.4945,2.01208,4.09802e-05,130.698,134.395,31,3,-4.83094,
Mg6Mn1O8,225,cF60,2.2626,insulator-indirect,10.1578,3.58296,152.367,810.063,328.439,2.06076,32.8671,32.0356,9.91502,4.2039e-05,138.834,142.438,15,3,-6.255,-2.37743
Mg6Ni16Si7,225,cF116,0.0,metal,12.1828,6.02298,353.302,523.908,170.555,2.1573,77.4469,75.2118,3.3528,4.56531e-05,135.696,139.728,29,3,-3.27756,
Mg6O6,223,cP12,2.8856,insulator-direct,14.9364,2.2404,179.237,502.877,219.705,1.88942,32.4177,31.4799,3.47269,5.22601e-05,86.2608,88.8306,12,2,-5.84885,-2.58653
Mg6P4,224,cP10,1.1048,insulator-indirect,21.8427,2.05052,218.427,500.838,232.544,1.94788,27.2223,26.2729,5.51334,6.13507e-05,51.8463,53.7198,10,2,-3.60452,-0.518775
Mg6Zn33,200,cP39,0.0,metal,15.4582,6.34438,602.87,286.197,84.3356,2.34614,122.234,112.275,0.541201,0.000121037,49.1722,53.534,39,2,-0.674573,
Mg8O8,72,oI32,3.0749,insulator-direct,11.8805,2.81668,190.088,670.158,265.89,1.94337,38.9723,37.9171,5.91195,4.76377e-05,109.932,112.991,16,2,-5.90948,-2.64717
Mg8Sr4,194,hP12,0.0,metal,31.3015,2.409,375.617,270.939,118.37,1.76179,36.522,34.6549,1.8252,9.9119e-05,22.4784,23.6894,12,2,-1.73034,-0.106837
Mg8Tb4,194,hP12,0.0,metal,25.9998,4.41825,311.997,222.055,96.9674,1.686,36.2807,35.0714,1.57817,6.70236e-05,38.7525,40.0887,12,2,-2.6799,
Mn1,225,cF4,0.0,metal,18.9898,4.80399,18.9898,298.907,299.0,1.43004,2.94193,2.86029,20.9082,6.44191e-05,45.8039,47.1114,1,1,-6.65142,
Mn1Ni1Sb1,216,cF12,0.0,metal,18.2055,7.15635,54.6164,271.893,118.807,2.20898,36.0056,34.6214,1.62039,5.95862e-05,80.6199,83.8431,3,3,-4.72693,
Mn1Ni2Sb1,225,cF16,0.0,metal,14.2362,8.5752,56.9446,275.076,173.239,2.42465,12.0622,11.5357,2.46844,6.17242e-05,108.362,113.308,4,3,-4.02767,
Mn1Ni3,221,cP4,0.0,metal,11.8035,8.12465,47.2141,339.963,214.187,2.2434,11.7485,11.2906,4.091,5.99651e-05,119.219,124.054,4,2,-3.42826,
Mn1Ni4Y1,216,cF24,0.0,metal,14.036,7.46519,84.2158,336.09,184.908,2.33822,17.7321,16.9627,3.18049,6.3531e-05,100.625,105.189,6,3,-3.8901,
Mn1Ni6O8,225,cF60,1.2282,insulator-indirect_spin-polarized,9.97685,5.93715,149.653,581.087,235.584,2.0437,38.6321,37.6477,6.02782,4.2518e-05,162.958,167.219,15,3,-5.42017,
Mn1O1,225,cF8,0.1755,insulator-indirect,11.5243,5.11069,23.0486,499.764,396.85,2.15035,5.42456,5.25637,13.7516,4.94729e-05,134.49,138.794,2,2,-7.81368,-0.771356
Mn1O3Sr1,221,cP5,0.0,metal,11.7572,5.38267,58.7861,541.336,316.379,2.67903,13.6335,12.8787,6.37594,7.26335e-05,108.439,114.794,5,3,-6.81705,-1.69095
Mn1Pb1Rh2,225,cF16,0.0,metal,16.6485,11.6684,66.5941,267.926,168.829,2.51271,11.9937,11.5548,3.53935,4.92192e-05,122.354,127.001,4,3,-4.95815,
Mn1Pd1,221,cP2,0.0,metal,16.145,8.29695,32.29,260.875,207.156,2.23273,6.01074,5.78768,4.58067,5.66824e-05,96.4157,100.132,2,2,-5.35988,
Mn1Pd1Te1,216,cF12,0.0,metal,21.6819,7.37625,65.0457,188.072,130.352,2.32941,9.21994,8.83497,1.56982,6.11751e-05,70.5605,73.6351,3,3,-4.79778,
Mn1Pd2Sb1,225,cF16,0.0,metal,17.2562,9.36996,69.0249,220.102,138.591,2.34737,12.1484,11.6977,1.91199,5.39205e-05,100.613,104.49,4,3,-4.65466,
Mn1Pd2Sn1,225,cF16,0.0,metal,17.1857,9.33451,68.7427,240.908,151.82,2.5653,12.1982,11.6432,2.05658,6.03287e-05,99.1854,103.913,4,3,-4.56267,
Mn1Pt1,123,tP2,0.0,metal,15.8369,13.108,31.6738,273.058,216.68,2.44473,5.97366,5.76815,6.61807,4.8105e-05,126.641,131.153,2,2,-5.95962,
Mn1Pt1Sb1,216,cF12,0.0,metal,20.8981,9.84704,62.6942,219.036,151.846,2.33031,9.08253,8.77462,3.14393,4.98289e-05,89.1339,92.2617,3,3,-5.49107,
Mn1Pt1Sn1,216,cF12,0.0,metal,21.2924,9.58514,63.8771,202.993,140.752,2.41855,9.16637,8.80809,2.30522,5.49016e-05,83.8146,87.2238,3,3,-5.26695,
Mn1Pt3,221,cP4,0.0,metal,15.4324,17.2218,61.7295,268.063,168.829,2.55389,11.889,11.5493,4.54753,3.81256e-05,171.818,176.872,4,2,-4.9281,
Mn1Rh1,221,cP2,0.0,metal,15.1551,8.64742,30.3102,355.115,281.764,2.27927,5.80154,5.61166,10.5712,4.87958e-05,118.017,122.01,2,2,-5.86014,
Mn1Rh1Sb1,216,cF12,0.0,metal,19.8086,7.81272,59.4257,243.963,169.18,2.20658,8.99271,8.71916,3.62165,4.66894e-05,94.7913,97.7653,3,3,-5.45061,
Mn1Rh2Sn1,225,cF16,0.0,metal,16.0465,9.81637,64.186,322.075,202.847,2.41681,11.7089,11.357,5.34893,4.21971e-05,138.695,142.992,4,3,-5.1907,
Mn1S1,225,cF8,0.8195,insulator-indirect_spin-polarized,18.4367,3.91782,36.8735,402.909,319.861,1.99879,5.70028,5.50391,12.123,5.81746e-05,70.4302,72.9431,2,2,-6.56227,
Mn1S1,221,cP2,0.0,metal,11.0902,6.51312,22.1804,505.169,400.819,2.14626,5.36995,5.23933,17.2457,3.85555e-05,177.867,182.301,2,2,-4.14193,
Mn1Se1,225,cF8,0.3985,insulator-indirect,21.2344,5.23544,42.4688,307.047,243.666,2.04933,5.94227,5.70886,8.17748,6.46306e-05,58.8423,61.2481,2,2,-6.10407,
Mn1Te1,216,cF8,1.0463,insulator-direct,34.0884,4.44596,68.1769,164.942,130.961,2.09736,6.19816,5.91634,1.92182,7.47636e-05,33.0474,34.6216,2,2,-5.62908,
Mn1Te1,225,cF8,0.0,half-metal,26.2705,5.76904,52.5411,236.016,187.313,1.95569,6.07306,5.82761,6.01353,6.85184e-05,44.4822,46.3558,2,2,-5.581,
Mn1V1,221,cP2,0.0,metal,12.2042,7.20312,24.4085,615.096,488.126,2.02106,4.99044,4.9113,44.5248,2.65145e-05,208.54,211.9,2,2,-5.77879,
Mn2N6Sr6,176,hP14,0.0,half-metal,19.5246,4.37173,273.344,334.103,138.581,2.28103,41.5785,39.6201,1.70322,7.37391e-05,58.4242,61.312,14,3,-5.77859,
Mn2Na2O4,59,oP8,1.0842,insulator-indirect,11.3886,4.00704,91.1085,642.888,321.5,2.29858,20.1301,19.3229,7.76154,6.03003e-05,109.007,113.56,8,3,-6.33757,
Mn2Nb6S12,182,hP20,0.0,metal,19.1258,4.56698,382.516,497.041,183.096,2.00277,53.6452,52.5908,5.93815,3.32097e-05,113.232,115.502,20,3,-6.88525,
Mn2O3Ta1,191,hP6,0.0,metal,11.578,8.09908,69.4681,417.962,230.034,2.01291,16.8585,16.4012,7.0869,4.56268e-05,142.959,146.946,6,3,-7.66785,
Mn2O6Y2,194,hP10,0.0,half-metal,13.0365,4.88724,130.365,503.884,233.936,2.12347,26.8985,26.2073,5.55972,4.11879e-05,141.329,145.057,10,3,-8.35056,
Mn2S8Sc4,227,cF56,1.3737,insulator-direct,22.4059,2.89131,313.682,359.985,149.369,1.87708,40.2149,39.1839,2.5775,4.63468e-05,69.1518,70.9714,14,3,-6.53446,
Mn2Sc4Se8,227,cF56,0.957,insulator-direct,25.891,4.22096,362.474,248.911,103.313,1.90302,41.8433,40.6345,1.46419,5.14667e-05,56.8447,58.5357,14,3,-5.96934,
Mn2Se2,194,hP4,0.8284,insulator-indirect_spin-polarized,21.4001,5.19492,85.6002,269.03,169.459,2.15235,12.0669,11.5539,3.11908,6.74493e-05,58.8587,61.4724,4,2,-6.09174,
Mn2Se6Th2,63,oS20,0.3928,insulator-direct_spin-polarized,25.6744,6.77627,256.744,247.055,114.647,1.99258,29.812,29.0384,2.56696,4.39947e-05,70.5467,72.4261,10,3,-6.08567,
Mn2Si2Tb1,139,tI10,0.0,metal,18.4383,5.85336,92.1915,393.07,229.828,2.34071,14.4861,13.8321,6.4601,6.5808e-05,73.2855,76.7507,5,3,-6.31902,
Mn2Si2Y1,139,tI10,0.0,metal,18.4199,4.59676,92.0997,442.203,258.483,2.21015,14.0666,13.5327,8.16405,5.87871e-05,75.1781,78.1443,5,3,-6.68496,
Mn2Sn1W1,225,cF16,0.0,metal,14.533,11.7807,58.1319,414.982,261.434,2.1702,11.1405,10.9396,15.1916,2.8049e-05,199.154,202.811,4,3,-5.62642,
Mn2Sn4,140,tI12,0.0,metal,19.8848,8.13696,119.309,331.123,182.156,2.36517,17.6733,16.9864,5.12253,5.62697e-05,81.8996,85.2111,6,2,-3.76015,
Mn2Te2,194,hP4,0.0,half-metal,26.3205,5.75809,105.282,204.976,129.142,1.99584,12.2445,11.7391,2.37687,6.91567e-05,44.7054,46.6301,4,2,-5.59072,
Mn3N1Pd1,221,cP5,0.0,metal,14.4776,6.5428,72.388,373.094,218.132,2.42578,14.7402,13.9596,4.13613,7.81639e-05,79.0232,83.4423,5,3,-6.68825,
Mn3N1Zn1,221,cP5,0.0,metal,14.7178,5.51042,73.5888,350.052,204.681,1.71657,14.6355,14.0614,6.2486,7.76808e-05,57.6809,60.036,5,3,-6.01239,
Mn3Nb6O11,164,hP20,0.4695,insulator-indirect_spin-polarized,12.6724,5.88515,253.447,518.956,191.201,2.03629,52.9475,51.9897,4.85083,3.00406e-05,190.225,193.73,20,3,-8.54476,
Mn3P3Rh3,189,hP9,0.0,metal,14.321,7.29788,128.889,372.031,178.839,2.25666,25.9039,25.0881,3.56305,4.69945e-05,128.596,132.778,9,3,-6.07372,
Mn3Sb1,221,cP4,0.0,metal,19.912,5.97442,79.6481,262.829,165.68,2.2632,12.3822,11.5831,2.74435,0.000100694,43.3862,46.3793,4,2,-6.18685,
Mn4Nb4P4,62,oP12,0.0,metal,13.1061,7.55208,157.273,548.092,239.361,2.09938,31.1608,30.6855,10.0886,2.44943e-05,228.67,232.212,12,3,-6.87145,
Mn4Ni4Si4,216,cF12,0.0,metal,14.7487,5.31845,176.985,364.991,159.428,2.01292,34.6361,33.5404,2.69993,5.34384e-05,97.1091,100.281,12,3,-4.98415,
Mn4O10Sr4,55,oP18,0.1202,insulator-indirect,13.2744,5.07482,238.938,498.828,190.404,2.27568,49.1569,47.3476,3.34065,5.54163e-05,110.877,115.114,18,3,-6.96423,
Mn4O12Sr4,194,hP20,0.7974,insulator-indirect_spin-polarized,12.3109,5.14059,246.218,541.703,199.675,2.42337,53.5193,51.3955,3.19101,5.63368e-05,122.2,127.25,20,3,-6.85505,-1.72896
Mn4O14Sb4,227,cF88,0.0,metal,12.369,5.67964,272.119,561.883,200.568,2.43259,57.7071,55.8683,3.67755,4.4881e-05,151.443,156.427,22,3,-6.77106,
Mn4O14Tl4,227,cF88,0.0,half-metal,11.6744,8.15424,256.837,426.959,152.389,2.59867,62.8448,59.9773,1.85878,6.03319e-05,138.067,144.668,22,3,-5.97745,
Mn4O14Y4,227,cF88,0.8556,insulator-indirect,11.5487,5.22444,254.071,626.856,223.766,2.32621,55.2608,53.6732,4.72584,4.22069e-05,158.179,162.857,22,3,-8.10328,-2.12588
Mn4P4Zr4,62,oP12,0.0,metal,16.5359,5.92922,198.431,460.019,200.924,1.86938,32.8271,32.1426,8.23614,3.74402e-05,111.035,113.4,12,3,-7.74716,
Mn4Pd8,62,oP12,0.0,metal,15.6874,9.44684,188.249,273.018,119.244,2.45048,36.0648,34.6193,1.42065,5.58951e-05,110.039,114.633,12,2,-4.58962,
Mn4Si4Tb4,62,oP12,0.0,metal,17.4775,7.66252,209.73,367.018,160.302,1.9616,34.3733,33.4998,5.22674,4.37471e-05,98.6744,101.247,12,3,-5.28105,
Mn4Te8Zn2,227,cF56,0.0,metal,28.7276,5.66185,402.186,126.006,52.2791,2.10479,43.7951,41.6605,0.234734,7.94371e-05,37.6207,39.5483,14,3,-4.24767,
Mn6Sn6Zr1,191,hP13,0.0,metal,21.93,6.59923,285.09,249.003,105.897,2.20088,39.8489,37.774,1.40832,8.13185e-05,49.0403,51.7341,13,3,-5.58836,
Mn8Sc4,194,hP12,0.0,metal,21.4171,4.00155,257.005,332.924,145.451,1.77881,35.2066,33.9545,3.32358,6.70404e-05,48.3811,50.1651,12,2,-6.24712,
Mn8Sc4,194,hP12,0.0,metal,21.2566,4.03177,255.079,333.09,145.451,1.75261,35.1618,33.9488,3.43313,6.59508e-05,48.4495,50.1807,12,2,-6.24737,
Mo12N4Ni8,213,cP24,0.0,metal,12.3604,9.38632,296.648,527.997,183.047,2.13807,63.0193,62.0587,6.27578,2.40494e-05,254.389,258.327,24,3,-6.24888,
Mo12N4Pt8,213,cP24,0.0,metal,13.7063,13.9729,328.952,421.028,145.953,2.24944,66.4482,65.4668,4.86061,2.20952e-05,278.835,283.015,24,3,-6.94804,
Mo12P4,121,tI32,0.0,metal,14.8758,8.89651,238.012,444.063,176.202,2.07913,43.747,43.1738,6.2961,2.12001e-05,244.592,247.84,16,2,-7.691,
Mo16N4Ni8,227,cF112,0.0,metal,12.812,9.53816,358.737,472.017,155.438,2.1335,75.6536,74.5299,4.33167,2.34847e-05,258.096,261.987,28,3,-6.48358,
Mo1N1,221,cP2,0.0,metal,10.056,9.07774,20.1119,466.021,369.864,2.01575,5.42112,5.34112,18.8996,2.46498e-05,297.936,302.399,2,2,-7.87174,
Mo1N1,216,cF8,0.0,metal,13.4204,6.80197,26.8409,327.988,260.334,1.80192,5.7474,5.66196,9.2544,2.78942e-05,186.421,189.235,2,2,-8.34009,
Mo1P1,187,hP2,0.0,metal,14.7149,7.16094,29.4299,580.037,460.346,2.07004,5.09196,5.0195,45.0686,2.3176e-05,209.076,212.094,2,2,-7.35013,
Mo1P1,225,cF8,0.0,metal,17.2811,6.09755,34.5623,304.056,241.285,1.27731,5.76458,5.70732,19.4741,3.15675e-05,77.182,77.9564,2,2,-6.7374,
Mo1Pt2,71,oI6,0.0,metal,15.2316,17.6655,45.6947,346.965,240.596,2.37894,8.577,8.43365,14.0742,2.36931e-05,253.145,257.447,3,2,-5.39439,
Mo1Si2,139,tI6,0.0,metal,13.6837,6.15297,41.0511,720.083,499.22,2.10387,6.97058,6.86304,49.6447,2.48054e-05,193.218,196.245,3,2,-6.77448,
Mo1Zn7,225,cF32,0.0,metal,14.3381,8.01424,114.705,320.857,160.5,2.19521,23.807,22.7402,2.89929,7.01373e-05,83.8862,87.8215,8,2,-1.43846,
Mo2N2,194,hP4,0.0,metal,10.304,8.85922,41.216,711.082,447.902,2.13177,9.3255,9.20824,37.7592,1.99002e-05,327.083,331.248,4,2,-8.53694,
Mo2Na4O8,227,cF56,4.28,insulator-indirect,14.0476,3.4773,196.666,635.818,263.885,2.04279,34.8277,33.9534,7.64514,4.19037e-05,114.132,117.071,14,3,-6.39731,-1.65456
Mo2Ni2P4,194,hP8,0.0,metal,13.4773,6.67113,107.819,557.148,278.5,2.14458,20.7523,20.3579,12.1749,2.99848e-05,183.765,187.325,8,3,-5.78683,
Mo2O12Rh4,136,tP18,0.0544,insulator-indirect,11.2509,6.52266,202.517,543.991,207.575,2.22262,47.1105,46.1492,4.68684,3.11098e-05,222.643,227.281,18,3,-6.44725,-0.3237
Mo2O4,136,tP6,0.0,half-metal,11.9933,5.90464,71.9595,572.888,315.334,2.14816,15.4018,15.1198,12.0956,2.88621e-05,214.117,218.111,6,2,-7.92667,-1.02461
Mo2P4,36,oS12,0.0,metal,14.9707,5.83761,89.824,631.054,347.253,2.10328,14.8336,14.5865,22.4828,2.67883e-05,174.311,177.263,6,2,-6.78863,
Mo2Pt2,51,oP4,0.0,metal,15.373,15.718,61.4921,382.052,240.645,2.29175,11.265,11.094,15.1277,2.22986e-05,253.897,257.81,4,2,-6.09751,
Mo2Pt4Si6,26,oP12,0.0,metal,14.8534,10.6276,178.241,404.911,176.9,2.22275,33.6211,32.9708,5.97809,2.93842e-05,191.794,195.577,12,3,-5.8894,
Mo2Rh2,51,oP4,0.0,metal,14.8385,11.1261,59.3542,398.954,251.354,2.1765,11.1709,11.0116,13.0106,2.20646e-05,250.77,254.396,4,2,-6.12362,
Mo2Rh6,194,hP8,0.0,metal,14.3803,11.6818,115.042,432.928,216.5,2.67414,22.2701,21.7139,6.76682,3.16916e-05,217.863,223.444,8,2,-5.1326,
Mo2Se4,194,hP6,1.0407,insulator-indirect,21.8187,6.4401,130.912,407.927,224.531,2.11308,16.8225,16.4633,10.9601,3.42283e-05,106.315,108.634,6,2,-5.65513,
Mo3Ni3P3,189,hP9,0.0,metal,12.3228,8.33691,110.905,465.892,224.029,2.21158,24.5108,24.0435,6.82361,2.90955e-05,225.845,230.235,9,3,-5.68882,
Mo3P3Zr3,189,hP9,0.0,metal,16.2474,7.43134,146.227,500.993,240.856,2.04073,23.9627,23.6134,12.9971,2.4063e-05,188.132,190.915,9,3,-8.30694,
Mo3Si6,180,hP9,0.2883,insulator-indirect,13.6419,6.17182,122.777,658.985,316.814,2.09899,21.8383,21.486,18.3376,2.5988e-05,193.035,196.2,9,2,-6.73699,
Mo3Ti1,71,oI8,0.0,metal,16.3295,8.5348,65.318,402.949,253.874,1.89735,11.1264,10.9922,15.7528,2.1383e-05,204.623,207.122,4,2,-7.36303,
Mo4O12,62,oP16,,,14.9122,4.00704,238.595,813.09,322.639,2.17376,34.6408,34.0913,15.9052,2.47406e-05,170.617,173.367,16,2,-8.26376,-1.85442
Mo4O8,14,mP12,,,11.3299,6.25034,135.959,640.144,279.546,2.16308,29.4658,29.0018,10.2614,2.46105e-05,256.256,260.356,12,2,-8.79255,-1.89049
Mo4P4Rh4,62,oP12,0.0,metal,13.7919,9.2234,165.503,471.038,205.728,2.24271,32.5073,31.971,7.24741,2.4813e-05,239.435,243.451,12,3,-6.3895,
Mo4Si4Zr4,62,oP12,0.0,metal,17.126,6.95673,205.513,485.042,211.843,1.96922,32.187,31.7323,10.5704,2.41762e-05,172.186,174.653,12,3,-8.06619,
Mo4Zr2,227,cF24,0.0,metal,18.6549,8.39992,111.929,324.051,178.304,1.88965,17.2157,17.0044,7.4037,2.17977e-05,180.889,183.136,6,2,-8.32038,
Mo6Os2,223,cP8,0.0,metal,15.7367,12.6102,125.893,375.996,188.0,2.07771,22.4875,22.2324,9.29637,1.8345e-05,274.174,277.32,8,2,-8.0147,
Mo6Pt2,223,cP8,0.0,metal,15.8407,12.6556,126.725,318.974,159.5,2.15076,23.0225,22.7101,5.3336,2.12276e-05,248.553,251.971,8,2,-6.97892,
Mo6Sb14,229,cI40,0.0,metal,22.6691,8.35115,453.382,287.932,106.1,2.1937,58.8199,57.3969,2.17027,3.73035e-05,102.393,104.931,20,2,-5.2894,
Mo6Si2,223,cP8,0.0,metal,15.0459,8.71622,120.367,498.041,249.0,2.02942,21.2741,21.0097,14.8,2.06195e-05,235.513,238.477,8,2,-7.64887,
Mo6Si4,127,tP10,0.0,metal,14.6107,7.81907,146.107,438.946,203.766,2.03012,27.439,27.0461,7.53103,2.37514e-05,217.02,220.173,10,2,-7.24278,
Mo6Sn2,223,cP8,0.0,metal,17.2131,9.80394,137.705,392.949,196.5,2.09809,22.4031,22.0806,9.10749,2.31027e-05,199.679,202.596,8,2,-6.77158,
Mo6Zr2,223,cP8,0.0,metal,17.7977,8.84117,142.382,209.974,105.0,1.89053,23.7416,23.4297,1.64266,2.33451e-05,182.943,185.378,8,2,-7.9287,
Mo8P5,6,mP13,0.0,metal,14.6305,8.05307,190.196,510.062,216.898,2.09366,34.4291,33.9443,9.56334,2.26502e-05,226.421,229.655,13,2,-7.48754,
N12Rh4,204,cI32,0.0,metal,9.05074,6.64738,144.812,830.814,329.783,2.23634,34.2239,33.5969,13.6278,2.78732e-05,252.107,256.812,16,2,-6.6436,
N12Rh4,204,cI32,0.0,metal,10.4819,5.73979,167.71,725.932,288.113,2.22971,37.209,36.4449,9.59784,3.13292e-05,210.169,214.576,16,2,-7.00007,
N12Ta10,193,hP22,0.0,metal,11.4201,13.0703,251.242,535.102,190.932,2.02094,57.3534,56.6335,9.78748,2.09278e-05,298.61,302.406,22,2,-10.2586,
N16Zn24,206,cI80,0.5708,insulator-direct,10.9842,6.77729,439.368,477.95,139.768,2.01404,109.663,106.327,2.32996,5.15322e-05,128.896,132.941,40,2,-3.81191,0.275055
N1Na1,225,cF8,0.0,half-metal,15.7778,1.94685,31.5556,375.09,297.638,2.13594,6.33934,5.60021,3.45413,0.000198588,25.621,29.0026,2,2,-3.5552,1.26183
N1Na3,191,hP4,0.0,metal,20.2058,1.70477,80.8234,321.621,202.847,2.01009,12.6681,11.4021,1.91205,0.000177917,21.0884,23.43,4,2,-2.80728,0.258922
N1Na3,221,cP4,0.0,metal,26.2204,1.31372,104.882,313.949,197.808,1.9676,12.5773,11.4271,2.02204,0.000164972,17.2895,19.0297,4,2,-2.8446,0.2216
N1Na3,225,cF16,0.0,metal,15.1288,2.27687,60.515,351.695,221.746,1.98089,12.7412,11.2965,2.35311,0.000209033,22.9512,25.8865,4,2,-2.60742,0.45878
N1Nb1,225,cF8,0.0,metal,10.9317,8.12012,21.8634,586.922,465.902,2.05442,5.06435,4.9965,36.2585,2.19938e-05,292.061,296.027,2,2,-9.37209,-0.100087
N1Nb1,221,cP2,0.0,metal,10.4364,8.50549,20.8728,707.005,561.146,2.00277,4.67686,4.61734,66.0028,2.14392e-05,282.256,285.894,2,2,-8.9377,0.334294
N1Nb1,187,hP2,0.0,metal,11.0815,8.01036,22.163,744.998,591.307,1.99788,4.54216,4.49238,79.184,1.84806e-05,299.404,302.722,2,2,-9.56584,-0.293844
N1Nd1,225,cF8,0.0,half-metal,17.3552,7.57048,34.7105,400.048,317.48,1.99304,5.62021,5.50728,21.1341,3.40392e-05,127.978,130.602,2,2,-8.82155,
N1Ni3Zn1,221,cP5,0.0,metal,10.3319,8.21139,51.6595,390.906,228.658,2.25597,14.2926,13.8339,4.46541,4.84398e-05,169.565,175.188,5,3,-3.19708,
N1Pa1,225,cF8,0.0,metal,15.2112,13.3753,30.4225,333.965,265.096,2.00252,5.73138,5.64911,18.0307,2.40666e-05,213.025,216.127,2,2,-10.5513,
N1Pd1,225,cF8,0.0,metal,10.8645,9.2015,21.7291,361.914,287.32,2.35059,5.76934,5.59588,7.1347,4.35206e-05,191.045,196.967,2,2,-4.40654,
N1Pt1,225,cF8,0.0,metal,11.1516,15.5679,22.3031,199.983,158.74,2.37936,6.03899,5.87334,2.04803,3.90971e-05,220.757,226.983,2,2,-4.70493,
N1Pu1,225,cF8,0.0,metal,15.0556,14.2316,30.1112,341.017,270.652,1.52205,5.70286,5.63298,36.6746,2.70117e-05,145.047,146.846,2,2,-12.5707,
N1Re3,187,hP4,0.0,metal,12.6006,18.8649,50.4023,462.059,291.042,2.14699,10.8145,10.6972,28.3356,1.69866e-05,368.753,372.798,4,2,-9.25528,
N1Rh1,187,hP2,0.0,metal,10.4579,9.28181,20.9159,351.984,279.383,2.34638,5.75997,5.6157,6.3068,3.61597e-05,239.784,245.944,2,2,-5.12357,
N1Rh1,225,cF8,0.0,metal,10.3037,9.42075,20.6074,512.867,407.168,2.26257,5.32869,5.21573,21.0524,3.17733e-05,246.65,251.992,2,2,-5.49843,
N1Ru1,216,cF8,0.0,metal,11.8706,8.04887,23.7411,408.097,323.83,2.15577,5.58811,5.48619,12.1175,2.85741e-05,239.373,243.819,2,2,-6.89196,
N1Sb1Sr3,221,cP5,0.2557,insulator-direct,28.3735,4.66575,141.868,301.004,176.026,1.99347,14.8698,14.2992,5.80746,6.58559e-05,41.7766,43.4439,5,3,-4.42724,-0.975515
N1Sc1,225,cF8,0.4497,insulator-indirect,12.0558,4.0607,24.1115,842.926,669.09,1.93386,4.22206,4.16128,70.0922,2.52114e-05,179.84,182.467,2,2,-8.60734,-1.28193
N1Ta1,221,cP2,0.0,metal,10.6325,15.2236,21.265,517.025,410.343,1.98265,5.27153,5.20039,48.3542,2.29346e-05,289.318,293.275,2,2,-9.58746,0.496334
N1Ta1,187,hP2,0.0,metal,11.1516,14.5149,22.3033,573.072,454.79,2.02391,5.09799,5.03727,63.907,1.98222e-05,316.028,319.837,2,2,-10.3516,-0.267809
N1Ta1,225,cF8,0.0,metal,10.9931,14.7242,21.9862,366.025,290.494,2.0549,5.66234,5.58167,16.0175,2.33291e-05,307.483,311.927,2,2,-10.0351,0.048663
N1Tb1,225,cF8,0.0,metal,15.137,9.48538,30.274,466.04,369.864,1.97927,5.44342,5.34245,35.4666,3.16851e-05,151.074,153.93,2,2,-8.14175,
N1Tc3,187,hP4,0.0,metal,12.2674,10.5151,49.0697,577.041,363.487,2.18126,10.1821,10.054,28.7143,1.94272e-05,315.566,319.587,4,2,-7.47932,
N1Th1,225,cF8,0.0,metal,18.9447,10.7832,37.8894,346.919,275.414,2.13991,5.72108,5.62266,18.9114,2.70952e-05,161.314,164.138,2,2,-8.49074,
N1Ti1,225,cF8,0.0,metal,10.0198,5.12977,20.0396,851.818,676.233,1.9665,4.18347,4.13041,68.8785,2.18123e-05,252.039,255.277,2,2,-8.22392,-0.095256
N1Tl1,225,cF8,0.0,metal,15.2217,11.9114,30.4435,264.877,210.331,2.53603,6.09896,5.78484,4.82195,6.99365e-05,94.959,100.115,2,2,-4.19373,1.14698
N1Tl1,216,cF8,0.0,metal,18.3162,9.89895,36.6325,234.992,186.52,2.43159,6.12381,5.82999,3.91552,6.7615e-05,78.9633,82.9429,2,2,-4.43477,0.90595
N1V1,221,cP2,0.0,metal,8.4875,6.35341,16.975,914.993,726.236,2.03125,3.97184,3.91939,78.8914,2.19958e-05,290.025,293.907,2,2,-7.86394,0.852888
N1V1,187,hP2,0.0,metal,8.8398,6.1002,17.6796,987.18,783.382,2.02843,3.71838,3.67672,100.748,1.86639e-05,306.577,310.05,2,2,-8.47085,0.245975
N1Y1,225,cF8,0.1477,insulator-indirect,14.8906,5.73818,29.7813,598.905,475.427,1.97496,5.04882,4.96086,44.8532,2.9865e-05,150.504,153.173,2,2,-9.08922,-1.69829
N1Y1,216,cF8,2.0743,insulator-indirect,18.5675,4.60186,37.1351,336.999,267.477,1.79756,5.75257,5.64487,10.5322,3.5111e-05,106.968,109.009,2,2,-8.84089,-1.44996
N1Zr1,187,hP2,0.0,metal,12.6136,6.92637,25.2272,586.035,465.109,1.95179,5.07354,5.00026,41.6588,2.49549e-05,212.148,215.257,2,2,-9.75027,-1.3191
N1Zr1,216,cF8,0.0,metal,15.5442,5.62054,31.0883,458.944,364.309,1.937,5.44329,5.35984,21.7905,2.66758e-05,171.863,174.538,2,2,-9.80008,-1.3689
N1Zr1,225,cF8,0.0,metal,12.3117,7.09623,24.6234,647.9,514.318,2.0355,4.87551,4.80787,50.9792,2.30089e-05,236.313,239.637,2,2,-10.1208,-1.68966
N1Zr1,221,cP2,0.0,metal,11.6364,7.50807,23.2727,456.017,361.927,2.02478,5.46656,5.36905,17.6224,2.97601e-05,215.276,219.186,2,2,-9.23246,-0.801291
N2Nb2,194,hP4,0.0,metal,11.0608,8.02537,44.2431,633.089,398.765,2.03845,9.83212,9.70758,29.2325,2.09532e-05,291.928,295.673,4,2,-9.39405,-0.122048
N2Nb2,186,hP4,0.0,metal,13.3615,6.64348,53.4459,382.023,240.645,1.94896,11.2542,11.0933,7.53961,2.46704e-05,224.836,228.096,4,2,-9.17631,0.0956885
N2Os1,187,hP3,0.0,metal,10.1181,11.9374,30.3544,444.044,307.852,1.79361,8.20301,8.09676,21.315,2.44259e-05,267.511,271.022,3,2,-7.40887,
N2Os1,225,cF12,0.0,metal,9.66434,12.4979,28.993,327.944,227.422,2.15889,8.6453,8.4925,5.64512,2.76045e-05,315.541,321.218,3,2,-7.21465,
N2Os1,191,hP3,0.0,metal,11.5269,10.4784,34.5808,549.871,381.349,2.16791,7.78636,7.66097,28.0224,2.50905e-05,262.4,266.695,3,2,-7.95873,
N2Os2,131,tP4,0.0,metal,11.191,15.1503,44.7639,510.976,321.91,2.38923,10.6272,10.4417,20.8857,2.46541e-05,310.015,315.521,4,2,-7.58513,
N2P2V6,63,oS20,0.0,metal,11.4692,5.72773,114.692,656.077,304.488,2.02225,24.2969,23.9181,13.4484,2.60539e-05,221.739,225.251,10,3,-7.45924,
N2Re1,187,hP3,0.0,metal,9.73249,12.1829,29.1975,462.975,321.026,2.15617,8.15331,8.02445,15.6876,2.46882e-05,329.811,335.108,3,2,-8.36625,
N2Re2,194,hP4,0.0,metal,10.0879,16.4777,40.3517,546.987,344.588,2.18292,10.3686,10.2306,29.4751,2.05538e-05,369.707,374.695,4,2,-8.54174,
N2Re2,131,tP4,0.0,metal,11.5163,14.434,46.0651,452.994,285.372,2.08067,10.8906,10.7488,19.418,2.10376e-05,317.244,321.427,4,2,-8.48956,
N2Re4,194,hP6,0.0,metal,11.7652,18.1792,70.5909,470.036,258.651,2.15764,16.1734,15.9866,19.8108,1.80043e-05,372.923,377.282,6,2,-9.09304,
N2Rh2,194,hP4,0.0,metal,10.3189,9.40693,41.2754,529.127,333.249,2.40102,10.5849,10.34,12.7834,3.2773e-05,250.962,256.907,4,2,-5.53796,
N2Ru2,194,hP4,0.0,metal,10.1627,9.40152,40.6508,542.083,341.439,2.28727,10.4762,10.2658,14.9565,2.95496e-05,269.356,274.878,4,2,-6.56137,
N2S1Th2,164,hP5,1.6177,insulator-direct,21.2696,8.18418,106.348,328.016,191.816,1.96809,14.3896,14.1529,9.21037,2.81481e-05,127.93,130.069,5,3,-8.23121,
N2Sb1Th2,139,tI10,0.0,metal,24.875,8.19543,124.375,268.022,156.727,1.9067,14.6752,14.4295,6.6404,2.94964e-05,103.42,105.181,5,3,-7.72073,
N2Se1Th2,164,hP5,1.4568,insulator-indirect,22.2424,8.52653,111.212,312.027,182.459,1.97034,14.475,14.2321,8.74277,2.86617e-05,121.103,123.17,5,3,-8.05861,
N2Sn6Zr10,193,hP18,0.0,metal,20.4091,7.46888,367.364,370.023,141.181,2.018,51.1378,50.1698,4.60045,3.16759e-05,119.604,121.911,18,3,-7.71814,
N2Sr2Zn1,139,tI10,0.5613,insulator-direct,19.1944,4.64798,95.9721,349.049,204.096,2.00828,14.5818,14.0652,5.27468,6.02121e-05,66.7712,69.2232,5,3,-4.69782,
N2Ta2,194,hP4,0.0,metal,11.1455,14.5228,44.5822,493.983,311.2,2.03,10.6704,10.5313,25.5906,2.16125e-05,304.938,308.965,4,2,-10.1201,-0.03628
N2Tc2,131,tP4,0.0,metal,12.1749,7.70013,48.6995,422.899,266.473,3.21685,11.5805,10.933,3.56693,6.00696e-05,165.567,175.374,4,2,-7.4117,
N2Tc4,194,hP6,0.0,metal,11.453,10.237,68.7181,571.106,314.233,2.18655,15.3395,15.1365,18.7691,2.03869e-05,323.752,328.093,6,2,-7.58163,
N2Te1Th2,139,tI10,1.2507,insulator-indirect,24.3199,8.46238,121.599,263.01,153.803,1.92,14.6991,14.4518,6.19272,2.939e-05,107.248,109.084,5,3,-7.81518,
N2Ti4,141,tI12,0.0,metal,13.2966,4.57106,79.7794,661.148,363.762,1.94794,14.5195,14.3023,20.4284,2.5941e-05,183.795,186.586,6,2,-7.21036,
N2Tl2,186,hP4,0.0,metal,18.3098,9.90245,73.2391,238.111,149.931,2.42431,12.2373,11.6511,2.57656,6.76642e-05,78.733,82.6947,4,2,-4.43547,0.905248
N2U1,225,cF12,0.7669,insulator-indirect,12.6041,11.6833,37.8124,360.996,250.303,2.01173,8.51648,8.38832,11.6899,2.51785e-05,244.057,247.786,3,2,-9.40241,
N2V2,194,hP4,0.0,metal,9.4011,5.73598,37.6044,772.895,486.959,2.57649,9.08087,8.79916,18.5801,4.14198e-05,195.627,201.89,4,2,-8.40144,0.315393
N2W1,187,hP3,1.038,insulator-indirect,9.81047,11.9535,29.4314,662.033,459.005,2.08191,7.23632,7.14571,49.1319,2.02736e-05,341.015,345.34,3,2,-9.32701,0.536992
N2Y2,194,hP4,0.2144,insulator-direct,15.2582,5.59996,61.0328,515.918,325.06,1.95909,10.6172,10.4143,18.5086,3.30046e-05,138.566,141.265,4,2,-8.73414,-1.34321
N2Y2,194,hP4,0.6669,insulator-indirect,17.4175,4.9057,69.6701,413.908,260.804,1.91666,11.1608,10.9484,10.4679,3.35407e-05,123.16,125.549,4,2,-9.00117,-1.61024
N3Nb4,139,tI14,0.0,metal,12.1327,8.08764,84.929,607.981,317.837,2.02467,17.4759,17.2587,20.6183,2.06965e-05,272.167,275.592,7,2,-9.41842,
N3Os3,221,cP6,0.0,metal,11.1557,15.1982,66.9343,425.021,233.887,2.22567,16.5759,16.3314,10.663,2.23358e-05,334.129,339.131,6,2,-7.55767,
N3Re3,221,cP6,0.0,metal,11.3329,14.6675,67.9976,493.999,271.859,2.15031,15.9971,15.7949,17.7863,1.97755e-05,347.221,351.665,6,2,-8.87543,
N3Ta1Th1,221,cP5,0.2032,insulator-direct,13.9437,10.8372,69.7184,478.994,280.121,2.01006,13.4507,13.2655,20.6636,2.30669e-05,227.815,230.996,5,3,-9.39711,
N3Ta2Zr1,191,hP6,0.0,metal,12.206,11.2266,73.2363,430.079,236.638,2.00516,16.5262,16.2948,11.5425,2.35201e-05,260.497,264.196,6,3,-9.9681,-0.435172
N3Ta3,189,hP6,0.0,metal,11.7605,13.7634,70.5631,523.052,287.818,1.98921,15.743,15.5521,24.6641,2.05138e-05,293.242,296.842,6,2,-10.3838,-0.300035
N3Ta3,191,hP6,0.0,metal,11.9282,13.57,71.5691,466.956,257.0,2.0072,16.2238,16.0114,17.2929,2.19625e-05,280.82,284.545,6,2,-9.9472,0.136599
N3Tc3,221,cP6,0.0,metal,11.1503,8.40768,66.9019,620.116,341.199,2.15687,14.8934,14.6896,19.6203,2.1388e-05,303.263,307.47,6,2,-7.67422,
N3V2,164,hP5,0.0,metal,8.87418,5.38544,44.3709,901.83,527.493,2.23966,10.0655,9.89545,29.8454,2.57029e-05,262.256,266.763,5,2,-8.28666,
N3V6,162,hP9,0.0,metal,10.8054,5.9365,97.2489,696.127,334.602,1.99366,21.2326,20.9368,17.0269,2.36023e-05,248.396,251.905,9,2,-7.9321,
N4,199,cI8,3.971,insulator-indirect,6.86888,3.3861,27.4755,1395.45,878.795,2.45311,4.88707,4.81318,47.4827,2.12842e-05,265.002,269.071,4,1,-6.83109,1.48761
N4,136,tP4,7.0234,insulator-indirect,25.6643,0.906265,102.657,703.805,443.492,1.82395,9.4381,9.25462,17.8495,3.62117e-05,61.5243,62.7441,4,1,-8.32965,-0.0109553
N4Nb12Zn12,227,cF112,0.0,metal,14.2584,8.13335,399.236,484.904,159.719,2.05145,75.4989,74.0986,5.03184,3.05535e-05,170.738,173.965,28,3,-5.53797,
N4Nb16Ni8,227,cF112,0.0,metal,14.1247,8.44791,395.493,483.024,159.06,1.98964,75.1892,74.1252,5.45131,2.39669e-05,212.725,215.778,28,3,-7.15488,
N4Nb4,194,hP8,0.0,metal,11.0402,8.04035,88.3213,591.904,296.0,2.04177,20.1949,19.9286,14.9873,2.17685e-05,289.851,293.724,8,2,-9.35451,-0.082512
N4Ni8Ta16,227,cF112,0.0,metal,14.1901,14.2963,397.323,387.94,127.775,1.98652,78.5184,77.4443,4.82,2.31794e-05,229.583,232.768,28,3,-8.11266,
N4Ni8W12,213,cP24,0.0,metal,12.4777,15.1476,299.464,433.954,150.459,2.11107,65.99,65.0682,5.85166,2.22768e-05,282.247,286.245,24,3,-7.44309,
N4Ni8Zr16,227,cF112,0.0,metal,16.3279,7.21,457.182,391.054,128.763,1.91433,78.7492,77.3854,3.25571,3.04911e-05,145.698,148.266,28,3,-7.36642,
N4Os2,127,tP6,0.0,metal,8.70838,13.8699,52.2503,505.999,278.463,2.23534,15.9931,15.7025,11.7081,2.7482e-05,335.073,341.273,6,2,-7.18398,
N4Os2,58,oP6,0.0,metal,9.27828,13.0179,55.6697,644.947,354.957,2.21242,14.671,14.4494,25.3391,2.30758e-05,340.262,345.479,6,2,-7.80506,
N4Os4,36,oS16,0.0,metal,10.5869,16.0148,84.6951,514.958,257.5,2.23314,21.1271,20.8235,15.2873,2.17115e-05,346.724,351.78,8,2,-7.66603,
N4Os8Zr16,227,cF112,0.0,metal,17.247,10.4434,482.916,364.984,120.201,1.9636,79.2363,78.1549,3.89807,2.33812e-05,187.065,189.654,28,3,-9.17127,
N4Pt2,58,oP6,0.5561,insulator-indirect,9.69769,12.734,58.1862,576.882,317.535,2.34466,15.4079,15.0898,16.6066,2.98576e-05,278.438,284.306,6,2,-6.31765,
N4Pt8Zr16,227,cF112,0.0,metal,17.6532,10.3346,494.289,325.945,107.357,2.03577,80.6145,79.3157,2.62195,2.66426e-05,168.653,171.414,28,3,-8.2522,
N4Re2,12,mS12,0.0,metal,9.33054,12.7077,55.9832,629.034,346.152,2.1322,14.8008,14.6022,25.0373,2.12329e-05,358.562,363.44,6,2,-8.56419,
N4Re2,127,tP6,0.0,metal,8.63773,13.727,51.8264,698.0,384.124,2.16901,14.1397,13.9399,32.1459,2.20149e-05,362.072,367.262,6,2,-8.15114,
N4Re8Zr16,227,cF112,0.0,metal,17.4753,10.1984,489.309,343.957,113.285,1.93536,79.8989,78.7961,3.34655,2.39976e-05,178.751,181.253,28,3,-9.41904,
N4Rh8Zr16,227,cF112,0.0,metal,17.2458,8.04265,482.883,356.997,117.566,1.95324,79.6549,78.409,2.84101,2.69879e-05,161.702,164.272,28,3,-8.18731,
N4Ru2,58,oP6,0.0,metal,9.31301,7.672,55.8781,740.034,407.238,2.21408,13.7558,13.5233,22.6549,2.58837e-05,282.14,286.991,6,2,-7.22941,
N4Ru8Zr16,227,cF112,0.0,metal,17.0877,8.06609,478.456,379.97,125.14,1.89847,78.8324,77.7164,3.61421,2.50553e-05,169.314,171.746,28,3,-8.54201,
N4S2Zr4,194,hP10,0.5614,insulator-indirect,14.8775,5.41358,148.775,504.073,233.936,1.94587,26.6165,26.1951,8.86859,2.74588e-05,170.917,173.667,10,3,-9.22595,-1.65573
N4Se2Zr4,194,hP10,0.3302,insulator-indirect,15.6545,6.13986,156.545,462.017,214.441,1.951,27.2045,26.7571,8.2412,2.84588e-05,160.625,163.311,10,3,-9.02288,-1.5814
N4Sr2Ti2,129,tP8,1.4463,insulator-indirect,15.1528,4.48026,121.222,470.038,235.0,1.89853,21.7626,21.3275,7.47569,3.5646e-05,128.114,130.728,8,3,-7.14317,
N4Ta2,194,hP6,0.0,metal,10.7573,10.7521,64.5436,552.989,304.328,1.99334,15.5121,15.2964,20.1425,2.35149e-05,275.375,279.259,6,2,-9.38132,
N4Ta2,191,hP6,0.0,metal,12.2627,9.43209,73.5762,447.08,245.994,1.93709,16.4151,16.1699,11.8232,2.60104e-05,224.415,227.818,6,2,-8.86153,
N4V12Zn8,213,cP24,0.0,metal,11.9771,6.8765,287.45,598.015,207.315,2.06505,60.7896,59.572,6.90964,3.29146e-05,177.463,181.09,24,3,-5.25916,
N4W2,194,hP6,1.1988,insulator-indirect,9.80632,11.9585,58.8379,661.08,363.762,2.08044,14.4791,14.2981,30.8257,2.02608e-05,341.374,345.696,6,2,-9.32725,0.536748
N4W3,221,cP7,0.0,metal,10.9118,13.2086,76.3827,401.023,209.626,2.10511,19.5347,19.2595,7.69534,2.25136e-05,324.383,329.018,7,2,-9.30817,0.997342
N4Zn12Zr12,227,cF112,0.0,metal,16.1064,7.12568,450.978,430.951,141.936,1.95794,77.6842,76.051,4.0278,3.63605e-05,124.428,127.101,28,3,-5.76395,
N6Rb2,140,tI16,4.1719,insulator-direct,19.779,2.6758,158.232,455.035,227.5,2.03176,22.2708,21.5129,4.99295,5.72521e-05,65.803,68.1211,8,2,-6.63722,-0.157606
N6Ta2Th2,63,oS20,0.0,metal,13.9555,10.828,139.555,479.042,222.332,2.00476,26.8997,26.5258,13.0905,2.33568e-05,224.051,227.209,10,3,-9.36634,
N6Tl2,140,tI16,1.8027,insulator-indirect,18.7564,5.45336,150.051,296.911,148.5,2.04852,23.747,22.9026,2.58524,5.92914e-05,72.1852,74.8468,8,2,-6.51175,0.317962
N8,205,cP8,7.3543,insulator-indirect,25.4944,0.912307,203.955,498.925,249.5,1.81375,21.4946,21.0218,4.03275,4.10873e-05,62.0446,63.44,8,1,-8.33095,-0.0122566
N8Ni4O24,205,cP36,3.2388,insulator-direct_spin-polarized,11.8514,2.8443,426.651,557.813,168.992,2.11036,94.3997,91.6122,1.67057,4.78591e-05,128.198,132.098,36,3,-5.96572,
N8O4,205,cP12,3.331,insulator-indirect,17.5737,1.38626,210.884,673.123,293.96,2.09403,29.4554,28.3926,5.12946,5.94606e-05,63.6529,66.0354,12,2,-5.65122,1.5383
N8Pt4,205,cP12,1.3075,insulator-indirect,9.52438,12.9657,114.293,599.979,262.074,2.33769,30.3638,29.7568,11.7602,2.89991e-05,286.851,292.702,12,2,-6.35295,
N8Re4,205,cP12,0.0,metal,10.4519,11.3444,125.422,445.98,194.808,2.21075,33.0018,32.3563,5.39565,2.98381e-05,262.658,267.899,12,2,-8.11111,
N8Re4,62,oP12,0.0,metal,9.54902,12.417,114.588,626.89,273.867,2.14598,29.6598,29.2498,15.5165,2.173e-05,345.148,349.986,12,2,-8.48995,
N8Re4,57,oP12,0.0,metal,9.52875,12.4434,114.345,583.912,255.085,2.15324,30.483,30.0441,12.4336,2.25519e-05,343.983,349.008,12,2,-8.44216,
N8Si6,220,cI28,4.0348,insulator-indirect,9.74489,3.41492,136.428,1017.78,422.382,1.9106,25.2783,25.0064,21.8677,1.90452e-05,249.014,251.722,14,2,-8.08229,-1.00429
N8Si6,176,hP14,4.242,insulator-indirect,10.6242,3.13229,148.738,939.086,389.604,1.89331,27.1649,26.8574,17.9999,2.0213e-05,229.763,232.394,14,2,-8.18174,-1.10374
N8Si6,227,cF56,3.3328,insulator-indirect,8.43219,3.94654,118.051,1223.86,507.854,1.97986,20.6309,20.4315,33.5641,1.65408e-05,279.152,281.876,14,2,-8.03489,-0.956892
N8Sn6,227,cF56,0.0,metal,14.4234,6.77771,201.928,453.022,187.956,2.39115,38.86,37.655,3.9528,4.42785e-05,137.893,142.305,14,2,-5.88817,
N8Ta4,205,cP12,0.0,metal,11.3748,10.1683,136.498,353.992,154.624,1.97775,34.1738,33.6454,3.44403,2.62859e-05,255.542,259.555,12,2,-9.12284,
N8W4,205,cP12,0.0,metal,10.6179,11.0445,127.414,428.044,186.946,2.01805,33.0951,32.6243,5.7741,2.37227e-05,299.544,303.867,12,2,-8.76548,1.09852
N8Zr6,220,cI28,0.6969,insulator-direct,11.2715,6.93858,157.801,666.141,276.332,1.99689,33.7156,33.2525,13.6869,2.32188e-05,247.669,251.118,14,2,-9.85621,-1.4411
Na1,229,cI2,0.0,metal,34.8405,1.09572,34.8405,148.98,149.0,1.70232,3.55175,2.97105,0.92445,0.000352582,5.32241,6.36267,1,1,-1.31292,0.002453
Na12S12Sb4,198,cP28,2.3956,insulator-indirect,23.5893,2.88513,660.502,295.802,97.4778,2.07226,85.2579,80.2869,0.779651,9.74515e-05,35.135,37.3104,28,3,-3.79628,-0.908489
Na12Sb4Se12,198,cP28,1.9913,insulator-indirect,26.5001,3.82773,742.002,240.865,79.3654,2.07779,86.9684,81.5503,0.647884,0.000103823,29.9838,31.9759,28,3,-3.48762,-0.875701
Na12Sb4Te12,198,cP28,1.4349,insulator-indirect,31.8987,4.26507,893.164,190.029,62.5702,2.07707,88.2691,82.4901,0.45301,0.000109074,24.0493,25.7342,28,3,-3.14021,-0.674546
Na16Sb8Sn2,227,cF104,0.1867,insulator-indirect,31.5785,3.19394,821.04,187.09,63.1224,2.04646,83.3045,76.6662,0.347404,0.000135809,19.1025,20.7565,26,3,-2.75183,
Na1Nb1O3,221,cP5,1.8358,insulator-indirect,12.678,4.29332,63.3899,678.807,397.082,2.0755,11.9962,11.771,19.219,3.0701e-05,170.919,174.188,5,3,-7.48461,
Na1O3Ta1,221,cP5,2.5032,insulator-indirect,12.7584,6.55803,63.7919,569.057,332.753,2.05745,12.8689,12.6284,17.7321,3.07752e-05,180.825,184.269,5,3,-7.94003,
Na1O3W1,221,cP5,0.0,metal,12.1255,6.97981,60.6276,531.866,311.115,2.10753,13.1599,12.9004,13.6807,3.17155e-05,193.02,196.903,5,3,-7.45922,
Na2,194,hP2,0.0,metal,34.9181,1.09329,69.8362,180.722,143.66,1.71028,7.11705,5.91468,1.03373,0.000362197,5.19855,6.25535,2,1,-1.3129,0.0024655
Na2Nb2O6,127,tP10,1.8633,insulator-indirect,12.3068,4.42281,123.068,786.834,365.293,2.08414,22.1297,21.742,18.5039,2.85539e-05,174.823,177.94,10,3,-7.49548,
Na2Nb2S4,194,hP8,0.64,insulator-indirect,18.1822,4.11012,145.458,490.947,245.5,2.07701,21.6806,21.1119,8.20829,4.29866e-05,95.5571,98.1314,8,3,-5.74385,
Na2Nb2Se4,194,hP8,0.522,insulator-indirect,20.8711,5.44632,166.969,372.039,186.0,2.09681,22.9779,22.295,5.56409,4.82439e-05,79.367,81.7981,8,3,-5.20434,
Na2O1,225,cF12,1.9195,insulator-indirect,14.4134,2.38016,43.2401,435.964,302.306,2.04737,8.86953,8.16677,4.91614,0.00013755,37.2092,40.4111,3,2,-3.74487,-1.22424
Na2O1,225,cF12,,,14.3607,2.3889,43.082,451.041,312.706,2.05832,8.81733,8.11195,5.38184,0.00013814,37.0101,40.2283,3,2,-3.7449,-1.22427
Na2O4,58,oP6,0.0,half-metal,13.8595,2.19611,83.1569,460.793,253.698,2.03472,17.1688,16.1232,3.22926,0.000104855,50.2246,53.4814,6,2,-4.54139,-0.815504
Na2O6Ta2,127,tP10,2.5252,insulator-indirect,12.4302,6.73116,124.302,669.096,310.522,2.06688,24.1456,23.7161,17.8237,2.91458e-05,184.54,187.882,10,3,-7.95074,
Na2O8Pd6,223,cP16,0.0,metal,11.89,7.09096,190.239,378.882,150.406,2.3303,46.1321,44.4901,1.81151,5.24645e-05,141.498,146.72,16,3,-4.43905,
Na2O8Pt6,223,cP16,0.0,metal,11.9197,11.7066,190.715,348.998,138.501,2.37786,46.38,44.9849,2.23931,4.30447e-05,179.076,184.629,16,3,-4.82868,
Na2Pt4,227,cF24,0.0,metal,17.8885,12.7845,107.331,280.014,154.09,2.49082,17.9287,17.2687,3.77908,5.0447e-05,109.151,113.323,6,2,-3.22947,
Na2S1,225,cF12,2.4848,insulator-direct,23.3105,1.85307,69.9316,340.142,235.743,2.0229,9.23297,8.48853,3.52548,0.000141086,23.2006,25.2353,3,2,-3.32778,-1.07541
Na2Se1,225,cF12,2.0641,insulator-direct,26.3475,2.62476,79.0424,254.191,176.114,2.00787,9.53499,8.71634,2.48774,0.000151046,19.6059,21.4473,3,2,-3.11173,-1.07393
Na2Te1,225,cF12,2.0698,insulator-direct,32.2904,2.97545,96.8713,196.821,136.592,1.99889,9.69545,8.83091,1.73958,0.00015728,15.57,17.0943,3,2,-2.86135,-0.937305
Na3P3Sr3,189,hP9,1.2535,insulator-direct,25.5588,3.0662,230.029,331.081,159.128,1.95945,26.8196,25.4984,3.10615,8.67999e-05,33.9298,35.6878,9,3,-3.60622,-0.831867
Na3Sb1Se4,217,cI16,0.9729,insulator-direct,26.9151,3.90655,215.321,224.045,112.0,2.15621,24.921,23.3943,1.15192,9.81771e-05,32.737,34.8735,8,3,-3.48232,-0.761563
Na4Ni2O4,36,oS20,2.3481,insulator-indirect,12.0456,3.76808,120.456,443.0,205.622,2.13053,28.4327,27.0751,2.61306,7.74816e-05,83.4094,87.5919,10,3,-4.28594,-0.631766
Na4O12Sb4,62,oP20,1.279,insulator-direct,11.8104,5.41977,236.209,617.11,227.305,2.55792,51.2248,49.1556,4.1828,5.4598e-05,131.939,137.493,20,3,-5.61902,-1.61939
Na4O12Sb4,227,cF80,1.4776,insulator-indirect,13.9824,4.57789,279.647,567.262,208.885,2.44706,52.5652,50.6489,3.77467,5.12428e-05,117.471,121.915,20,3,-5.65655,-1.65693
Na4O8W2,227,cF56,4.9017,insulator-direct,14.13,4.93288,197.82,536.064,222.394,2.01072,36.9508,36.0662,6.76355,4.04581e-05,123.432,126.459,14,3,-6.8694,-1.82513
Na4Pd2Se4,36,oS20,0.9093,insulator-indirect,23.0371,4.47336,230.371,234.126,108.613,2.26668,31.1139,29.1753,0.945913,9.51214e-05,41.2726,44.0149,10,3,-3.31224,
Na4S4,194,hP8,1.2368,insulator-direct,22.4337,2.03739,179.469,352.874,176.5,2.06021,24.2423,22.521,2.04933,0.000121009,28.7112,30.9056,8,2,-3.55546,-0.834597
Na6O5Pb1,107,tI24,1.1163,insulator-direct,14.2382,4.13182,170.858,386.973,169.038,2.21677,35.7219,33.3317,1.94195,0.000105656,55.1706,59.1269,12,3,-4.32258,-1.30153
Na6O6,189,hP12,,,12.6926,2.55043,152.311,501.155,218.832,2.05819,33.8322,31.6086,2.63226,0.000112437,50.4306,53.9784,12,2,-4.20683,-1.08358
Na6O9S2,225,cF68,3.0301,insulator-indirect,13.6082,2.48395,231.339,550.148,213.901,2.11095,45.2843,43.5086,2.77532,6.39326e-05,83.7953,87.2151,17,3,-5.30861,-1.7483
Na6P2,194,hP8,0.4702,insulator-direct,23.1516,1.7921,185.213,325.146,162.5,1.99206,25.0281,22.7679,1.58704,0.000161067,20.1487,22.1489,8,2,-2.68056,-0.362994
Na6Sb2,194,hP8,0.4539,insulator-direct,29.2626,2.70565,234.101,222.904,111.5,1.97022,25.8243,23.4211,1.08012,0.000167478,15.7018,17.3129,8,2,-2.45759,-0.498733
Na8S4,62,oP12,2.176,insulator-direct,21.39,2.01945,256.68,297.091,129.727,2.01773,37.5394,34.4414,0.907487,0.00014453,25.0422,27.2947,12,2,-3.28823,-1.03586
Na8Si46,223,cP54,0.0,metal,19.8718,2.28382,1073.08,523.802,138.633,2.33668,146.351,140.251,1.3525,6.12539e-05,68.0762,71.0373,54,2,-4.8142,0.000883167
Nb10P2Si6,193,hP18,0.0,metal,15.9891,6.69011,287.803,459.955,175.523,1.99012,48.9347,48.2005,5.89999,2.54086e-05,179.816,182.555,18,3,-7.73311,
Nb1O3Sr1,221,cP5,0.0,metal,13.5237,5.612,67.6184,505.937,295.911,2.0631,13.3591,13.0862,11.4654,3.3561e-05,162.559,165.949,5,3,-7.86387,
Nb1Pd2,71,oI6,0.0,metal,15.8463,10.6784,47.5388,341.101,236.436,2.34308,8.64553,8.45475,8.80441,3.18679e-05,178.398,182.423,3,2,-4.98076,
Nb1Pd3,139,tI8,0.0,metal,15.5553,10.9981,62.2214,345.957,217.966,2.42818,11.5296,11.254,7.05245,3.33571e-05,180.433,184.853,4,2,-4.50002,
Nb1Pt2,71,oI6,0.0,metal,16.0279,16.6831,48.0838,319.007,221.182,2.33316,8.66835,8.51941,11.4992,2.48037e-05,229.669,233.684,3,2,-5.92455,
Nb1Rh1,123,tP2,0.0,metal,15.9084,10.2195,31.8168,345.956,274.62,2.07258,5.70888,5.62474,15.1129,2.39242e-05,209.664,212.801,2,2,-6.61558,
Nb1Rh1Sb1,216,cF12,0.0,metal,20.0117,8.78359,60.0352,262.941,182.354,2.20762,8.84825,8.66954,5.15086,3.08926e-05,141.443,144.359,3,3,-5.85965,
Nb1Rh3,221,cP4,0.0,metal,14.6898,11.3499,58.7592,467.983,294.822,2.28866,10.8477,10.6715,18.9689,2.3931e-05,237.612,241.533,4,2,-5.59233,
Nb1Ru1,221,cP2,0.0,metal,16.231,9.92251,32.4621,205.979,163.502,2.14771,5.96472,5.86387,2.93998,2.64482e-05,201.77,205.241,2,2,-7.36908,
Nb1Ru1Sb1,216,cF12,0.5958,insulator-indirect,19.754,8.84676,59.2619,338.001,234.356,2.14741,8.60554,8.46177,11.4835,2.6212e-05,160.755,163.486,3,3,-6.5497,
Nb1Ru3,221,cP4,0.0,metal,15.0084,10.9566,60.0337,423.983,267.103,2.13734,11.062,10.8956,16.2367,2.38066e-05,222.689,226.09,4,2,-6.59622,
Nb1S4Tl3,217,cI16,2.4822,insulator-indirect,29.9357,5.78455,239.485,225.946,113.0,1.98854,24.3022,23.3667,2.40303,6.5841e-05,40.562,42.1859,8,3,-4.67615,
Nb1Zn3,221,cP4,0.0,metal,14.9772,8.01171,59.909,395.049,248.834,2.12537,11.4058,11.0464,9.73261,5.0503e-05,105.523,108.957,4,2,-2.60301,
Nb2O4,136,tP6,0.0,metal,12.085,5.72086,72.5101,608.003,334.595,2.04394,15.0241,14.7976,15.7693,2.49301e-05,228.412,231.909,6,2,-8.70602,
Nb2P2,141,tI8,0.0,metal,16.2039,6.3475,64.8154,469.053,295.451,1.96896,10.8413,10.6662,16.883,2.76809e-05,159.958,162.584,4,2,-7.32258,
Nb2P2,109,tI8,0.0,metal,16.1627,6.36366,64.6509,538.008,338.919,1.99707,10.4325,10.2841,24.6762,2.40087e-05,181.095,183.709,4,2,-7.93329,
Nb2Pt2,51,oP4,0.0,metal,16.5389,14.4577,66.1555,319.006,200.957,2.21113,11.5433,11.3585,9.63607,2.4402e-05,214.055,217.538,4,2,-6.62337,
Nb2Pt6,59,oP8,0.0,metal,15.7914,17.8284,126.331,290.967,145.5,2.38827,23.3505,22.9309,4.51993,2.53365e-05,235.862,240.178,8,2,-5.48295,
Nb2S2,194,hP4,0.0,metal,15.8474,6.5472,63.3895,497.877,313.72,2.15449,10.709,10.5114,16.6184,2.8957e-05,169.186,172.365,4,2,-7.20558,
Nb2Se8,124,tP10,0.0,metal,23.2861,5.82957,232.861,363.927,168.954,2.07234,28.698,27.9518,5.70477,4.26125e-05,79.8316,81.9628,10,2,-5.01879,
Nb2Te8,124,tP10,0.0,metal,30.4603,6.57783,304.603,257.005,119.289,2.11264,29.8276,28.9657,3.10442,4.61647e-05,60.1239,61.9129,10,2,-4.51982,
Nb3O3,221,cP6,,,12.6362,7.15571,75.8174,633.034,348.353,2.05573,14.7772,14.5681,23.3237,2.32303e-05,232.414,235.75,6,2,-9.62602,-2.0478
Nb3O3,221,cP6,0.0,metal,12.816,7.05532,76.8962,637.128,350.555,2.02955,14.7294,14.527,24.5568,2.28428e-05,229.397,232.592,6,2,-8.77171,-1.19349
Nb3Re3Si3,189,hP9,0.0,metal,15.2057,11.1823,136.851,444.98,213.934,2.02088,24.5835,24.2754,12.8124,2.0849e-05,236.309,239.309,9,3,-8.3309,
Nb4O14Sn4,227,cF88,1.0459,insulator-indirect,14.1109,5.72543,310.44,603.108,215.2,2.08069,55.453,54.4173,7.65654,3.04421e-05,163.218,166.324,22,3,-7.50126,
Nb4P4Ru4,62,oP12,0.0,metal,14.2921,8.71203,171.505,499.054,217.958,2.155,31.9756,31.5156,9.30343,2.2487e-05,241.856,245.386,12,3,-7.40833,
Nb4P4V4,62,oP12,0.0,metal,14.2966,6.76849,171.559,550.918,240.671,2.04776,31.0953,30.6277,10.8971,2.47766e-05,201.434,204.509,12,3,-7.6198,
Nb4P4Zr4,62,oP12,0.0,metal,17.2961,6.8837,207.553,481.067,210.096,1.99621,32.2835,31.8041,10.0366,2.50694e-05,167.15,169.669,12,3,-8.54786,
Nb4Pd4Si4,62,oP12,0.0,metal,15.3305,8.21004,183.967,416.094,181.705,2.15938,33.4224,32.8065,5.55734,2.88205e-05,183.08,186.517,12,3,-6.182,
Nb4Pt4Si4,62,oP12,0.0,metal,15.3817,11.3743,184.58,351.946,153.75,2.15991,34.2435,33.6719,4.67846,2.60564e-05,207.678,211.204,12,3,-6.64148,
Nb4Rh4Si4,62,oP12,0.0,metal,14.8333,8.35485,178.0,492.09,214.901,2.11207,32.11,31.6242,9.39808,2.41601e-05,212.451,215.715,12,3,-6.8226,
Nb5O9Sr2,123,tP16,0.0,metal,13.3166,6.10834,213.065,569.861,226.205,2.04825,41.0996,40.3883,8.16702,2.85933e-05,185.447,188.713,16,3,-8.22977,
Nb5P4Pd4,87,tI26,0.0,metal,15.2562,8.49005,198.33,401.935,170.967,2.21979,36.4624,35.7659,4.6004,2.90566e-05,188.91,192.589,13,3,-6.49022,
Nb6Ni16Si7,225,cF116,0.0,metal,12.0953,8.01516,350.763,501.873,163.395,2.15012,77.6125,76.0632,3.90445,3.14396e-05,201.463,205.566,29,3,-4.72049,
Nb6Os2,223,cP8,0.0,metal,17.4248,11.1717,139.398,349.976,175.0,1.91552,22.7153,22.4616,9.07991,1.95438e-05,217.099,219.551,8,2,-8.62323,
Nb6Pt2,223,cP8,0.0,metal,17.6795,11.1256,141.436,336.036,168.0,1.94274,22.8707,22.5793,7.90906,2.20674e-05,192.728,195.215,8,2,-7.60698,
Nb6Rh2,223,cP8,0.0,metal,17.4148,9.09719,139.318,394.986,197.5,1.97574,22.3613,22.0665,9.9392,2.24071e-05,191.403,193.96,8,2,-7.5752,
Nb6Rh2Se12,182,hP20,0.0,metal,20.3406,6.98309,406.811,411.089,151.414,2.13393,56.0832,54.8245,4.84888,3.56133e-05,110.801,113.345,20,3,-5.84629,
Nb6Rh6,51,oP12,0.0,metal,15.9627,10.1848,191.553,341.953,149.382,2.0847,34.3042,33.7934,4.36179,2.4041e-05,209.919,213.092,12,2,-6.6107,
Nb6S12Sn2,193,hP20,0.0,metal,21.8508,4.48192,437.016,456.951,168.36,1.9816,54.746,53.664,5.53349,3.36747e-05,99.0931,101.091,20,3,-6.44127,
Nb6S12V2,182,hP20,0.0,metal,18.2112,4.75991,364.224,562.931,207.411,2.1041,51.7407,50.695,7.57013,3.25631e-05,122.723,125.255,20,3,-6.92883,
Nb6S8,176,hP14,0.0,metal,19.6701,4.90789,275.382,463.898,192.52,2.07818,38.1473,37.428,6.30538,3.06854e-05,125.91,128.33,14,2,-7.11521,
Nb6Sb2,223,cP8,0.0,metal,18.875,8.80787,151.0,377.02,188.5,1.98925,22.5559,22.2266,9.169,2.47112e-05,162.557,164.966,8,2,-7.62124,
Nb6Sb4Te10,217,cI40,0.8039,insulator-indirect,24.5143,7.85906,490.285,320.972,118.257,2.14115,58.2071,56.7742,3.30975,3.8978e-05,87.2622,89.4646,20,3,-5.31837,
Nb6Se8,176,hP14,0.0,metal,22.2032,6.35231,310.844,342.933,142.315,2.09488,40.2742,39.4241,3.80712,3.40903e-05,106.698,108.999,14,2,-6.49744,
Nb6Si2,223,cP8,0.0,metal,17.019,7.48373,136.152,421.053,210.5,1.88936,22.1207,21.8184,10.5796,2.43422e-05,170.37,172.73,8,2,-8.01983,
Nb6Si4,127,tP10,0.0,metal,16.1973,6.86658,161.973,538.9,250.182,1.96617,26.0406,25.6898,15.0675,2.30981e-05,184.712,187.234,10,2,-7.89164,
Nb6Sn6Tb1,191,hP13,0.0,metal,22.1512,8.2374,287.966,354.919,150.978,2.10065,37.1814,36.4441,5.69364,3.18921e-05,114.455,116.771,13,3,-6.22678,
Nb6Te2,223,cP8,0.0,metal,18.7207,9.01022,149.765,370.933,185.5,2.07611,22.6665,22.2877,8.06703,2.71375e-05,155.706,158.353,8,2,-7.24183,
Nb6Te8,176,hP14,0.0,metal,26.6322,7.0289,372.85,311.972,129.453,2.08868,40.7536,39.8597,4.0649,3.55112e-05,86.2489,88.1832,14,2,-5.87467,
Nb6Tl2,223,cP8,0.0,metal,19.3532,10.3625,154.825,224.006,112.0,1.99487,23.7571,23.3583,2.32625,2.83081e-05,145.733,148.221,8,2,-6.70822,
Nb8Ni2P2,124,tP12,0.0,metal,15.9049,8.02676,190.859,452.952,197.866,1.94692,32.6954,32.2443,9.23004,2.38577e-05,188.91,191.553,12,3,-7.28876,
Nb8Ni2Si2,124,tP12,0.0,metal,16.2571,7.8037,195.085,466.921,203.981,1.88178,32.4449,32.0255,10.9058,2.3102e-05,183.164,185.563,12,3,-7.2108,
Nb8O10,137,tP18,0.0,metal,12.1524,6.85676,218.744,593.973,226.653,2.02358,45.4622,44.7959,8.71805,2.4435e-05,231.711,235.158,18,2,-8.72419,
Nb8O24Zn4,60,oP36,3.6269,insulator-indirect,11.5167,5.5622,414.6,609.891,184.741,2.01526,90.2161,88.7077,4.53052,2.80572e-05,209.812,213.379,36,3,-7.76513,
Nd1Os4P12,204,cI34,0.0,metal,15.7577,7.91415,267.881,476.944,185.511,2.1659,46.0545,45.1705,6.59694,2.99541e-05,167.195,170.467,17,3,-6.72008,
Nd1P1,225,cF8,0.0,metal,25.765,5.64621,51.5301,307.03,243.666,1.77253,5.81877,5.70374,15.581,3.75475e-05,72.0531,73.5062,2,2,-7.54223,
Nd1P12Ru4,204,cI34,0.0,metal,15.5857,5.7671,264.958,531.024,206.512,2.15621,44.8333,43.9072,6.60441,3.24477e-05,150.614,153.79,17,3,-6.24582,
Nd1Pd3,221,cP4,0.0,metal,18.2725,10.5289,73.09,274.9,173.239,2.39496,11.9489,11.5287,4.34571,5.01527e-05,101.952,105.668,4,2,-4.4555,
Nd1Pt3,221,cP4,0.0,metal,18.3459,16.5076,73.3834,217.063,136.701,2.43437,12.0279,11.7022,3.23184,3.76309e-05,142.134,146.09,4,2,-5.21878,
Ni1,229,cI2,0.0,metal,10.7938,9.02897,10.7938,472.078,472.0,2.07545,2.74229,2.66499,32.3688,4.63179e-05,147.44,151.717,1,1,-1.93793,
Ni10P6Sr2,63,oS36,0.0,metal,13.4383,6.50777,241.89,441.887,168.655,2.23045,50.2074,48.6912,3.16608,4.61361e-05,131.801,135.905,18,3,-3.80615,
Ni12P7Sc2,174,hP21,0.0,metal,11.8121,6.76797,248.054,459.176,166.369,2.22218,57.8782,56.316,2.82127,4.13296e-05,165.639,170.233,21,3,-4.18153,
Ni12P7Yb2,174,hP21,0.0,metal,12.1911,8.21912,256.012,394.928,143.172,2.25449,59.8537,57.9965,2.20535,4.68877e-05,148.328,153.078,21,3,-3.73819,
Ni16Si7Ta6,225,cF116,0.0,metal,12.0773,10.5316,350.24,459.897,149.724,2.13196,79.2379,77.7065,4.01082,3.06362e-05,210.289,214.433,29,3,-5.06917,
Ni16Si7Ti6,225,cF116,0.0,metal,11.9829,6.79995,347.505,527.111,171.532,2.14511,76.7771,75.0648,3.80385,3.52732e-05,178.567,182.64,29,3,-4.07904,
Ni16Si7Zr6,225,cF116,0.0,metal,12.8083,7.52371,371.442,482.118,156.885,2.12913,78.5541,76.856,3.57962,3.441e-05,173.643,177.48,29,3,-4.88523,
Ni1O1,225,cF8,1.7949,insulator-indirect_spin-polarized,9.45303,6.56005,18.9061,572.08,453.997,2.09675,5.18907,5.0469,21.5038,4.46022e-05,169.255,174.022,2,2,-4.96006,0.394428
Ni1P4Si3,121,tI16,0.3579,insulator-indirect,17.5666,3.15302,140.532,547.225,273.5,2.31505,21.2076,20.4995,6.57731,4.92839e-05,93.4306,96.6579,8,3,-5.2315,
Ni1Pt1,123,tP2,0.0,metal,13.748,15.3263,27.496,327.079,259.54,2.40895,5.84117,5.66742,11.3909,4.20617e-05,160.77,165.699,2,2,-3.14406,
Ni1Sb1Sc1,216,cF12,0.0,metal,19.4972,6.39886,58.4915,372.982,258.624,2.112,8.59935,8.35689,11.3982,4.53697e-05,91.0823,93.725,3,3,-4.6041,
Ni1Sb1Tb1,216,cF12,0.1202,insulator-indirect,21.3055,8.81664,63.9166,291.033,201.768,2.11696,8.86038,8.60337,8.36286,4.65217e-05,83.4403,85.9329,3,3,-4.49651,
Ni1Sb1Ti1,216,cF12,0.0,metal,17.7529,7.11936,53.2587,345.026,239.21,2.17519,8.67673,8.44475,8.30773,4.17215e-05,113.036,116.141,3,3,-4.11298,
Ni1Sb1Y1,216,cF12,0.087,insulator-indirect,21.3146,6.99458,63.9438,329.93,228.809,2.10432,8.74185,8.49227,9.80227,4.60999e-05,82.7372,85.1687,3,3,-5.10453,
Ni1Sb1Yb1,216,cF12,0.0,metal,21.9611,8.90919,65.8834,161.999,112.325,2.19576,9.29845,8.87849,1.40019,7.04755e-05,57.4026,60.1178,3,3,-2.95962,
Ni1Sb1Zn1,216,cF12,0.0,metal,16.9607,8.02237,50.882,257.112,178.194,2.39168,9.116,8.69563,2.97314,6.6233e-05,83.8856,87.9409,3,3,-2.48218,
Ni1Sc1,221,cP2,0.0,metal,16.4234,5.23971,32.8469,360.913,286.526,1.95558,5.75671,5.59702,10.4509,4.80691e-05,94.7017,97.4036,2,2,-4.01134,
Ni1Sc6Te2,189,hP9,0.0,metal,22.8265,4.71739,205.438,313.926,150.955,1.94817,26.3675,25.6156,3.54445,4.97031e-05,66.7359,68.6949,9,3,-4.97751,
Ni1Si2,225,cF12,0.0,metal,13.2986,4.78074,39.8957,410.088,284.278,2.24974,8.50086,8.23156,5.92397,4.81346e-05,131.59,135.895,3,2,-4.60542,
Ni1Si3Sr1,107,tI10,0.0,metal,17.1906,4.45435,85.953,441.13,257.898,2.10532,14.005,13.5318,7.95615,5.48168e-05,82.3675,85.2476,5,3,-4.42105,
Ni1Sn1Th1,216,cF12,0.1329,insulator-indirect,24.7464,9.15763,74.2392,244.988,169.874,2.14199,8.93618,8.71584,6.15588,3.89224e-05,88.5719,90.811,3,3,-4.62925,
Ni1Sn1Ti1,216,cF12,0.1457,insulator-indirect,18.0324,6.91507,54.0973,348.968,241.983,2.12885,8.65725,8.43411,8.93765,4.10059e-05,110.825,113.757,3,3,-3.92976,
Ni1Sn1U1,216,cF12,0.0,metal,23.3447,9.84958,70.034,186.948,129.659,2.24094,9.16565,8.83578,2.47439,5.50792e-05,69.4555,72.0486,3,3,-5.09093,
Ni1Zn1,123,tP2,0.0,metal,11.3783,9.05334,22.7566,384.098,304.781,2.26679,5.77677,5.55054,9.70334,5.91902e-05,126.209,131.354,2,2,-1.55532,
Ni1Zn1,221,cP2,0.0,metal,11.4497,8.99686,22.8995,363.144,288.113,2.53278,5.93062,5.60253,6.45847,7.46979e-05,114.257,120.948,2,2,-1.55272,
Ni2O12Sb4,136,tP18,0.8785,insulator-direct_spin-polarized,11.5731,6.3481,208.316,571.101,217.877,2.40259,46.7844,45.4425,4.63346,4.07894e-05,174.879,180.043,18,3,-5.91874,
Ni2O12Ta4,136,tP18,2.8841,insulator-indirect,11.7391,8.11914,211.304,540.12,206.049,2.03831,47.0091,46.2389,7.28957,2.71397e-05,224.675,228.417,18,3,-8.39283,
Ni2O2Zr6,63,oS20,0.0,metal,16.2543,7.1175,162.543,396.917,184.271,1.95239,28.0656,27.5613,6.3661,3.11031e-05,145.64,148.305,10,3,-7.76733,
Ni2P2Ta8,124,tP12,0.0,metal,15.9616,14.1044,191.539,356.986,155.934,1.93839,34.0515,33.6069,8.04433,2.26144e-05,206.991,209.73,12,3,-8.38662,
Ni2P2Tb1,139,tI10,0.0,metal,13.9594,8.0474,69.7968,446.984,261.407,2.19911,13.8623,13.4902,10.315,4.14756e-05,139.387,143.231,5,3,-4.92396,
Ni2P2Zr1,139,tI10,0.0,metal,12.9961,6.91366,64.9807,394.873,230.997,2.24655,14.1629,13.7988,5.29279,3.89112e-05,167.734,172.16,5,3,-5.54338,
Ni2Rh4S8,227,cF56,0.0,metal,16.5148,5.64138,231.207,325.013,134.847,2.31565,41.0024,39.7095,1.55961,4.63719e-05,117.596,121.425,14,3,-4.31433,
Ni2S2,194,hP4,0.2005,insulator-indirect_spin-polarized,15.2375,4.94486,60.9498,378.09,238.125,1.4784,11.3625,11.1137,11.9317,4.75665e-05,80.2612,82.0581,4,2,-3.68654,
Ni2S4,58,oP6,0.3369,insulator-indirect_spin-polarized,16.5767,4.10075,99.4603,464.987,255.899,2.00558,16.6323,16.0567,8.07029,5.82364e-05,76.1688,78.8991,6,2,-3.91426,
Ni2S6Ta9,189,hP17,0.0,metal,18.1931,10.4066,309.283,330.966,128.73,2.01267,48.8491,48.0752,4.1157,2.64886e-05,162.252,164.864,17,3,-7.76676,
Ni2Sb1Ti1,225,cF16,0.0,metal,14.327,8.31691,57.3079,308.946,194.658,2.31082,11.7748,11.4067,3.79611,4.58088e-05,137.587,142.026,4,3,-3.64131,
Ni2Sb4,58,oP6,0.0,metal,21.4224,7.80799,128.535,262.075,144.184,2.25749,17.9918,17.3576,2.97558,5.33205e-05,78.2789,81.1387,6,2,-3.62281,
Ni2Sc1Sn1,225,cF16,0.0,metal,15.6804,7.44008,62.7218,342.052,215.446,2.18019,11.6439,11.2794,5.89955,4.88109e-05,109.356,112.89,4,3,-3.69785,
Ni2Sc2Si6,65,oS20,0.0,metal,15.3749,4.05883,153.749,589.784,273.854,2.06092,25.5399,24.9514,9.86156,3.80282e-05,119.475,122.293,10,3,-5.27449,
Ni2Si2,59,oP4,0.0,metal,11.4528,6.29076,45.8114,522.058,328.839,2.21815,10.6721,10.3859,11.2384,4.11696e-05,166.058,170.634,4,2,-4.16248,
Ni2Si2Tb1,139,tI10,0.0,metal,14.9028,7.40921,74.5141,408.005,238.6,2.05424,14.064,13.7239,9.12666,3.99343e-05,129.143,132.343,5,3,-4.7242,
Ni2Si2Th1,139,tI10,0.0,metal,16.3101,8.25866,81.5503,406.062,237.43,2.14544,14.0479,13.7337,10.2731,3.53065e-05,140.117,143.323,5,3,-5.02763,
Ni2Si2Th2,109,tI12,0.0,metal,20.1792,8.74503,121.075,237.012,130.426,1.94074,17.8055,17.4636,3.16182,3.33018e-05,115.471,117.732,6,3,-5.33062,
Ni2Si2Zr1,139,tI10,0.0,metal,13.7588,6.39099,68.7941,482.069,281.875,2.07346,13.5326,13.25,11.4051,3.41248e-05,160.695,164.122,5,3,-5.48867,
Ni2Sn1Ti1,225,cF16,0.0,metal,14.5546,8.09957,58.2183,323.95,204.107,2.19686,11.6721,11.3484,4.8569,4.27848e-05,136.644,140.542,4,3,-3.51481,
Ni2Sn1Yb1,225,cF16,0.0,metal,17.1262,9.91673,68.5048,199.052,125.362,2.24954,12.3093,11.7565,1.62399,6.82472e-05,77.6555,81.3069,4,3,-2.42977,
Ni2Sn1Zr1,225,cF16,0.0,metal,15.7148,8.64596,62.8592,308.099,194.028,2.18448,11.7157,11.4079,4.99108,4.07004e-05,133.229,136.825,4,3,-4.51671,
Ni2Ta1,139,tI6,0.0,metal,13.1758,12.5327,39.5274,353.002,244.757,2.07237,8.57559,8.41687,11.687,3.01278e-05,200.517,204.298,3,2,-4.95698,
Ni2Ta2Te10,63,oS28,0.0,metal,28.2857,7.36038,396.0,250.095,103.728,2.10909,41.8408,40.6223,2.32505,4.68278e-05,63.3349,65.2346,14,3,-4.28356,
Ni2Tb2,63,oS8,0.0,metal,19.837,9.10823,79.3478,209.963,132.292,1.8267,12.0377,11.7207,3.35582,4.88327e-05,75.2736,77.3089,4,2,-3.72591,
Ni2Tl2,194,hP4,0.0,metal,18.7365,11.6569,74.9462,176.95,111.503,2.49245,12.5311,11.8101,1.21583,7.97685e-05,67.0704,71.1649,4,2,-1.99064,
Ni2Zr2,63,oS8,0.0,metal,16.6168,7.49038,66.467,246.05,154.97,1.90664,11.8472,11.6151,3.18895,3.45886e-05,131.779,134.412,4,2,-5.63896,
Ni2Zr4,140,tI12,0.0,metal,18.3634,7.26819,110.18,192.983,106.212,1.77842,17.9642,17.6406,1.51424,3.41182e-05,114.36,116.457,6,2,-6.63476,
Ni3P3Pd3,189,hP9,0.0,metal,12.4897,8.68904,112.408,285.102,137.014,2.37369,26.6936,25.8591,1.42184,4.47984e-05,166.787,172.169,9,3,-3.83837,
Ni3P3Rh3,189,hP9,0.0,metal,11.8596,8.98765,106.736,387.908,186.531,2.33587,25.5316,24.9075,3.58545,3.55201e-05,209.698,214.952,9,3,-4.42742,
Ni3P3W3,189,hP9,0.0,metal,12.389,12.22,111.501,370.033,177.877,2.16591,25.534,25.0859,5.2733,2.72932e-05,244.937,249.312,9,3,-6.31821,
Ni3Pd3Si3,189,hP9,0.0,metal,12.5297,8.53377,112.767,384.04,184.608,2.34255,25.6983,24.9638,3.53118,4.14424e-05,171.052,176.085,9,3,-3.9907,
Ni3Si1,221,cP4,0.0,metal,10.3527,8.18648,41.4108,470.86,296.711,2.24721,10.9573,10.6637,9.16237,4.06065e-05,191.348,196.617,4,2,-3.25842,
Ni3Sn1,221,cP4,0.0,metal,12.8216,9.54371,51.2862,363.0,228.676,2.34844,11.5827,11.189,5.91168,4.95121e-05,138.827,143.712,4,2,-2.50242,
Ni4O8Si2,227,cF56,2.9464,insulator-indirect_spin-polarized,9.55227,5.20179,133.732,676.136,280.481,2.04512,33.7467,33.0355,8.1978,3.50356e-05,195.035,199.234,14,3,-6.24257,-0.999146
Ni4P12,204,cI32,0.0,metal,15.2246,4.13404,243.594,608.729,241.682,2.13831,40.763,39.5006,7.38008,5.03168e-05,91.3182,94.2366,16,2,-4.84656,
Ni4P4S4,198,cP12,0.0,half-metal,14.8817,4.52743,178.58,471.135,205.728,1.96403,33.0642,31.9992,5.28631,5.56508e-05,85.8101,88.6661,12,3,-4.2533,
Ni4P4Ta4,62,oP12,0.0,metal,12.9938,11.5276,155.926,409.048,178.647,2.13651,33.5107,32.9102,6.09382,2.82902e-05,218.0,221.978,12,3,-6.58822,
Ni4P4Ta5,87,tI26,0.0,metal,13.4643,11.9857,175.035,427.045,181.599,2.10572,35.9519,35.355,7.39717,2.66166e-05,218.088,221.77,13,3,-6.94413,
Ni4P4Th2,129,tP10,0.0,metal,15.6798,8.713,156.798,364.98,169.418,2.18009,28.6114,27.9363,4.54789,3.66656e-05,144.633,148.128,10,3,-5.1314,
Ni4P8,205,cP12,0.0,metal,13.453,4.96354,161.436,568.869,248.534,2.19991,31.1891,30.3457,6.97147,4.18957e-05,133.371,137.078,12,2,-4.61759,
Ni4Pd4Te4,62,oP12,0.0,metal,16.7889,9.64968,201.467,262.916,114.876,2.54402,36.2267,34.7191,1.30691,5.59514e-05,107.774,112.454,12,3,-2.92087,
Ni4S4Sb4,198,cP12,0.0,metal,17.3864,6.76514,208.637,346.954,151.566,2.21641,35.007,33.7838,2.9803,5.37729e-05,90.7744,94.061,12,3,-3.74749,
Ni4Sb4Se4,198,cP12,0.0,metal,18.9903,7.56078,227.883,301.869,131.911,2.24228,35.6042,34.3109,2.40631,5.53488e-05,83.0575,86.1882,12,3,-3.51761,
Ni4Sb4Tb2,129,tP10,0.0,metal,19.2862,8.95102,192.862,213.953,99.33,2.16151,30.2012,29.282,1.26347,4.77775e-05,94.0384,96.9904,10,3,-3.97874,
Ni4Sb4Zr4,62,oP12,0.0,metal,17.955,8.37467,215.46,328.015,143.267,2.16481,34.803,33.9804,3.41375,3.69671e-05,126.44,129.501,12,3,-5.54074,
Ni4Sc1Sn1,216,cF24,0.0,metal,14.0103,7.87004,84.0617,262.928,144.734,2.32894,18.1233,17.3593,1.61775,6.21216e-05,104.508,109.108,6,3,-3.14428,
Ni4Sc6Si6,63,oS32,0.0,metal,16.1231,4.33214,257.969,544.186,215.887,1.99444,41.9561,41.0185,6.90123,3.8039e-05,113.193,115.78,16,3,-5.28769,
Ni4Si4,198,cP8,0.0,metal,11.2123,6.42575,89.698,415.03,207.5,2.25279,22.5752,21.901,3.41492,4.51045e-05,165.687,170.788,8,2,-4.12131,
Ni4Sn4Tb4,62,oP12,0.0,metal,20.8939,8.90926,250.727,250.063,109.198,2.10607,35.8886,34.8249,2.08929,4.76826e-05,84.2167,86.789,12,3,-4.06018,
Ni4Sn4Y4,62,oP12,0.0,metal,20.8295,7.07616,249.954,287.982,125.796,2.10044,35.474,34.4401,2.54029,4.71421e-05,84.1951,86.7227,12,3,-4.68827,
Ni4Tb2,227,cF24,0.0,metal,14.934,10.241,89.604,339.023,186.559,2.08908,17.479,16.9347,6.23261,5.07968e-05,104.0,107.343,6,2,-3.21384,
Ni4Y2,227,cF24,0.0,metal,15.1322,7.54565,90.7929,389.141,214.075,2.08543,17.1292,16.6077,7.07391,4.98264e-05,102.964,106.197,6,2,-3.80455,
Ni4Zr2,227,cF24,0.0,metal,13.8261,8.3511,82.9564,328.943,181.056,2.04127,17.3853,16.9844,4.39129,3.82348e-05,147.946,151.439,6,2,-4.44835,
Ni5U1,216,cF24,0.0,metal,12.5888,11.6843,75.5327,410.967,226.182,2.26556,16.8895,16.4536,8.43193,3.8675e-05,172.665,177.239,6,2,-3.07555,
Ni6S8,227,cF56,0.0,metal,14.9205,4.8382,208.887,383.181,158.912,2.19297,40.2492,38.8629,2.15776,5.36122e-05,103.502,107.194,14,2,-3.60837,
Ni6Sb2,59,oP8,0.0,metal,12.5472,9.85366,100.377,306.105,153.0,2.40158,23.6754,22.845,2.12233,4.96483e-05,150.256,155.718,8,2,-2.706,
Ni6Sb8Zr6,220,cI40,0.2843,insulator-indirect,18.8777,8.23975,377.555,341.91,125.994,2.14166,57.7508,56.3618,2.96529,3.80215e-05,114.983,117.816,20,3,-5.46046,
Ni6Ta2,59,oP8,0.0,metal,12.1523,12.1961,97.2182,367.994,184.0,2.11457,22.7907,22.3224,5.7656,3.28192e-05,201.394,205.619,8,2,-4.28765,
Ni8P8,61,oP16,0.0,metal,12.5281,5.94224,200.45,489.186,194.06,2.23615,43.5452,42.2871,3.83088,4.40395e-05,145.477,149.805,16,2,-4.13793,
Ni8Sc16,227,cF96,0.0,metal,19.4708,4.22443,467.3,322.971,111.978,1.74434,69.738,68.0818,1.85045,4.60975e-05,74.9756,76.7995,24,2,-4.38503,
Ni8Si4Ta12,227,cF96,0.0,metal,14.7608,12.9054,354.26,276.982,96.0305,1.96627,70.1655,69.0826,1.89099,2.63574e-05,200.536,203.679,24,3,-6.97989,
Ni8Si4Zn12,227,cF96,0.0,metal,12.3789,7.63732,297.093,375.846,130.352,2.22441,69.4461,66.8208,1.70051,5.81337e-05,117.009,121.606,24,3,-2.1607,
O10Sb4,15,mS28,,,12.0492,6.36887,168.689,583.197,241.894,2.51316,36.2588,35.1135,5.60329,4.30691e-05,165.272,170.663,14,2,-5.96945,-1.33597
O10Ta4,47,oP7,0.4338,insulator-indirect,13.5579,7.73171,189.811,727.941,380.568,2.02405,16.0222,15.9192,39.2307,1.06514e-05,437.329,440.158,14,2,-9.01481,
O10Ti6,63,oS32,1.1285,insulator-indirect,12.668,3.66531,202.688,603.166,239.301,1.96294,40.3132,39.5834,5.9605,3.12452e-05,167.161,170.243,16,2,-8.0437,-1.98474
O10V4,59,oP14,,,14.0582,3.06906,196.815,752.127,312.015,2.03427,31.8185,31.2656,11.2568,2.89873e-05,151.423,154.1,14,2,-8.40362,-2.2771
O12Os4Rb2,227,cF72,0.0,metal,15.0773,6.87568,271.391,513.9,196.128,1.83703,47.6494,46.8889,9.32515,2.92219e-05,148.888,151.303,18,3,-6.44089,
O12Pb4Sr4,62,oP20,0.7905,insulator-indirect,15.3578,7.41335,307.156,340.156,125.257,2.28552,58.7919,56.4563,1.72959,5.95871e-05,96.2914,100.275,20,3,-5.79279,-1.75645
O12Pb4Tc4,227,cF80,0.0,metal,14.5357,8.0905,290.714,400.134,147.361,2.23683,56.6192,55.0933,2.98668,4.09588e-05,142.037,145.971,20,3,-6.53549,
O12Rh4Tb4,62,oP20,1.7439,insulator-indirect,11.8734,8.66614,237.468,427.943,157.677,2.15589,55.6892,54.4017,3.24417,3.63825e-05,185.8,190.197,20,3,-7.01834,
O12Rh4U2,136,tP18,1.4152,insulator-indirect,12.3921,8.03756,223.058,439.038,167.51,2.12026,49.6866,48.7001,3.82191,3.16671e-05,200.4,204.459,18,3,-6.96224,
O12Sb4Zn2,136,tP18,0.7321,insulator-direct,11.5619,6.46102,208.114,564.175,215.206,2.40618,47.0107,45.6236,4.52183,4.19352e-05,171.535,176.75,18,3,-5.7775,-1.48513
O12Sb8,227,cF80,3.3387,insulator-indirect,18.9026,5.12145,378.053,494.048,181.991,2.13761,54.1383,52.6953,5.58758,4.24931e-05,95.6155,98.2339,20,2,-5.94916,-1.43474
O12Sb8,227,cF80,3.3449,insulator-indirect,18.9422,5.11074,378.845,498.896,183.833,2.13575,54.0086,52.5734,5.77343,4.23818e-05,95.4239,98.0288,20,2,-5.94919,-1.43478
O12Sb8,227,cF80,,,18.8538,5.13471,377.077,499.856,184.202,2.13729,53.9703,52.5374,5.7904,4.23306e-05,95.9332,98.5497,20,2,-5.94906,-1.43464
O12Se4Sr4,62,oP20,3.8366,insulator-indirect,16.1053,4.42482,322.106,383.897,141.467,2.06869,57.3543,55.4884,1.96625,5.36779e-05,90.7192,93.7696,20,3,-5.90607,-1.91414
O12Si6,194,hP18,5.4901,insulator-direct,21.4943,1.54727,386.897,699.912,267.1,1.89893,42.3908,41.765,7.91396,2.6279e-05,106.33,107.923,18,2,-7.88983,-2.79449
O12Sn4Sr4,62,oP20,1.4249,insulator-indirect,14.2822,5.9135,285.644,451.164,166.15,2.2935,55.729,53.8655,2.90029,4.98499e-05,118.526,122.627,20,3,-6.12347,-2.06905
O12Sr4Tb4,62,oP20,0.0,half-metal,16.1544,6.05535,323.087,314.079,115.679,1.95976,58.6207,56.9224,1.6612,5.05921e-05,92.7381,95.5051,20,3,-6.96804,
O12Ta4V2,136,tP18,0.8081,insulator-indirect,12.0886,7.76615,217.595,535.113,204.141,2.04829,47.1514,46.3741,6.97398,2.71586e-05,220.094,223.783,18,3,-9.09327,
O12W4,14,mP16,,,14.2924,6.73425,228.678,617.922,245.253,2.13247,39.8147,39.2176,11.5482,2.37579e-05,210.469,213.674,16,2,-9.08906,-2.15205
O14Pb4Sb4,227,cF88,0.0,metal,14.5294,7.99908,319.647,467.914,167.021,2.27071,60.6059,58.7456,4.30099,4.61729e-05,123.33,127.236,22,3,-5.87003,-1.3513
O14Pt4Sb4,227,cF88,0.0,metal,12.1945,9.23088,268.279,364.067,129.905,2.24919,63.3976,61.4983,1.88474,4.53249e-05,156.131,160.953,22,3,-5.16818,
O14Pt4Tl4,227,cF88,0.8794,insulator-direct,12.4546,11.0409,274.002,400.865,143.11,2.39545,62.4493,60.5718,2.70535,4.2807e-05,169.385,174.635,22,3,-4.97798,
O14Ru4Y4,227,cF88,0.5591,insulator-indirect,12.3389,6.01864,271.456,546.998,195.215,2.13296,57.5,56.2972,4.75822,3.32709e-05,181.531,185.409,22,3,-7.68351,-1.68469
O14Sn4Tb4,227,cF88,2.2244,insulator-direct,13.5926,7.41013,299.038,468.076,167.021,2.14609,60.1677,58.7333,4.11772,3.76806e-05,153.133,156.873,22,3,-7.11239,
O14Sn4Y4,227,cF88,2.2472,insulator-direct,13.5583,5.86971,298.283,524.155,187.007,2.14315,58.39,57.0337,4.57745,3.68026e-05,152.193,155.812,22,3,-7.43093,-2.42778
O14Sn4Y4,227,cF88,2.2481,insulator-direct,13.5537,5.87171,298.181,523.879,187.007,2.1438,58.401,57.0431,4.5744,3.68274e-05,152.169,155.791,22,3,-7.43095,-2.4278
O14Tb4Ti4,227,cF88,3.3021,insulator-indirect,12.2337,6.48621,269.142,567.945,202.71,1.98553,56.6322,55.6052,6.63451,3.09264e-05,180.925,184.267,22,3,-8.27691,
O14Ti4Y4,227,cF88,3.2858,insulator-indirect,12.2067,4.76875,268.547,657.042,234.472,1.98672,53.5216,52.593,7.51764,2.95668e-05,179.4,182.568,22,3,-8.59564,-2.83913
O14V4Y4,227,cF88,0.8073,insulator-indirect,11.7928,5.014,259.441,625.851,223.409,2.03061,54.6916,53.6655,6.22808,3.13195e-05,182.699,186.192,22,3,-8.52016,-2.54977
O14Y4Zr4,227,cF88,2.7011,insulator-direct,13.5536,5.25984,298.179,583.924,208.42,2.00198,56.0792,55.0958,6.58133,2.96307e-05,170.565,173.61,22,3,-9.29112,-3.42461
O16Pb12,135,tP28,,,19.7381,8.23975,552.668,226.052,74.4256,2.22153,85.084,81.7739,0.669028,5.97342e-05,75.7354,78.801,28,2,-5.47243,-1.06691
O16Sb8,33,oP24,,,13.5453,6.28279,325.086,541.891,187.901,2.30646,63.3556,61.6275,4.35936,4.03398e-05,147.799,151.944,24,2,-6.05288,-1.46901
O1Pb1Sr3,221,cP5,0.0,metal,28.3877,5.68641,141.939,254.024,148.54,2.10503,15.259,14.5048,3.77771,8.08315e-05,36.5598,38.4608,5,3,-4.20137,-1.46408
O1Pb1Yb3,221,cP5,0.0,metal,23.3856,10.542,116.928,224.922,131.581,2.0748,15.3422,14.612,3.88396,7.88235e-05,44.9564,47.2028,5,3,-3.90561,
O1Rb2,225,cF12,,,27.1094,3.81679,81.3283,153.919,106.778,2.18729,10.0763,8.90162,0.689463,0.000190879,17.2914,19.5733,3,2,-3.20475,-0.919465
O1Rb2,225,cF12,1.3159,insulator-indirect,27.1311,3.81374,81.3933,154.993,107.471,2.1903,10.0735,8.90029,0.70091,0.00019038,17.3591,19.6474,3,2,-3.20473,-0.919443
O1Sc1,225,cF8,0.0,metal,11.8182,4.28234,23.6363,612.049,485.745,2.32961,5.08991,4.92769,18.4002,4.69406e-05,140.392,145.014,2,2,-7.77396,
O1Sn1Sr3,221,cP5,0.0,metal,27.8781,4.73595,139.39,285.887,167.254,2.06356,15.0382,14.3713,4.58204,7.37819e-05,39.4838,41.3158,5,3,-4.27255,
O1Sn1Yb3,221,cP5,0.0,metal,23.0223,9.43152,115.112,233.047,136.259,2.02618,15.2313,14.5786,3.976,7.24494e-05,48.5452,50.7189,5,3,-3.99092,
O1Sr1,225,cF8,,,17.6327,4.87912,35.2654,416.016,330.179,2.12653,5.68175,5.47588,13.6468,5.84026e-05,77.1158,80.015,2,2,-6.05261,-2.74527
O1Sr1,225,cF8,3.2755,insulator-indirect,17.6283,4.88035,35.2565,413.131,327.798,2.12578,5.6872,5.48161,13.3637,5.83316e-05,77.2015,80.097,2,2,-6.05261,-2.74527
O1Ta4,123,tP5,0.0,metal,16.14,15.2225,80.6999,275.0,160.821,1.9503,14.5963,14.3963,7.12301,2.36331e-05,202.392,205.203,5,2,-9.64677,
O1U1,225,cF8,0.0,metal,16.8567,12.5121,33.7134,269.044,213.505,1.83502,5.90503,5.77219,12.2363,4.00941e-05,111.252,113.812,2,2,-9.10308,
O1V1,225,cF8,0.5352,insulator-indirect,11.072,5.01979,22.144,607.913,482.57,2.06649,5.06669,4.93593,25.0924,4.24677e-05,148.428,152.36,2,2,-7.84912,-0.826067
O1Yb1,225,cF8,1.0945,insulator-indirect,14.5922,10.756,29.1844,363.136,288.113,2.00736,5.78979,5.59489,17.4662,5.72702e-05,93.7539,97.0198,2,2,-5.94432,
O1Zn1,225,cF8,2.1278,insulator-indirect,9.33396,7.23882,18.6679,491.029,389.707,1.99823,5.43362,5.27859,16.3307,4.87119e-05,157.932,162.571,2,2,-4.36441,-1.26594
O1Zn1,216,cF8,1.6841,insulator-direct,11.3819,5.93636,22.7638,420.86,334.148,1.9467,5.62522,5.45971,11.632,5.1497e-05,123.675,127.424,2,2,-4.4955,-1.39702
O24Sc16,206,cI80,,,12.178,3.76097,487.12,657.018,192.108,1.95501,97.3907,95.5888,4.10931,3.20987e-05,162.667,165.733,40,2,-9.0581,-3.56657
O24Sc16,206,cI80,4.276,insulator-direct,12.6713,3.61456,506.85,655.959,191.816,1.9357,97.4508,95.679,4.23674,3.18371e-05,156.16,159.052,40,2,-8.58426,-3.09272
O24Se8Sn4,205,cP36,2.0808,insulator-indirect,16.6277,4.13452,598.597,449.005,135.981,2.23936,100.346,97.0344,1.74422,5.03959e-05,98.2273,101.58,36,3,-5.4556,-0.972562
O24Si12,195,cP36,4.9689,insulator-indirect,18.889,1.76068,680.005,711.087,215.329,1.95684,84.266,82.8636,4.68816,2.88158e-05,112.542,114.446,36,2,-7.69272,-2.59738
O24Tb16,206,cI80,3.9046,insulator-indirect,15.4885,7.84462,619.54,373.94,109.358,2.00687,113.803,111.329,2.05475,3.66695e-05,134.761,137.756,40,2,-8.39418,
O24Tl16,206,cI80,,,15.6015,9.72256,624.06,244.049,71.346,2.41622,121.669,116.334,0.477221,6.19311e-05,100.498,105.107,40,2,-4.60535,-0.701568
O24Tl16,206,cI80,0.0,metal,15.5937,9.72744,623.747,244.123,71.346,2.42234,121.641,116.309,0.474624,6.18992e-05,100.551,105.162,40,2,-4.60538,-0.7016
O24Y16,206,cI80,,,15.3233,4.89405,612.934,473.036,138.306,1.98193,108.768,106.517,2.62798,3.53589e-05,133.244,136.059,40,2,-9.11364,-3.56969
O24Y16,206,cI80,4.0563,insulator-indirect,15.3254,4.89339,613.017,474.909,138.891,1.98251,108.634,106.391,2.65982,3.52947e-05,133.26,136.069,40,2,-9.11367,-3.56972
O24Y16,206,cI80,4.0551,insulator-indirect,15.3204,4.89501,612.815,473.927,138.598,1.98263,108.704,106.457,2.64266,3.53272e-05,133.277,136.09,40,2,-9.11369,-3.56973
O28P8Si4,205,cP40,5.4705,insulator-direct,11.5577,2.90263,462.308,943.892,276.027,2.0385,77.3967,76.35,8.01906,2.25115e-05,202.223,204.996,40,3,-7.35756,-2.29856
O28P8Th4,205,cP40,5.3833,insulator-indirect,19.4996,3.45724,779.985,405.963,118.715,1.92163,111.756,109.834,1.73068,3.01123e-05,123.55,125.712,40,3,-7.80042,
O28P8Ti4,205,cP40,3.0926,insulator-indirect,14.0592,2.62021,562.368,783.095,228.951,2.02954,88.6696,87.2873,5.41219,2.60232e-05,164.468,167.073,40,3,-7.54412,
O28P8Zr4,205,cP40,4.4684,insulator-indirect,15.6364,2.81595,625.458,647.984,189.476,2.01705,97.7726,96.1852,3.84663,2.72127e-05,155.55,158.117,40,3,-8.02656,-2.65557
O2Pa1,225,cF12,0.0,metal,13.545,10.749,40.6351,421.933,292.598,2.05892,8.32765,8.17941,18.0073,2.92113e-05,194.469,197.993,3,2,-10.0419,
O2Pb1,225,cF12,0.0,metal,13.1815,10.0444,39.5445,231.107,160.166,2.36992,9.13418,8.75221,1.96155,6.02862e-05,119.918,125.152,3,2,-5.27109,-0.748757
O2Pb2,129,tP4,1.6215,insulator-indirect,22.2637,8.32366,89.0549,239.04,150.561,2.09353,12.0913,11.6438,3.91442,6.02925e-05,62.2322,64.6239,4,2,-5.45585,-1.13793
O2Pd2,131,tP4,,,13.1095,7.75195,52.4382,296.049,186.468,2.38848,11.8585,11.4557,2.56608,4.84798e-05,147.985,153.188,4,2,-5.60592,-0.449368
O2Pd2,131,tP4,0.178,insulator-direct,13.0259,7.80173,52.1036,312.908,197.178,2.38902,11.7979,11.3937,3.02912,4.89095e-05,146.451,151.646,4,2,-4.43144,0.725119
O2Pd4,224,cP6,0.0,metal,15.5953,8.1206,93.572,144.925,79.7966,2.44995,18.5642,17.8024,0.287144,5.72472e-05,112.398,117.208,6,2,-3.74821,
O2Pt2,131,tP4,0.1971,insulator-direct,13.2628,13.2145,53.0511,268.068,168.829,2.3898,11.8866,11.5485,3.28977,4.0391e-05,177.387,182.58,4,2,-4.72398,
O2Rb1,139,tI6,0.0,half-metal,20.6266,3.15221,61.8797,256.954,178.194,2.07516,9.39026,8.70491,2.06442,0.000123678,32.01,34.5302,3,2,-4.48244,-0.874224
O2Rb2,71,oI8,1.7635,insulator-indirect,23.3141,3.61348,93.2565,225.945,142.371,2.13608,12.711,11.6995,1.46816,0.000132345,27.2509,29.6067,4,2,-3.95808,-1.01134
O2Se2Th2,129,tP6,0.9607,insulator-direct,20.836,8.68675,125.016,314.984,173.351,2.06155,17.3987,17.0631,6.7443,3.15734e-05,122.469,124.878,6,3,-7.49155,
O2Sn1,225,cF12,0.0,metal,11.8263,7.05277,35.479,396.082,274.571,2.39625,8.56376,8.28183,5.86964,4.68979e-05,163.445,169.009,3,2,-5.7546,-1.20212
O2Sn2,129,tP4,,,18.6663,5.99093,74.6652,364.129,229.306,2.13224,11.5859,11.1849,7.56625,5.53909e-05,78.9985,81.8302,4,2,-5.7107,-1.34755
O2Sr1,139,tI6,2.8184,insulator-indirect,14.4736,4.57458,43.4208,448.116,310.626,2.07256,8.42335,8.09467,9.91837,6.47822e-05,81.0173,84.307,3,2,-5.74797,-1.89936
O2Sr1,139,tI6,,,14.5184,4.56047,43.5552,451.244,312.706,2.06369,8.41343,8.08663,10.2278,6.46633e-05,80.5198,83.7739,3,2,-5.74835,-1.89974
O2Tb2Te1,139,tI10,1.1749,insulator-indirect,19.6375,8.07459,98.1875,311.045,181.874,1.98815,14.5798,14.2427,6.81717,3.93391e-05,100.621,103.003,5,3,-7.43109,
O2Th1,225,cF12,4.5404,insulator-indirect,16.4817,8.86728,49.4452,380.059,263.477,1.99901,8.47007,8.3286,15.0171,2.81011e-05,164.961,167.763,3,2,-8.77194,
O2Ti6,193,hP8,0.0,metal,14.7647,4.49022,118.118,463.026,231.5,1.92157,21.813,21.4038,6.73611,3.29872e-05,144.552,147.315,8,2,-6.12596,
O2Tl4,166,hR6,,,25.0923,9.36935,150.554,196.157,107.863,2.29981,19.016,17.656,1.77417,0.000108354,34.2524,36.8907,6,2,-3.81245,-0.593571
O2Zn2,186,hP4,,,12.4227,5.43899,49.6907,383.04,241.275,2.08332,11.4803,11.1031,4.89122,5.3821e-05,118.292,122.311,4,2,-4.55035,-1.45187
O2Zn2,186,hP4,1.8227,insulator-direct,11.36,5.94779,45.44,422.045,265.843,1.94612,11.2495,10.9184,7.37973,5.14411e-05,123.836,127.591,4,2,-4.50482,-1.40634
O2Zn2,194,hP4,1.8555,insulator-direct,9.43099,7.16434,37.724,409.102,257.654,1.99961,11.3208,10.9776,5.94554,5.1697e-05,153.523,158.323,4,2,-4.28769,-1.18922
O2Zr1,225,cF12,3.1237,insulator-indirect,11.3886,5.98871,34.1659,599.013,415.323,2.01372,7.561,7.44016,23.9236,2.68396e-05,223.319,226.946,3,2,-9.43482,-3.2995
O2Zr6,182,hP8,0.0,metal,18.211,6.60304,145.688,375.026,187.5,1.82978,22.6077,22.2527,7.73648,2.88865e-05,133.029,135.151,8,2,-9.01634,-1.37582
O3Pb1Ti1,221,cP5,2.181,insulator-indirect,12.7945,7.86753,63.9727,473.931,277.197,2.05993,13.6093,13.3051,12.3097,3.68146e-05,159.145,162.783,5,3,-7.02401,-1.73666
O3Pb1Zr1,221,cP5,2.2831,insulator-indirect,14.9164,7.71287,74.582,416.941,243.863,2.08209,13.9779,13.6695,9.84373,3.58866e-05,145.768,149.057,5,3,-7.80252,-2.39416
O3Rb1U1,221,cP5,2.9093,insulator-indirect_spin-polarized,17.0805,7.22327,85.4023,391.977,229.243,1.98516,14.1076,13.8129,10.1735,3.55324e-05,124.196,126.845,5,3,-7.75355,
O3Re1,221,cP4,0.0,metal,13.7296,7.08131,54.9186,567.933,357.818,2.16789,10.2703,10.1076,21.7342,2.46901e-05,221.442,225.006,4,2,-7.71432,-0.907846
O3Re1,221,cP4,,,13.6436,7.12599,54.5742,571.129,359.707,2.19848,10.2548,10.0905,21.381,2.46148e-05,226.121,229.802,4,2,-8.43635,-1.62988
O3Ru1Sr1,221,cP5,0.0,metal,12.8257,6.12877,64.1287,476.775,278.951,2.83148,14.032,13.3138,4.93488,6.27366e-05,128.442,135.371,5,3,-6.3194,-1.16973
O3Sn1Sr1,221,cP5,0.3313,insulator-indirect,14.4695,5.83693,72.3477,485.145,283.63,2.34861,13.7134,13.2471,8.68576,4.94012e-05,119.185,123.381,5,3,-6.04632,-1.9919
O3Sn1Ti1,221,cP5,1.7288,insulator-indirect,12.6163,5.64874,63.0817,541.049,316.379,2.05623,13.1249,12.8413,12.9608,3.56554e-05,160.208,163.746,5,3,-6.9263,-1.62086
O3Sr1Tc1,221,cP5,0.1122,insulator-indirect_spin-polarized,13.2386,5.88337,66.1928,540.984,316.379,1.80235,13.0536,12.8343,19.1747,3.14047e-05,152.45,155.055,5,3,-6.91255,
O3Sr1Ti1,221,cP5,2.29,insulator-indirect,12.5399,4.86033,62.6993,670.946,392.403,2.04082,12.079,11.8357,21.4744,3.35492e-05,156.175,159.385,5,3,-7.47382,-2.5907
O3Sr1Zr1,221,cP5,3.2164,insulator-indirect,14.7899,5.09365,73.9497,547.115,319.888,2.05797,13.0669,12.7971,14.8962,3.40182e-05,143.004,146.019,5,3,-8.21164,-3.20751
O3W1,221,cP4,0.7294,insulator-indirect,14.2369,6.7605,56.9474,576.075,362.857,2.11115,10.2118,10.0616,24.0636,2.35101e-05,217.362,220.607,4,2,-8.49173,-1.55472
O4,194,hP4,0.0,metal,11.8391,2.24406,47.3563,593.895,374.197,2.11692,10.3688,9.96919,6.85764,6.28151e-05,95.6726,99.5079,4,1,-4.81869,0.112456
O4Os2,136,tP6,0.0,metal,11.012,11.1687,66.072,464.095,255.349,2.20818,16.336,16.0403,10.2115,2.76951e-05,265.13,270.018,6,2,-7.00545,0.0217517
O4Os2,136,tP6,,,10.9675,11.2141,65.8048,449.919,247.645,2.22931,16.4496,16.151,9.10589,2.75031e-05,272.998,278.044,6,2,-7.92382,-0.896619
O4Pb2,136,tP6,,,14.8222,8.93252,88.9333,266.107,146.385,2.47168,18.1356,17.3444,1.79132,6.06113e-05,109.244,114.227,6,2,-5.3767,-0.854375
O4Pd8Zr16,227,cF112,0.0,metal,17.6991,7.95705,495.575,229.044,75.4136,2.03733,83.3143,81.6611,0.700895,3.2795e-05,141.096,143.953,28,3,-7.46993,
O4Pt2,224,cP6,0.0,metal,14.8411,8.4695,89.0465,136.007,74.8437,2.31201,18.4381,17.8233,0.262206,4.9099e-05,129.744,134.219,6,2,-4.11302,
O4Pt2,58,oP6,0.8404,insulator-indirect,11.0672,11.3576,66.4032,434.904,239.39,2.39524,16.7129,16.276,7.22307,3.70884e-05,216.975,222.799,6,2,-5.04128,
O4Pt2,136,tP6,0.0,metal,11.2408,11.1822,67.4447,425.16,233.887,2.52885,16.8331,16.3445,6.02233,3.9148e-05,214.378,220.787,6,2,-4.99578,
O4Rb2Sc2,194,hP8,3.7087,insulator-indirect,15.4158,4.37391,123.326,483.834,242.0,2.05728,21.855,21.1937,6.85733,5.02614e-05,95.6743,98.6594,8,3,-6.67498,-2.38579
O4Re2,136,tP6,0.0,metal,11.2314,10.7534,67.3885,516.875,284.516,2.23451,15.8855,15.609,13.6076,2.63128e-05,269.374,274.144,6,2,-7.85571,-0.424128
O4Rh2,136,tP6,0.0,half-metal,10.9317,6.8307,65.5903,582.06,320.287,2.25783,15.3765,15.0367,11.6446,3.32801e-05,212.142,216.937,6,2,-5.51893,
O4Ru2,136,tP6,,,10.8025,6.81837,64.8149,547.982,301.576,2.26038,15.6583,15.3428,9.51961,3.02249e-05,242.029,247.006,6,2,-7.38401,-1.00613
O4Ru2,58,oP6,0.0,metal,10.8281,6.80223,64.9687,581.027,319.737,2.22537,15.3475,15.0467,11.7534,2.98761e-05,235.331,240.037,6,2,-6.33147,0.0464105
O4S1Sr1,216,cF24,3.9262,insulator-indirect,15.6465,3.24891,93.879,402.943,221.779,2.03149,17.0107,16.5108,3.73259,4.92425e-05,99.0413,102.04,6,3,-6.27616,-2.02041
O4S1Zn1,216,cF24,4.8011,insulator-indirect,19.2457,2.3215,115.474,350.902,193.163,2.00424,17.283,16.8518,2.38717,4.21325e-05,95.3942,97.8347,6,3,-5.57485,
O4S2Sc4,194,hP10,2.4796,insulator-indirect,14.2996,3.57596,142.996,588.944,273.39,1.92838,25.4568,24.9576,9.06028,3.44975e-05,132.887,135.545,10,3,-7.89735,
O4S4Zr4,198,cP12,2.4226,insulator-indirect,16.0068,4.81625,192.082,457.086,199.613,1.99064,32.7949,32.1895,5.46648,3.13485e-05,145.617,148.355,12,3,-8.32806,-2.46101
O4Si2,136,tP6,5.0102,insulator-direct,8.03856,4.13724,48.2314,1153.75,635.071,2.03142,9.49743,9.38968,46.1115,1.8953e-05,280.902,284.125,6,2,-7.71947,-2.62413
O4Si2,227,cF24,5.3686,insulator-indirect,17.294,1.92307,103.764,662.904,364.863,1.8583,14.4819,14.2818,13.6454,2.50972e-05,139.105,141.055,6,2,-7.90381,-2.80847
O4Sn2,136,tP6,0.0,metal,13.2406,6.29945,79.4434,488.169,268.557,2.41829,16.3652,15.8635,7.04549,4.3212e-05,152.946,157.783,6,2,-5.94071,-1.38823
O4Sn2,58,oP6,0.3843,insulator-indirect,13.1904,6.32339,79.1427,466.003,256.45,2.40753,16.5493,16.039,6.18729,4.36746e-05,152.762,157.623,6,2,-5.93858,-1.3861
O4Sn2,136,tP6,,,12.5789,6.63082,75.4732,520.163,286.167,2.37524,16.023,15.5893,8.7096,3.87837e-05,173.068,177.882,6,2,-6.25875,-1.70627
O4Ta2,136,tP6,0.0,metal,12.2022,9.65966,73.213,491.903,270.758,2.05036,16.057,15.8104,14.1696,2.52856e-05,240.265,244.013,6,2,-9.28412,
O4Te2,136,tP6,0.0,metal,14.8281,5.95761,88.9686,393.969,216.827,2.17412,17.0061,16.5691,5.12679,4.00819e-05,138.856,142.519,6,2,-5.15728,-0.822716
O4Ti2,136,tP6,2.2636,insulator-indirect,11.0179,4.01394,66.1071,792.995,436.405,2.00128,13.1839,12.9859,22.7614,2.54232e-05,210.133,213.336,6,2,-8.04768,-2.11404
O4Ti2,141,tI12,2.5528,insulator-indirect,12.1707,3.63372,73.0244,647.977,356.608,1.98136,14.668,14.4251,13.0947,2.82851e-05,189.257,192.444,6,2,-8.05743,-2.12379
O4Ti2,136,tP6,,,10.7157,4.12715,64.2939,789.843,434.754,2.03523,13.2249,13.0167,21.4957,2.6222e-05,213.436,216.849,6,2,-8.96394,-3.0303
O4Ti2,141,tI12,,,11.7501,3.7638,70.5007,575.049,316.435,2.00489,15.3765,15.1002,8.81824,3.03378e-05,193.193,196.727,6,2,-8.99488,-3.06124
O4V2,136,tP6,0.7285,insulator-indirect,10.2897,4.46159,61.7384,788.761,434.203,2.15625,13.2674,13.0361,19.367,2.74527e-05,224.447,228.429,6,2,-7.9177,-1.59195
O4W2,136,tP6,0.0,metal,11.4594,10.426,68.7562,557.047,306.529,2.11099,15.4858,15.258,19.1694,2.35234e-05,272.728,276.801,6,2,-8.6772,-1.07157
O5Ti5,12,mS20,,,10.8992,4.86768,108.992,711.804,330.481,2.04975,23.4181,22.9993,13.2856,2.96158e-05,198.594,202.21,10,2,-8.96962,-2.53473
O6Pt3Zn1,65,oS20,0.5419,insulator-indirect,11.4809,10.7992,114.809,357.908,166.169,2.29863,28.7814,28.0164,3.12374,3.9253e-05,196.206,201.563,10,3,-4.91542,
O6Rb4Tb2,36,oS24,0.0,half-metal,22.2212,4.70609,266.655,238.924,104.393,1.92586,36.4933,34.9414,1.27197,7.45118e-05,47.0622,49.1524,12,3,-5.52314,
O6Re2,182,hP8,0.0,metal,11.8366,8.21381,94.6931,647.878,324.0,2.1704,19.5407,19.2338,19.32,2.44648e-05,245.717,249.637,8,2,-7.6124,-0.805924
O6Rh4,167,hR10,,,11.0342,7.63917,110.342,528.091,245.076,2.33985,26.51,25.8692,6.47753,3.51338e-05,213.412,218.697,10,2,-6.5652,-0.670282
O6Sn2Sr2,140,tI20,1.1654,insulator-indirect,14.2473,5.92798,142.473,490.157,227.438,2.31156,27.3271,26.4208,5.80732,4.90584e-05,119.159,123.246,10,3,-6.10236,-2.04794
O6Sr2Ti2,140,tI20,2.3866,insulator-indirect,12.4831,4.88243,124.831,648.108,300.775,2.03896,24.5487,24.0462,12.185,3.41011e-05,156.45,159.72,10,3,-7.47625,-2.59313
O6Sr2Zr2,140,tI20,3.5621,insulator-indirect,14.3829,5.23782,143.829,565.039,262.25,2.05154,25.8485,25.323,10.3146,3.36216e-05,146.417,149.456,10,3,-8.25418,-3.25006
O6Sr2Zr2,140,tI20,3.58,insulator-indirect,14.3632,5.24499,143.632,563.091,261.321,2.05282,25.8846,25.3564,10.1876,3.37122e-05,146.59,149.644,10,3,-8.25419,-3.25007
O6Ti4,167,hR10,,,10.5827,4.51271,105.827,646.069,299.847,2.02479,24.5156,24.0715,9.07885,3.03338e-05,206.899,210.717,10,2,-9.04115,-2.90701
O6V4,146,hR10,,,9.89691,5.02952,98.9691,668.875,310.522,2.11373,24.1881,23.7042,9.3642,3.21514e-05,214.333,218.709,10,2,-8.88277,-2.2781
O6W2,129,tP8,0.7391,insulator-indirect,14.4228,6.67335,115.382,577.104,288.5,2.10517,20.4198,20.1144,15.3918,2.39649e-05,209.782,212.967,8,2,-8.50881,-1.5718
O8P2Pr2,141,tI24,4.0572,insulator-indirect,13.6528,4.78151,163.834,488.945,213.59,2.01814,32.3375,31.6897,5.22204,3.35985e-05,158.89,162.138,12,3,-8.07117,
O8P2Sc2,141,tI24,4.8968,insulator-indirect,11.0367,3.50882,132.44,797.078,348.122,2.00226,26.3414,25.9073,12.7395,2.79077e-05,190.391,193.581,12,3,-7.97866,
O8P2Tb2,141,tI24,5.8763,insulator-direct,12.3872,5.67261,148.646,538.082,234.993,2.03167,31.4713,30.8527,7.14384,3.27966e-05,175.518,179.037,12,3,-8.01588,
O8P2Y2,141,tI24,5.7982,insulator-indirect,12.3279,4.12799,147.934,636.977,278.235,2.01433,29.6193,29.0727,8.73884,3.10338e-05,174.042,177.315,12,3,-8.30445,-3.05246
O8Pa4,205,cP12,0.0,metal,13.5493,10.7456,162.591,422.059,292.598,2.05793,8.32703,8.17895,18.0263,2.9195e-05,194.466,197.987,12,2,-10.0421,
O8Pb2Sr4,55,oP14,1.4054,insulator-indirect,16.2359,6.52283,227.302,347.157,143.975,2.23818,41.0225,39.4186,2.31137,5.97907e-05,88.9275,92.5458,14,3,-5.91475,-2.0867
O8Pd4Y2,88,tI28,0.0,metal,12.2207,7.0988,171.09,445.854,185.051,2.25132,38.8393,37.7838,3.61057,4.1081e-05,165.514,170.138,14,3,-6.1516,
O8Pd6Sr2,223,cP16,0.0,metal,12.9832,7.52714,207.731,394.15,156.359,2.35208,45.8203,44.2181,2.37955,5.08079e-05,135.138,140.034,16,3,-4.91601,-0.221762
O8Pd6Tl2,225,cF64,1.8488,insulator-indirect,14.5229,8.39779,232.366,288.067,114.293,2.40246,47.7068,45.9363,1.14946,5.2796e-05,123.48,128.24,16,3,-4.47043,
O8Pd6Tl2,225,cF64,1.8477,insulator-indirect,14.5237,8.39729,232.38,286.022,113.499,2.39948,47.7456,45.9719,1.12873,5.28595e-05,123.413,128.174,16,3,-4.47043,
O8Pr2V2,141,tI24,2.7093,insulator-indirect,15.2303,4.6491,182.764,451.98,197.429,1.97185,32.9257,32.2712,4.8759,3.41288e-05,139.712,142.546,12,3,-8.2441,
O8Pt6,223,cP14,0.0,metal,12.8599,11.9767,180.039,308.031,127.793,2.39896,41.0076,39.9233,1.8683,3.73505e-05,196.029,201.353,14,2,-4.87825,
O8Re4,14,mP12,,,11.125,10.8563,133.5,501.023,218.832,2.19327,32.0101,31.4891,8.08927,2.5036e-05,283.506,288.197,12,2,-8.81035,-1.37877
O8Re4,60,oP12,0.0,metal,10.8197,11.1626,129.836,575.033,251.154,2.17979,30.6759,30.2054,12.2838,2.375e-05,292.461,297.017,12,2,-7.93832,-0.506739
O8Rh4Zn2,227,cF56,2.0292,insulator-indirect,11.2607,7.06112,157.65,476.918,197.914,2.21472,38.1606,37.206,4.08247,3.84124e-05,185.9,190.67,14,3,-5.30993,-0.213996
O8Ru4,205,cP12,0.0,metal,9.82136,7.4995,117.856,654.835,286.098,2.26257,29.287,28.718,9.89981,2.91471e-05,258.029,263.141,12,2,-6.22677,0.151113
O8Sb2V2,109,tI24,0.2038,insulator-indirect,11.4973,5.69746,137.967,647.19,282.603,2.19186,29.5337,28.8761,9.59146,3.45697e-05,180.461,184.571,12,3,-6.84859,-1.39378
O8Si2Zn4,227,cF56,3.318,insulator-direct,9.48023,5.57611,132.723,616.786,256.001,1.99104,35.1156,34.3471,6.99851,3.7372e-05,187.573,191.77,14,3,-5.87008,-1.9158
O8Si2Zn4,122,tI28,3.3701,insulator-indirect,11.1678,4.73351,156.349,537.145,222.808,1.94737,36.8695,36.0334,5.11332,3.95327e-05,154.672,158.261,14,3,-5.96989,-2.01562
O8Si2Zr2,141,tI24,4.4692,insulator-indirect,11.2997,4.48954,135.596,703.075,307.064,1.99587,28.2028,27.7688,11.6101,2.61053e-05,212.989,216.318,12,3,-8.72817,-3.11284
O8Si2Zr2,88,tI24,4.0416,insulator-indirect,10.1758,4.98541,122.109,714.941,312.305,2.01348,27.9819,27.5453,11.5675,2.62275e-05,235.941,239.681,12,3,-8.64852,-3.03319
O8Si4,205,cP12,4.0065,insulator-direct,7.527,4.41842,90.324,1121.17,489.642,2.07046,19.6553,19.4088,24.9604,2.05636e-05,291.372,295.074,12,2,-7.34357,-2.24823
O8Si4,98,tI24,4.8402,insulator-direct,15.1805,2.19081,182.166,907.013,396.169,1.94209,23.9832,23.6642,19.1748,2.31937e-05,147.201,149.185,12,2,-7.76624,-2.6709
O8Si4,92,tP12,,,15.3421,2.16772,184.106,1750.63,764.82,1.97702,9.88496,9.82929,133.85,9.66779e-06,145.167,145.99,12,2,-7.91314,-2.8178
O8Si4,60,oP12,5.2588,insulator-direct,7.8842,4.21824,94.6105,1144.28,499.688,2.03979,19.1984,18.9757,27.8279,1.92942e-05,285.609,288.962,12,2,-7.66103,-2.56569
O8Si4,24,oI24,5.1693,insulator-indirect,12.8735,2.58341,154.482,884.915,386.559,1.98702,24.4696,24.0995,16.0347,2.5842e-05,162.453,164.948,12,2,-7.73908,-2.64374
O8Sn2Zn4,227,cF56,0.6598,insulator-direct,11.6736,6.36958,163.431,427.04,177.168,2.07626,39.2536,38.1153,3.18772,4.74927e-05,139.833,144.009,14,3,-5.01568,-1.29406
O8Sn4,62,oP12,0.181,insulator-indirect,11.9328,6.98984,143.193,421.858,184.325,2.32326,33.8171,32.7473,3.02075,4.64735e-05,156.342,161.45,12,2,-5.70972,-1.15724
O8Sn4,205,cP12,0.1517,insulator-indirect,12.0723,6.90904,144.868,502.837,219.705,2.40911,32.4803,31.4858,4.7526,4.33998e-05,164.424,169.617,12,2,-5.85956,-1.30708
O8Sn4,60,oP12,0.3589,insulator-direct,12.9761,6.42783,155.713,472.872,206.602,2.39633,32.9748,31.9675,4.08945,4.34604e-05,155.161,160.05,12,2,-5.9266,-1.37412
O8Te4,92,tP12,,,15.6952,5.62848,188.342,612.84,267.752,2.18963,30.2877,29.5273,12.2327,3.90735e-05,119.516,122.593,12,2,-5.3682,-1.03363
O8Th4,62,oP12,3.165,insulator-direct,15.3176,9.54116,183.812,344.996,150.693,2.0483,34.366,33.7627,4.12168,2.88771e-05,179.44,182.646,12,2,-8.65598,
O8Ti4,60,oP12,2.8179,insulator-indirect,10.807,4.09225,129.684,739.079,322.788,1.9943,27.5026,27.0734,11.6067,2.64842e-05,213.826,217.216,12,2,-8.03853,-2.10489
O8Ti4,141,tI24,2.2613,insulator-indirect,12.9563,3.4134,155.475,801.862,350.306,2.00109,26.2118,25.7937,15.6738,2.70349e-05,165.942,168.632,12,2,-7.86991,-1.93627
O8V2Y2,141,tI24,2.9571,insulator-indirect,13.8263,4.08029,165.916,538.137,234.993,1.95964,31.4493,30.8556,6.43648,3.26278e-05,152.477,155.411,12,3,-8.44559,-2.5618
O8W4,14,mP12,,,11.4332,10.4498,137.198,533.008,232.809,2.13454,31.4213,30.9479,10.3146,2.37949e-05,277.514,281.759,12,2,-9.51892,-1.91329
O8Zn4,205,cP12,2.753,insulator-indirect,9.42314,5.72001,113.078,569.997,248.97,1.98233,31.2472,30.3242,6.29213,5.09336e-05,141.547,145.855,12,2,-4.43447,-0.725106
O8Zr4,14,mP12,,,12.2361,5.57393,146.833,604.138,263.821,2.01953,30.1566,29.6778,9.8987,2.6568e-05,209.82,213.205,12,2,-9.50437,-3.36905
O8Zr4,60,oP12,4.0951,insulator-indirect,12.962,5.2618,155.544,564.06,246.35,2.00623,30.8888,30.3913,8.33108,2.71374e-05,197.456,200.688,12,2,-9.47569,-3.34037
O8Zr4,62,oP12,2.851,insulator-direct,10.4651,6.51721,125.581,584.018,255.085,2.03264,30.5377,30.0373,8.37363,2.72668e-05,243.491,247.548,12,2,-9.40073,-3.26542
O8Zr4,14,mP12,3.5639,insulator-indirect,12.2685,5.55922,147.222,581.886,254.212,2.01988,30.5613,30.0697,8.85618,2.69331e-05,209.312,212.734,12,2,-9.50385,-3.36854
O9W3,191,hP12,0.7586,insulator-indirect,15.5354,6.19541,186.425,600.095,262.074,2.1088,30.1848,29.7436,13.4881,2.33988e-05,196.67,199.588,12,2,-8.48908,-1.55207
Os10W20,136,tP30,0.0,metal,15.8146,19.5266,474.438,358.01,115.215,2.07014,84.7992,83.9645,5.22011,1.59437e-05,315.481,318.617,30,2,-9.7006,
Os1Si1,221,cP2,0.0,metal,12.8413,14.1135,25.6826,403.995,320.655,2.17518,5.57623,5.49416,22.4741,2.2798e-05,279.581,283.757,2,2,-7.14121,
Os1Si3Th1,107,tI10,0.0,metal,18.5118,9.08669,92.559,343.962,201.172,2.07217,14.3375,14.0762,8.76443,2.96221e-05,146.416,149.135,5,3,-6.7297,
Os1Ti1,221,cP2,0.0,metal,15.3031,12.9181,30.6063,424.014,336.529,2.01698,5.51567,5.44552,35.3901,2.12235e-05,231.844,234.83,2,2,-7.24392,
Os1V1,221,cP2,0.0,metal,14.2122,14.0874,28.4243,406.977,323.036,2.44452,5.60647,5.49171,20.3989,2.82436e-05,229.719,234.52,2,2,-7.57247,
Os1Zr1,221,cP2,0.0,metal,17.7289,13.1793,35.4577,358.021,284.145,1.97203,5.66907,5.59846,27.7837,2.12299e-05,200.862,203.395,2,2,-8.91891,
Os2,194,hP2,0.0,metal,14.2198,22.211,28.4395,454.973,361.134,2.30921,5.42485,5.36717,50.7919,1.54748e-05,386.42,390.572,2,1,-8.02444,
Os2P2Sr1,139,tI10,0.0,metal,18.7975,9.36327,93.9877,366.969,214.623,2.20891,14.2421,13.9528,9.74165,3.10881e-05,144.928,147.933,5,3,-6.39872,
Os2P4,58,oP6,0.9186,insulator-indirect,14.9518,9.33445,89.7109,546.109,300.475,2.18776,15.6168,15.3615,21.322,2.52263e-05,203.752,207.138,6,2,-6.8598,
Os2Sb4,58,oP6,0.4659,insulator-indirect,21.9894,10.917,131.936,336.967,185.458,2.31846,17.3227,16.9364,8.64304,3.25347e-05,125.742,128.609,6,2,-5.50098,
Os2Si2Tb1,139,tI10,0.0,metal,16.8891,11.7099,84.4456,372.954,218.132,2.06654,14.139,13.9169,12.8169,2.56139e-05,182.531,185.444,5,3,-7.07344,
Os2Si2Th1,139,tI10,0.0,metal,18.0376,12.3104,90.1881,389.958,228.073,2.10842,14.0243,13.8218,16.0881,2.30384e-05,193.011,195.838,5,3,-7.39727,
Os2Si2U1,139,tI10,0.0,metal,17.128,13.0803,85.6402,369.958,216.377,1.96031,14.1308,13.9333,15.9746,2.39418e-05,183.208,185.805,5,3,-7.80915,
Os2Si2Y1,139,tI10,0.0,metal,16.8658,10.3473,84.3291,394.051,230.413,2.05688,14.0171,13.7997,13.4606,2.54013e-05,182.034,184.903,5,3,-7.43783,
Os3Ti1,221,cP4,0.0,metal,14.8472,17.2936,59.3887,345.974,217.966,2.4799,11.4565,11.2522,9.94117,2.41685e-05,268.154,273.02,4,2,-7.36022,
Os3Zr1,221,cP4,0.0,metal,15.8801,17.3012,63.5204,330.032,207.887,2.34656,11.505,11.3169,10.646,2.35027e-05,243.479,247.526,4,2,-8.20664,
Os4P4Zr4,62,oP12,0.0,metal,15.5614,11.1117,186.737,428.036,186.946,2.1452,33.1138,32.6239,8.46697,2.32242e-05,221.874,225.206,12,3,-8.27502,
Os4S8,205,cP12,0.4444,insulator-indirect,15.2215,9.24804,182.659,497.859,217.522,2.34264,32.2543,31.5524,8.91592,3.15007e-05,175.981,179.896,12,2,-5.88917,
Os4Sb12Sr1,204,cI34,0.0,metal,24.6946,9.13484,419.809,255.955,99.5612,2.27556,50.5755,49.2451,1.92288,3.91413e-05,93.9296,96.4672,17,3,-5.07341,
Os4Se8,205,cP12,0.259,insulator-indirect,18.1823,10.5976,218.187,384.886,168.164,2.37881,34.0947,33.2589,5.78844,3.49698e-05,142.057,145.627,12,2,-5.28014,
Os4Si4,198,cP8,0.6899,insulator-indirect,13.6238,13.3028,108.991,389.985,195.0,2.15758,22.4441,22.1142,8.31694,2.29194e-05,262.391,266.304,8,2,-7.16072,
Os4Si4Zr4,62,oP12,0.0,metal,16.3384,10.4854,196.061,405.993,177.337,2.01204,33.3903,32.9367,8.37185,2.27216e-05,204.07,206.881,12,3,-8.18464,
Os4Te8,205,cP12,0.142,insulator-indirect,22.645,10.887,271.739,322.912,141.083,2.40748,34.9366,34.0508,4.58186,3.56823e-05,116.221,119.245,12,2,-4.92353,
Os4Th2,227,cF24,0.0,metal,20.113,16.8544,120.678,154.979,85.2998,2.10232,18.004,17.766,1.42381,2.11049e-05,201.813,204.516,6,2,-7.49789,
Os6Sn14,229,cI40,0.0,metal,22.0384,10.5594,440.768,209.07,76.9963,2.42206,60.3903,58.6184,0.814501,4.10801e-05,108.127,111.395,20,2,-4.87489,
Os6Th14,186,hP20,0.0,metal,30.2597,12.0446,605.194,177.973,65.5758,1.99745,59.9517,58.9741,1.32973,2.75288e-05,97.264,98.8764,20,2,-7.07497,
Os8Sc22,225,cF120,0.0,metal,20.901,6.64882,627.029,281.073,90.4342,1.82752,87.9126,86.2376,1.63804,3.51855e-05,97.617,99.513,30,2,-6.26521,
Os8Sc4,194,hP12,0.0,metal,16.9685,13.8752,203.622,251.042,109.634,2.31068,35.4102,34.7969,2.03695,2.51106e-05,217.485,221.319,12,2,-7.45359,
Os8Tb4,194,hP12,0.0,metal,18.1493,16.4482,217.792,214.033,93.4731,2.25368,35.7232,35.1168,1.72713,2.52548e-05,198.917,202.352,12,2,-7.20047,
Os8Y4,194,hP12,0.0,metal,18.081,14.3669,216.972,240.029,104.83,2.29007,35.5228,34.8979,2.04602,2.57247e-05,198.081,201.628,12,2,-7.82142,
Os8Y4,194,hP12,0.0,metal,18.082,14.366,216.985,236.977,103.519,2.29477,35.5449,34.9203,1.96147,2.57076e-05,198.24,201.785,12,2,-7.82143,
P1,221,cP1,0.0,metal,14.6076,3.52099,14.6076,510.462,510.0,3.2002,2.81519,2.62228,9.3518,7.57771e-05,103.008,110.586,1,1,-5.27154,0.052605
P12Pd4,204,cI32,0.0,metal,17.3144,4.77898,277.031,397.169,157.55,2.22094,45.5831,44.1547,2.57365,4.82359e-05,99.6896,102.914,16,2,-4.95678,
P12Rh4,204,cI32,0.0,metal,16.3501,4.97212,261.601,550.989,218.664,2.20155,41.7916,40.8546,6.75602,3.45843e-05,135.486,138.593,16,2,-5.64366,
P12Rh4,204,cI32,0.0,metal,16.3441,4.97393,261.506,552.076,219.061,2.20434,41.7683,40.8295,6.77339,3.46278e-05,135.398,138.511,16,2,-5.6437,
P12Rh4,204,cI32,0.0,metal,16.3441,4.97393,261.506,552.139,219.061,2.20095,41.7628,40.8278,6.79603,3.45418e-05,135.524,138.627,16,2,-5.6437,
P12Rh4,204,cI32,0.0,metal,16.3436,4.9741,261.498,551.074,218.664,2.2014,41.8,40.8616,6.75614,3.462e-05,135.423,138.534,16,2,-5.6437,
P12Ru4,2,aP16,1.3909,insulator-indirect,15.4838,5.2011,247.74,617.163,244.857,2.19699,40.0715,39.2495,9.26468,3.16919e-05,149.788,152.924,16,2,-6.05418,
P12Ru4Tb1,204,cI34,0.0,metal,15.4936,5.89399,263.391,519.086,201.845,2.15183,45.1159,44.1845,6.27663,3.25103e-05,152.03,155.234,17,3,-6.10933,
P12Ru4Th1,204,cI34,0.0,metal,15.7681,6.24429,268.058,548.986,213.512,2.17072,44.3373,43.4606,7.90685,3.08448e-05,156.205,159.356,17,3,-6.21465,
P12Tc8,2,aP20,0.0,metal,14.5929,6.61657,291.858,603.884,222.516,2.14982,50.2852,49.4638,9.21768,2.56874e-05,194.142,197.366,20,2,-6.60366,
P1Pd5Tl1,123,tP7,0.0,metal,16.058,11.3358,112.406,264.042,138.008,2.63917,21.0826,20.2464,1.94313,5.1241e-05,126.651,131.882,7,3,-3.45515,
P1Pt1Tb1,187,hP3,0.0,metal,19.1222,11.1439,57.3667,257.057,178.194,2.20026,8.89593,8.68631,5.77548,3.6235e-05,126.42,129.47,3,3,-5.92346,
P1Pt1Y1,187,hP3,0.0,metal,19.055,9.14932,57.1649,291.993,202.461,2.20006,8.80388,8.59706,6.92832,3.61267e-05,125.765,128.79,3,3,-6.53244,
P1Pt5Sn1,123,tP7,0.0,metal,16.1913,16.4842,113.339,206.037,107.688,2.61035,21.1191,20.5294,1.38276,3.62205e-05,180.261,185.439,7,3,-4.27604,
P1Pt5Tl1,123,tP7,0.0,metal,16.2448,17.681,113.714,221.996,116.052,2.5871,21.0321,20.4546,1.90176,3.59084e-05,178.848,183.897,7,3,-3.98269,
P1Pt5Zn1,123,tP7,0.0,metal,15.0162,16.9319,105.113,273.938,143.236,2.51486,20.7003,20.1752,3.27815,3.41129e-05,194.987,200.062,7,3,-3.9083,
P1Pu1,225,cF8,0.0,metal,22.6554,10.0794,45.3108,263.046,208.743,1.91855,5.92655,5.78155,12.3923,4.31628e-05,78.0522,80.0097,2,2,-11.0038,
P1Rh2,225,cF12,0.0,metal,13.9976,9.3633,41.9927,399.043,276.651,2.35014,8.44058,8.26531,10.4142,2.98571e-05,211.651,216.139,3,2,-5.21669,
P1Sc1,225,cF8,0.0,metal,19.5678,3.22172,39.1357,520.92,413.518,1.79249,5.29419,5.19275,29.5211,3.61696e-05,89.4679,91.2157,2,2,-6.75056,
P1Sn1,225,cF8,0.0,metal,22.611,5.49562,45.222,302.127,239.698,2.25501,5.95802,5.71953,7.19408,6.06646e-05,64.7176,67.4163,2,2,-4.48989,
P1Sn1,107,tI4,0.0,metal,23.6934,5.24455,47.3869,316.865,251.603,2.21831,5.92436,5.69091,8.75021,6.07767e-05,60.4462,62.9258,2,2,-4.49793,
P1Tb1,225,cF8,0.0,metal,23.1228,6.8187,46.2457,333.958,265.096,1.79333,5.76428,5.65098,20.4592,3.69685e-05,81.5235,83.158,2,2,-6.63214,
P1Th1,225,cF8,0.0,metal,26.4997,8.2405,52.9994,265.944,211.124,2.01921,5.87841,5.77524,11.5485,2.92494e-05,103.725,105.578,2,2,-7.27939,
P1Tl1,216,cF8,0.0,metal,28.5582,6.84213,57.1164,200.876,159.534,2.39495,6.24831,5.87703,3.16604,8.55708e-05,39.71,42.2187,2,2,-3.67174,0.171697
P1U1,225,cF8,0.0,metal,25.5455,8.74305,51.091,203.028,161.121,1.94582,6.03198,5.86993,5.61501,4.67997e-05,66.0051,67.8272,2,2,-8.22046,
P1Y1,225,cF8,0.0,metal,22.8499,4.35594,45.6997,416.894,330.973,1.79964,5.57435,5.46623,24.88,3.64331e-05,80.8624,82.4619,2,2,-7.56521,-1.67156
P1Yb1,225,cF8,0.0,metal,23.3255,7.26186,46.651,146.936,116.674,1.94232,6.18329,5.93255,1.58542,7.10451e-05,47.2966,49.2956,2,2,-4.06808,
P1Zr1,225,cF8,0.0,metal,18.5878,5.45809,37.1756,452.929,359.546,1.93741,5.46939,5.37607,25.8274,2.97116e-05,129.279,131.523,2,2,-8.30868,-1.37478
P2Pd2Sr1,139,tI10,0.0,metal,17.7943,6.76313,88.9716,333.087,194.74,2.35063,14.7076,14.1504,4.28747,5.50684e-05,92.4885,96.1301,5,3,-4.40446,
P2Rh2Sr1,139,tI10,0.0,metal,18.2529,6.46605,91.2645,376.014,219.886,2.18879,14.2672,13.9112,7.12133,3.864e-05,117.569,120.578,5,3,-5.01471,
P2Rh3,115,tP5,0.0,metal,13.9488,8.82518,69.7439,381.091,222.81,2.32484,14.1814,13.8748,6.18974,3.14768e-05,200.668,205.102,5,2,-5.26315,
P2Ru2Sr1,139,tI10,0.0,metal,18.4246,6.3396,92.1232,446.95,261.407,2.16577,13.776,13.4798,12.1183,3.36616e-05,129.077,131.913,5,3,-5.75616,
P2Ru2Y1,139,tI10,0.0,metal,15.6745,7.47916,78.3724,507.864,297.08,2.19917,13.3164,13.0692,16.3747,2.85828e-05,175.513,178.833,5,3,-6.82783,
P2Sb2Ti4,194,hP8,0.0,metal,18.893,5.4608,151.144,422.043,211.0,1.95963,22.2907,21.8182,8.25411,3.66026e-05,105.953,108.247,8,3,-5.62924,
P2Sb2Zr4,194,hP8,0.0,metal,21.4448,6.48821,171.558,381.073,190.5,1.97028,22.6192,22.1994,8.43584,3.18051e-05,110.191,112.275,8,3,-7.7935,-1.21831
P2Sn6Zr10,193,hP18,0.0,metal,21.6407,7.18849,389.532,371.056,141.563,2.00911,51.1577,50.1589,4.87582,3.27899e-05,108.409,110.568,18,3,-7.38925,
P2Ta2,141,tI8,0.0,metal,16.3369,10.7702,65.3478,355.028,223.636,1.94474,11.3888,11.2109,12.87,2.70455e-05,169.802,172.497,4,2,-7.987,
P2V2,194,hP4,0.0,metal,13.6141,4.99568,54.4565,559.955,352.778,1.97372,10.3435,10.1584,17.8514,3.06629e-05,163.923,166.91,4,2,-6.66267,
P2V2,194,hP4,0.0,metal,15.2615,4.45643,61.0459,485.957,306.161,1.1629,10.6754,10.5724,38.4159,2.81999e-05,95.673,96.6058,4,2,-6.73603,
P3Ru3Ti3,189,hP9,0.0,metal,14.0499,7.0891,126.449,514.072,247.105,2.07893,23.8328,23.4539,10.6085,2.58248e-05,204.094,207.392,9,3,-6.34123,
P3Ru3Zr3,189,hP9,0.0,metal,15.4106,8.01911,138.696,444.985,213.934,2.12973,24.6736,24.2744,8.34587,2.56371e-05,199.593,202.875,9,3,-7.68274,
P4,221,cP1,0.0,metal,14.6068,3.52119,58.427,609.852,610.0,2.63837,2.5876,2.46983,24.2209,6.00271e-05,100.494,105.286,4,1,-5.27153,0.0526125
P4,221,cP1,0.0,metal,14.5795,3.52777,58.3181,603.924,604.0,2.95383,2.6276,2.4804,18.4595,6.67582e-05,101.4,107.418,4,1,-5.25397,0.070169
P4Pt10,15,mS28,0.0,metal,15.5729,15.8026,218.02,264.996,109.952,2.49981,41.4806,40.4558,1.85286,3.33784e-05,191.914,196.775,14,2,-4.54167,
P4Pt4Sc4,62,oP12,0.0,metal,17.4445,8.59942,209.335,291.964,127.543,2.24415,35.2844,34.3931,2.19841,3.81531e-05,132.726,136.165,12,3,-5.92316,
P4Rh4Se4,198,cP12,1.1241,insulator-indirect,16.7714,7.02443,201.257,451.076,196.992,2.31484,33.1752,32.306,5.88263,3.84771e-05,131.811,135.357,12,3,-4.96117,
P4Rh4Ta4,62,oP12,0.0,metal,14.375,12.1225,172.5,328.052,143.267,2.19486,34.5575,33.9768,3.56041,2.57239e-05,231.466,235.422,12,3,-7.27482,
P4Rh4Zr4,62,oP12,0.0,metal,15.4348,8.07235,185.218,466.916,203.981,2.16749,32.6057,32.0349,7.73714,2.72764e-05,188.278,191.633,12,3,-7.24703,
P4Ru2,58,oP6,0.4623,insulator-indirect,14.7033,6.13687,88.2199,628.159,345.602,2.1933,14.8868,14.6179,20.7771,2.78839e-05,177.939,181.212,6,2,-6.17859,
P4Ru4,62,oP8,0.0,metal,13.6361,8.03983,109.089,511.921,256.0,2.27558,21.2719,20.8722,10.1537,2.79313e-05,213.547,217.636,8,2,-6.20557,
P4Ru4Ta4,62,oP12,0.0,metal,14.25,12.1575,171.0,419.992,183.452,2.13803,33.2063,32.7372,7.84497,2.22444e-05,252.53,256.149,12,3,-7.87932,
P4Ru4Zr4,62,oP12,0.0,metal,15.429,8.00953,185.149,487.078,212.717,2.12235,32.2158,31.7131,9.10236,2.4788e-05,201.396,204.589,12,3,-7.69327,
P4Ru8,62,oP12,0.0,metal,13.3517,9.66408,160.22,437.008,190.877,2.44767,33.201,32.5032,4.80392,2.90317e-05,235.219,240.269,12,2,-6.10901,
P4S12Th2,84,tP18,2.2095,insulator-indirect,28.9624,3.09825,521.324,342.066,130.497,2.05183,52.1775,50.7247,2.32028,4.61118e-05,59.3783,61.0789,18,3,-5.44747,
P4Sc12,62,oP16,0.0,metal,21.957,3.13552,351.312,455.003,180.567,1.85144,43.989,42.9832,5.17823,4.18581e-05,73.9927,75.7241,16,2,-5.98393,
P4Ti4,194,hP8,0.0,metal,16.1741,4.04884,129.393,577.946,289.0,1.90906,20.465,20.1019,13.5532,3.14399e-05,128.647,130.97,8,2,-6.23171,
P4V4Zr4,62,oP12,0.0,metal,15.5592,6.15925,186.71,546.083,238.487,2.02105,31.2087,30.7025,11.1174,2.71354e-05,166.995,169.748,12,3,-7.88154,
P4V8,62,oP12,0.0,metal,13.0068,5.65383,156.081,596.852,260.764,2.02045,30.2959,29.7963,10.519,2.7618e-05,189.977,193.163,12,2,-6.79842,
P4W12,82,tI32,0.0,metal,15.0523,16.0658,240.836,338.992,134.532,2.04934,45.6417,45.1094,5.30171,1.90879e-05,277.213,280.484,16,2,-9.3477,
P4W2,36,oS12,0.0,metal,15.0665,9.03012,90.399,520.913,286.717,2.06349,15.8263,15.577,20.5636,2.57568e-05,189.298,192.329,6,2,-7.4821,
P4Zn6,224,cP10,0.0,metal,17.8704,4.79636,178.704,358.801,166.633,2.12964,29.3554,28.0402,2.99174,7.22041e-05,62.9698,65.9234,10,2,-2.55814,
P4Zr4,194,hP8,0.0,metal,18.811,5.39333,150.488,475.977,238.0,1.93679,21.6224,21.2642,11.9255,2.8843e-05,130.323,132.518,8,2,-8.35803,-1.42413
P6Sr6,189,hP12,0.4545,insulator-indirect,28.6265,3.43964,343.519,304.983,133.221,1.94309,35.5031,34.2709,2.65588,6.08976e-05,43.6247,45.1933,12,2,-4.59621,-1.09237
P7Pd9Zr5,38,oS42,0.0,metal,15.8108,8.15457,332.027,345.022,125.049,2.26123,60.5892,59.1102,2.04678,3.65705e-05,150.343,154.105,21,3,-5.91874,
P7Ru12Sc2,174,hP21,0.0,metal,14.048,8.55332,295.009,467.922,169.631,2.2096,56.9961,56.0417,4.80397,2.55623e-05,225.273,229.11,21,3,-6.326,
P8Pa6,220,cI28,0.0,metal,20.2762,9.55863,283.866,315.036,130.698,2.02341,40.5775,39.8143,4.2331,3.13287e-05,124.762,127.153,14,2,-8.4004,
P8Pt4,205,cP12,0.876,insulator-indirect,15.767,9.02354,189.203,461.995,201.797,2.32641,32.8849,32.1333,7.39102,3.32869e-05,162.746,166.552,12,2,-5.4788,
P8Rh4,14,mP12,0.2576,insulator-indirect,15.2149,5.99729,182.579,541.854,236.74,2.24243,31.471,30.7963,8.20638,3.24476e-05,158.632,162.108,12,2,-5.57604,
P8Ru2,14,mP10,0.877,insulator-indirect,15.7301,4.74968,157.301,601.021,278.959,2.21121,25.3652,24.7852,10.778,3.51663e-05,135.126,138.289,10,2,-5.9493,
P8Sc12,62,oP20,0.0,metal,19.8862,3.28691,397.723,499.975,184.202,1.92059,53.6901,52.5051,5.01961,3.90065e-05,88.7973,90.8014,20,2,-6.46301,
P8Sc12,62,oP20,0.0,metal,19.9694,3.2732,399.389,510.075,187.886,1.92423,53.4142,52.2295,5.31467,3.90997e-05,87.8864,89.8797,20,2,-6.45289,
P8Si4,205,cP12,0.0,metal,15.7613,3.16182,189.136,641.021,279.983,2.20566,29.8233,28.9897,7.77965,4.33452e-05,105.948,108.994,12,2,-5.52482,-0.167482
P8Th6,220,cI28,0.1344,insulator-indirect,24.4964,7.94085,342.95,308.988,128.208,1.95438,40.6118,39.8956,4.60575,3.03718e-05,103.22,105.073,14,2,-7.0701,
P8Ti4,62,oP12,0.0,metal,14.8704,4.08881,178.445,608.046,265.568,1.91257,30.1874,29.597,10.828,3.47005e-05,124.32,126.799,12,2,-5.96744,
Pa1Pt5,216,cF24,0.0,metal,17.3933,19.1973,104.36,327.954,180.505,2.47701,17.3311,16.9879,8.88295,2.69873e-05,205.379,209.527,6,2,-5.32382,
Pa1Rh3,221,cP4,0.0,metal,16.5458,13.5425,66.1832,319.067,200.957,2.3061,11.5924,11.3616,8.26408,2.91827e-05,185.295,189.059,4,2,-6.23746,
Pa2Sb4,129,tP6,0.0,metal,27.4343,9.57429,164.606,224.031,123.272,2.09624,17.9607,17.524,3.71887,3.92233e-05,78.2586,80.2087,6,2,-6.43904,
Pa6Sb8,220,cI28,0.0,metal,27.5618,10.1571,385.866,219.971,91.2809,2.21238,42.0425,40.9283,1.8987,4.08842e-05,78.6299,80.7704,14,2,-6.95453,
Pb1Pd3,221,cP4,0.0,metal,17.1891,12.7131,68.7566,235.939,148.671,2.71024,12.213,11.6564,2.33679,5.76734e-05,108.891,114.09,4,2,-3.26199,
Pb1Pt3,221,cP4,0.0,metal,17.2484,19.0732,68.9936,183.966,115.913,2.71976,12.1889,11.7861,1.65327,4.1361e-05,153.868,159.127,4,2,-3.76984,
Pb1Pt5Si1,123,tP7,0.0,metal,16.5341,17.3708,115.739,227.952,119.189,2.56733,21.0119,20.4279,2.10918,3.65844e-05,170.634,175.513,7,3,-4.31571,
Pb1Pu3,221,cP4,0.0,metal,27.0429,14.4204,108.171,141.061,88.8244,1.94341,12.3085,11.8742,2.12734,6.06308e-05,48.6455,50.4246,4,2,-11.6823,
Pb1S1,225,cF8,0.4644,insulator-direct,27.0597,7.34119,54.1194,220.024,174.614,2.00364,6.07147,5.84906,6.10266,6.20254e-05,48.073,49.9009,2,2,-4.45595,-0.540416
Pb1S1,221,cP2,0.0,metal,24.3757,8.14954,48.7513,151.04,119.849,1.89788,6.13929,5.9278,2.14132,6.1916e-05,51.034,52.8548,2,2,-4.20142,-0.285892
Pb1S1,187,hP2,0.0,metal,27.0663,7.3394,54.1326,152.971,121.436,1.89058,6.13543,5.92671,2.33542,6.11997e-05,45.8651,47.4804,2,2,-4.33283,-0.417303
Pb1Se1,221,cP2,0.0,metal,26.9065,8.83023,53.8129,110.956,88.1008,1.98822,6.20208,5.96113,0.951503,6.72466e-05,44.309,46.1,2,2,-3.92298,-0.329298
Pb1Se1,225,cF8,0.4035,insulator-direct,29.8996,7.94626,59.7992,194.003,153.978,2.07212,6.13049,5.88266,4.81341,6.63452e-05,42.1708,43.9474,2,2,-4.16179,-0.568105
Pb1Te1,221,cP2,0.0,metal,31.7131,8.76527,63.4263,107.995,85.7197,1.91396,6.19169,5.96311,1.17683,6.58984e-05,37.1346,38.5581,2,2,-3.60412,-0.181063
Pb1Te1,225,cF8,0.7989,insulator-direct,35.241,7.88781,70.482,171.99,136.516,2.0871,6.16514,5.90773,4.08023,6.84515e-05,34.9002,36.4209,2,2,-3.83155,-0.408498
Pb26Rh8Sr6,223,cP40,0.0,metal,27.0546,10.3362,1082.19,161.027,47.0767,2.34194,124.179,118.395,0.325357,6.82871e-05,51.2922,53.7981,40,3,-3.75832,
Pb2Pd4Tb4,127,tP10,0.0,metal,22.7696,10.762,227.696,185.047,85.8694,2.16503,30.4449,29.4601,1.2204,5.07922e-05,75.4084,77.9293,10,3,-4.50747,
Pb2Pd4Y4,127,tP10,0.0,metal,22.6952,8.74803,226.952,205.953,95.6167,2.15815,30.313,29.3352,1.3742,5.07754e-05,74.9973,77.4971,10,3,-5.2375,
Pb2S12Ta6,193,hP20,0.0,metal,22.2799,7.02382,445.598,366.042,134.836,2.00282,56.9483,55.8293,4.46353,3.31524e-05,103.798,105.878,20,3,-6.92428,
Pb2S2,194,hP4,0.0373,insulator-direct,27.3612,7.2603,109.445,205.989,129.772,2.03388,12.1987,11.7364,3.06669,6.32623e-05,47.3425,49.2075,4,2,-4.39554,-0.480006
Pb2Se4,140,tI12,0.0,metal,27.6857,7.29976,166.114,183.938,101.259,2.12312,18.4568,17.6857,1.55008,6.70586e-05,46.3312,48.3514,6,2,-3.88446,
Pb2Sr2Zn2,194,hP6,0.0,metal,29.9358,6.6601,179.615,206.095,113.366,2.17588,18.7601,17.6149,2.09338,9.79212e-05,29.4733,31.3895,6,3,-2.33101,
Pb2Te6Tl8,140,tI32,0.1073,insulator-direct,33.5723,8.70203,537.157,135.912,53.9716,2.26271,51.3276,47.562,0.437946,0.000112445,24.4017,26.3337,16,3,-3.15168,-0.329193
Pb2Th2,141,tI8,0.0,metal,32.5312,11.2104,130.125,151.016,95.124,2.16515,12.1989,11.8558,2.04598,4.39249e-05,61.8244,63.6135,4,2,-5.3499,
Pb2V6,223,cP8,0.0,metal,16.219,9.21505,129.752,246.005,123.0,2.04348,23.7479,23.23,2.05604,3.60309e-05,138.983,142.083,8,2,-5.45063,
Pb3Pr1,221,cP4,0.0,metal,28.9273,10.9427,115.709,151.958,95.754,2.17177,12.3718,11.8562,1.73445,6.57488e-05,46.0808,48.0844,4,2,-3.64598,
Pb3Rh3,191,hP6,0.0,metal,21.3175,12.078,127.905,238.039,130.976,2.54085,18.1172,17.4682,2.65614,4.80383e-05,98.9852,102.663,6,2,-3.95992,
Pb3Tb1,221,cP4,0.0,metal,29.07,11.1463,116.28,95.0241,59.8462,2.09741,12.4357,11.9431,0.468345,6.46737e-05,45.1776,47.0409,4,2,-4.22624,
Pb3Th1,221,cP4,0.0,metal,30.8115,11.5014,123.246,87.0308,54.8066,2.26626,12.4453,11.9528,0.338472,5.91987e-05,51.1625,53.2703,4,2,-4.58419,
Pb3U1,221,cP4,0.0,metal,29.3519,12.1581,117.408,142.989,90.0844,2.31707,12.4872,11.875,1.42126,7.2659e-05,44.1068,46.3804,4,2,-4.94166,
Pb3Yb1,221,cP4,0.0,metal,30.1268,10.9498,120.507,165.058,103.943,2.02566,12.4061,11.8327,2.73178,7.88337e-05,33.9764,35.6228,4,2,-3.375,
Pb4Pt2,140,tI12,0.0,metal,24.0404,14.0331,144.242,126.973,69.8908,2.4278,18.6483,17.8495,0.60839,6.0366e-05,67.6493,70.6765,6,2,-3.84467,
Pb4S4,225,cF8,0.4704,insulator-direct,27.1253,7.32345,217.002,219.985,110.0,2.00502,24.2819,23.3942,2.4157,6.19442e-05,48.0924,49.9172,8,2,-4.45628,
Pb4S4,31,oP4,0.4542,insulator-indirect,27.0263,7.35027,216.21,310.955,195.918,2.00053,11.5862,11.3893,10.8818,2.86233e-05,100.867,102.611,8,2,-4.45586,-0.540333
Pb4Sr8,62,oP12,0.0,metal,39.7103,5.33075,476.523,153.993,67.2657,1.95121,37.5177,35.5639,0.813002,9.17678e-05,21.6838,22.8751,12,2,-2.90623,-0.548969
Pb4Y2,63,oS12,0.0,metal,28.7167,9.70121,172.3,179.009,98.5075,2.10676,18.4076,17.6993,2.03079,6.23179e-05,47.1412,49.0276,6,2,-5.01754,-0.393349
Pb6Tb10,193,hP16,0.0,metal,29.9065,9.8294,478.504,211.961,84.1323,2.03533,48.3084,46.872,2.01516,4.95064e-05,55.2807,56.9749,16,2,-4.82989,
Pd16S7,217,cI46,0.0,metal,16.0073,8.69049,368.168,220.929,77.7111,2.56661,70.1638,67.2592,0.417194,5.50642e-05,116.69,121.73,23,2,-3.41111,
Pd1Sb1Sc1,216,cF12,0.0713,insulator-indirect,21.9921,6.87372,65.9764,287.064,198.995,2.20792,8.87421,8.61434,5.94859,4.49824e-05,87.7124,90.3585,3,3,-4.99252,
Pd1Sb1Yb1,216,cF12,0.0,metal,24.9126,8.91373,74.7377,158.991,110.244,2.27645,9.29575,8.8828,1.44375,6.66318e-05,56.3306,58.9494,3,3,-3.46622,
Pd1Sc1,221,cP2,0.0,metal,18.7429,6.70472,37.4859,284.994,226.205,2.15905,5.91913,5.7454,6.31669,4.61701e-05,98.044,101.009,2,2,-4.80361,
Pd1Sn3Sr1,107,tI10,0.0,metal,27.7566,6.58182,138.783,155.003,90.6445,2.35881,15.5951,14.8165,0.753227,7.24349e-05,47.9344,50.4535,5,3,-3.63874,
Pd1Ti1,221,cP2,0.0,metal,16.4183,7.80293,32.8365,171.995,136.516,2.12498,6.05163,5.90555,1.40112,3.81864e-05,137.521,140.923,2,2,-4.2085,
Pd1Ti2,139,tI6,0.0,metal,16.8711,6.63385,50.6133,360.948,250.303,2.01841,8.57245,8.39133,9.75943,3.5405e-05,128.721,131.499,3,2,-4.53036,
Pd1Yb1,221,cP2,0.0,metal,21.8006,10.6424,43.6013,162.943,129.373,1.83927,6.14191,5.91676,3.26732,6.7925e-05,49.4472,51.3288,2,2,-2.61529,
Pd1Zn1,123,tP2,0.0,metal,13.8994,10.2612,27.7988,310.034,246.047,2.47355,5.95339,5.70528,6.23748,5.77223e-05,119.809,125.019,2,2,-2.21903,
Pd1Zr2,139,tI6,0.0,metal,20.2039,7.91318,60.6116,292.978,203.155,1.9703,8.76271,8.59342,8.32751,3.29961e-05,116.175,118.464,3,2,-7.0414,
Pd2Sb2,194,hP4,0.0,metal,20.8923,9.0668,83.5691,204.989,129.142,2.47232,12.1904,11.7368,1.7239,5.13074e-05,92.8031,96.3894,4,2,-3.8552,
Pd2Sb2Tb2,194,hP6,0.0,metal,22.9837,9.32189,137.902,225.982,124.373,2.21979,18.0523,17.5188,2.59722,4.51181e-05,85.7892,88.4016,6,3,-4.85157,
Pd2Sb4U2,129,tP8,0.0,metal,23.752,10.2758,190.016,239.067,119.5,2.28619,23.977,23.2813,2.73859,4.29368e-05,89.7959,92.4792,8,3,-5.54182,
Pd2Sc1Sn1,225,cF16,0.0,metal,18.2602,8.5583,73.0406,255.002,160.64,2.35077,11.992,11.5933,2.92126,4.81355e-05,105.938,109.582,4,3,-4.4067,
Pd2Sc2Zn2,63,oS12,0.0,metal,17.6315,6.80407,105.789,298.084,163.996,2.11728,17.7431,17.1704,3.39178,5.18522e-05,90.164,93.1711,6,3,-3.46649,
Pd2Se4Tl4,55,oP10,0.0,metal,26.7436,8.3582,267.436,128.082,59.4123,2.35574,31.6591,29.7529,0.324234,8.82379e-05,40.6623,43.2673,10,3,-3.27108,
Pd2Si2Sr1,139,tI10,0.0,metal,18.6869,6.33741,93.4346,309.853,181.289,2.26414,14.7664,14.2544,3.74831,5.221e-05,90.3316,93.5762,5,3,-4.30002,
Pd2Si2Tb1,139,tI10,0.0,metal,17.1346,8.2936,85.6732,329.064,192.4,2.19868,14.5349,14.1562,5.56406,4.01427e-05,123.655,126.963,5,3,-5.091,
Pd2Si2Th1,139,tI10,0.0,metal,18.3726,9.05637,91.8631,338.01,197.664,2.25144,14.4459,14.109,6.85966,3.50507e-05,135.231,138.461,5,3,-5.41334,
Pd2Si2U1,139,tI10,0.0,metal,17.7159,9.50443,88.5793,301.965,176.611,2.32174,14.7227,14.2874,4.58134,4.33373e-05,117.898,121.49,5,3,-5.74561,
Pd2Si2Yb1,139,tI10,0.0,metal,17.6929,8.29686,88.4644,279.107,163.16,2.26654,14.9,14.3934,3.3065,5.10688e-05,99.6725,103.181,5,3,-4.23215,
Pd2Sn1Tb1,225,cF16,0.0,metal,19.7712,10.2972,79.0849,162.066,102.054,2.34769,12.2623,11.8347,1.00417,5.05452e-05,95.0901,98.5259,4,3,-4.29051,
Pd2Sn1Y1,225,cF16,0.0,metal,19.6318,8.88971,78.5272,198.943,125.362,2.33949,12.1707,11.7518,1.60686,5.0089e-05,95.1106,98.5006,4,3,-4.7519,
Pd2Sr2,63,oS8,0.0,metal,27.1264,5.93846,108.506,204.074,128.512,2.09555,12.3607,11.7452,2.2687,8.17184e-05,37.3989,39.3589,4,2,-2.83025,
Pd2Sr2Tl4,63,oS16,0.0,metal,26.556,9.4226,212.448,143.031,71.5,2.50364,25.6345,23.7568,0.514134,0.00010178,37.7212,40.7026,8,3,-2.72202,
Pd2Ta1,71,oI6,0.0,metal,15.9532,13.6615,47.8595,291.941,202.461,2.28791,8.77054,8.59467,7.50289,2.96077e-05,190.026,193.915,3,2,-5.55818,
Pd2Ta2,129,tP4,0.0,metal,16.8284,14.177,67.3136,299.047,188.358,2.14457,11.6232,11.4324,8.52727,2.57899e-05,193.171,196.395,4,2,-6.72886,
Pd2Tb2,63,oS8,0.0,metal,22.5556,9.76661,90.2224,200.992,126.622,2.01592,12.0697,11.7438,3.01664,4.53923e-05,79.158,81.3549,4,2,-4.54911,
Pd2Ti1,71,oI6,0.0,metal,15.7052,9.18811,47.1155,251.981,174.727,2.29315,8.93807,8.70009,3.16581,3.93268e-05,146.945,150.964,3,2,-4.03347,
Pd2Y2,63,oS8,0.0,metal,22.5158,7.2019,90.0632,231.923,146.151,2.04066,11.9891,11.6598,3.32485,4.56632e-05,79.1118,81.3463,4,2,-5.46115,
Pd2Zr1,139,tI6,0.0,metal,17.3361,9.70687,52.0082,253.975,176.114,2.20891,8.90245,8.69345,4.23752,3.5949e-05,140.02,143.386,3,2,-5.34611,
Pd3Pu1,221,cP4,0.0,metal,17.1546,13.6307,68.6185,217.995,137.331,2.51187,12.0954,11.7005,2.3161,4.42162e-05,132.544,137.017,4,2,-5.53609,
Pd3Sc1,221,cP4,0.0,metal,16.282,9.28471,65.1281,334.043,210.407,2.37057,11.6761,11.3097,6.00566,4.50138e-05,124.921,128.968,4,2,-4.13487,
Pd3Sc3Sn3,189,hP9,0.0,metal,20.4245,7.31837,183.82,292.024,140.379,2.26808,26.6682,25.8082,2.73852,4.83292e-05,90.2694,93.2775,9,3,-4.64074,
Pd3Sn1,221,cP4,0.0,metal,16.5508,10.9834,66.2031,264.97,166.94,2.63819,12.0384,11.5657,2.87894,5.07866e-05,124.225,129.303,4,2,-3.4001,
Pd3Ta1,139,tI8,0.0,metal,15.4828,13.4103,61.9313,322.028,202.847,2.37629,11.6067,11.3513,7.22395,3.12767e-05,190.36,194.643,4,2,-4.96281,
Pd3Tb1,221,cP4,0.0,metal,17.3471,11.442,69.3886,276.965,174.499,2.35807,11.9093,11.5208,4.65134,4.72467e-05,112.324,116.112,4,2,-4.06977,
Pd3Ti1,221,cP4,0.0,metal,15.197,10.028,60.7882,345.018,217.336,2.41145,11.5809,11.2628,6.2836,3.86184e-05,158.023,162.485,4,2,-3.82265,
Pd3Tl1,139,tI8,0.0,metal,16.7958,12.9409,67.183,213.942,134.812,2.72151,12.293,11.7187,1.70548,5.85405e-05,111.239,116.69,4,2,-2.84599,
Pd3V1,139,tI8,0.0,metal,14.5345,10.572,58.138,302.092,190.248,2.44483,11.7586,11.4299,4.07099,3.87746e-05,168.398,173.241,4,2,-3.77861,
Pd3Y1,221,cP4,0.0,metal,17.4139,9.72893,69.6558,301.875,190.248,2.33982,11.8129,11.4324,5.23858,4.6938e-05,111.159,114.858,4,2,-4.49867,
Pd3Yb1,221,cP4,0.0,metal,17.5582,11.6382,70.2328,179.963,113.393,2.4794,12.4002,11.7999,1.18048,6.73189e-05,84.6333,88.939,4,2,-2.86762,
Pd3Zr1,221,cP4,0.0,metal,16.205,10.514,64.8199,333.913,210.407,2.3688,11.6046,11.3063,6.77029,3.67706e-05,153.167,157.208,4,2,-4.87083,
Pd4S4Sb4,198,cP12,0.0,metal,20.4713,7.0357,245.655,258.111,112.692,2.31085,36.0179,34.7528,1.4433,5.17541e-05,86.609,89.7617,12,3,-4.03243,
Pd4Sb4Se4,198,cP12,0.0,metal,21.9844,7.73227,263.813,232.095,101.335,2.33102,36.3049,34.9919,1.24442,5.28499e-05,80.2818,83.2944,12,3,-3.83878,
Pd4Sb4Se4,198,cP12,0.0,metal,21.9682,7.73797,263.619,234.972,102.646,2.33362,36.2891,34.9709,1.29034,5.29699e-05,80.2083,83.2319,12,3,-3.83879,
Pd4Sb4Sr2,129,tP10,0.0,metal,23.7658,7.60083,237.658,174.022,80.7636,2.31863,30.7384,29.5302,0.654346,5.76503e-05,68.6844,71.4947,10,3,-3.84687,
Pd4Sb4Te4,198,cP12,0.0,metal,24.2561,8.11807,291.073,214.941,93.9099,2.35233,36.49,35.1383,1.16225,5.35096e-05,73.0494,75.8595,12,3,-3.67874,
Pd4Sb4Zr4,62,oP12,0.0,metal,19.9105,8.87851,238.926,249.044,108.761,2.27385,35.7294,34.8213,1.63264,3.78718e-05,119.976,123.105,12,3,-5.86905,
Pd4Sb8,205,cP12,0.0,metal,23.464,8.2541,281.568,192.955,84.3005,2.40083,36.6684,35.3015,0.782125,5.29081e-05,78.1847,81.212,12,2,-3.97067,
Pd4Sc4Si4,62,oP12,0.0,metal,17.0025,5.8417,204.029,376.094,164.233,2.12227,34.2461,33.3863,3.48923,4.00574e-05,118.158,121.201,12,3,-5.34592,
Pd4Se8,61,oP12,0.4891,insulator-indirect,23.5976,6.19998,283.171,291.033,127.106,2.33249,35.8495,34.4289,2.16554,5.81311e-05,66.491,69.2347,12,2,-3.53738,
Pd4Si4Sr4,198,cP12,0.0,metal,23.3934,5.25527,280.72,237.101,103.519,2.12243,36.2326,34.9445,1.20107,5.7022e-05,63.4429,65.7817,12,3,-3.99816,
Pd4Si4Zr4,62,oP12,0.0,metal,16.6028,7.52472,199.233,436.936,190.877,2.12943,33.1618,32.5006,6.7752,3.16746e-05,149.884,152.933,12,3,-6.51072,
Pd4Si6Y6,63,oS32,0.0,metal,19.7174,5.93493,315.478,385.017,152.787,2.05991,45.4302,44.3329,4.07673,3.97672e-05,99.506,101.969,16,3,-6.06759,
Pd4Sn4,62,oP8,0.0,metal,20.5303,9.10292,164.242,178.916,89.5,2.52473,24.745,23.6033,0.677527,6.27456e-05,79.2355,83.0685,8,2,-3.51597,
Pd4Sn4,62,oP8,0.0,metal,20.2925,9.20956,162.34,222.897,111.5,2.59006,24.4635,23.3843,1.23528,5.8234e-05,88.087,92.1524,8,2,-3.67802,
Pd4Sn4Y4,62,oP12,0.0,metal,22.6447,7.67512,271.736,244.037,106.577,2.23564,35.984,34.8807,1.63572,4.65191e-05,84.7944,87.4765,12,3,-5.17162,
Pd4Sr2,227,cF24,0.0,metal,20.6166,8.06567,123.699,279.916,154.09,2.367,18.1066,17.2807,3.23128,6.62739e-05,67.5749,70.8049,6,2,-2.98342,
Pd4Tb4,62,oP8,0.0,metal,22.4136,9.82851,179.308,196.963,98.5,1.99723,24.1528,23.5095,1.82334,4.5152e-05,79.1746,81.3411,8,2,-4.54687,
Pd4Th4,62,oP8,0.0,metal,25.9388,10.833,207.51,157.007,78.5,2.11238,24.21,23.6842,1.09233,3.46881e-05,95.3325,97.449,8,2,-5.21377,
Pd4Y4Zn4,62,oP12,0.0,metal,19.6029,7.36082,235.234,198.005,86.4845,2.07085,36.4715,35.2658,0.818441,5.41294e-05,78.3527,81.0314,12,3,-3.92674,
Pd6S2,63,oS16,0.0,metal,15.903,9.16937,127.224,292.079,146.0,2.62323,23.9474,22.9508,1.94285,5.42133e-05,119.701,124.899,8,2,-3.2976,
Pd6S8Y2,223,cP16,0.0,metal,18.9003,5.89028,302.405,256.915,101.991,2.17332,47.851,46.3482,1.01228,4.91428e-05,92.7662,95.7739,16,3,-4.8008,
Pd6Si3,189,hP9,0.0,metal,14.2159,9.37915,127.943,303.966,146.148,2.46685,26.5146,25.7044,2.03844,4.20525e-05,161.08,166.157,9,2,-4.27392,
Pd6Te4,63,oS20,0.0,metal,19.909,9.58175,199.09,203.977,94.6884,2.53477,30.5913,29.3575,0.866806,5.41267e-05,94.7118,98.6925,10,2,-3.24432,
Pd6Tl2,139,tI16,0.0,metal,16.8236,12.9195,134.589,229.016,114.5,2.75249,24.5257,23.3543,1.28457,5.92631e-05,110.671,116.222,8,2,-2.84828,
Pd8S2,114,tP10,0.0,metal,15.116,10.0551,151.16,262.957,122.074,2.65653,30.2068,28.9337,1.22034,5.4208e-05,128.461,134.113,10,2,-3.17677,
Pd8Sb4,36,oS24,0.0,metal,17.7085,10.457,212.502,248.034,108.324,2.60327,36.269,34.8582,1.21501,5.09278e-05,114.925,119.576,12,2,-3.65312,
Pd8Sc16,227,cF96,0.0,metal,21.2338,5.11738,509.611,294.972,102.271,1.92301,70.5083,68.7207,1.54736,4.46736e-05,79.3229,81.3863,24,2,-4.96276,
Pd8Se2,114,tP10,0.0,metal,16.0503,10.4402,160.503,247.999,115.111,2.66604,30.3735,29.0529,1.14176,5.57388e-05,118.763,124.161,10,2,-3.0363,
Pd8Si4Tb4,62,oP16,0.0,metal,17.7722,9.33907,284.355,280.902,111.515,2.22341,47.32,46.0186,1.84059,4.19417e-05,117.26,120.576,16,3,-4.79772,
Pd8Si4Y4,62,oP16,0.0,metal,17.6977,7.73592,283.163,309.087,122.627,2.23082,46.9082,45.6134,2.00223,4.19615e-05,116.907,120.225,16,3,-5.25884,
Pr1Te1,221,cP2,0.0,metal,31.5506,7.06592,63.1012,185.02,146.835,2.15899,6.17935,5.89455,3.63328,7.31124e-05,38.2234,40.0702,2,2,-5.31361,
Pr1Tl3,221,cP4,0.0,metal,29.2976,10.6841,117.19,144.954,91.3443,2.51651,12.9312,11.8769,1.08623,0.000113965,30.7379,33.4663,4,2,-3.25463,
Pt10Se8,14,mP18,0.0,metal,18.9249,12.5892,340.649,245.998,93.8666,2.4657,53.8611,52.2938,1.33708,3.99987e-05,129.727,133.615,18,2,-3.90997,
Pt12Tl8,194,hP20,0.0,metal,19.8448,16.635,396.895,208.013,76.6279,2.77039,61.163,58.6637,0.825858,5.01168e-05,112.44,117.23,20,2,-3.25431,
Pt1Sb1Sc1,216,cF12,0.3973,insulator-indirect,22.0124,9.09756,66.0371,274.971,190.674,2.22629,8.87181,8.64274,6.8049,3.93297e-05,101.391,104.078,3,3,-5.44326,
Pt1Sb1Tb1,216,cF12,0.2756,insulator-direct,24.0282,10.9597,72.0846,234.017,162.247,2.22735,8.97759,8.7413,5.66714,4.00276e-05,92.5655,95.0676,3,3,-5.35501,
Pt1Sb1Y1,216,cF12,0.2921,insulator-direct,23.9472,9.37838,71.8415,252.062,174.727,2.20404,8.93148,8.6997,6.17021,3.98983e-05,91.672,94.1143,3,3,-5.96284,
Pt1Sb1Yb1,216,cF12,0.0,metal,24.9416,10.8716,74.8247,135.001,93.6038,2.34395,9.29063,8.91545,1.00753,5.87923e-05,66.7839,69.5942,3,3,-3.84236,
Pt1Sb2Zr6,189,hP9,0.0,metal,22.0699,8.2422,198.629,320.936,154.321,2.00735,26.0079,25.5411,5.91723,3.01527e-05,117.265,119.408,9,3,-7.7237,
Pt1Sc1,221,cP2,0.0,metal,18.3563,10.8574,36.7127,244.998,194.457,2.15088,5.95098,5.80991,6.36826,3.71953e-05,125.395,128.44,2,2,-5.61191,
Pt1Sn1Th1,216,cF12,0.5419,insulator-indirect,27.3898,11.0303,82.1694,206.025,142.832,2.26949,9.00428,8.79823,4.44481,3.39672e-05,98.6015,100.911,3,3,-5.54487,
Pt1Sn1Ti1,216,cF12,0.6452,insulator-indirect,20.6517,9.69385,61.9552,271.074,187.901,2.25264,8.85898,8.65279,6.19958,3.48772e-05,124.494,127.461,3,3,-4.80526,
Pt1Sn1U1,216,cF12,0.0,metal,26.2709,11.6263,78.8126,131.006,90.8303,2.35974,9.22393,8.91874,1.04703,4.77988e-05,76.6452,79.268,3,3,-6.02936,
Pt1Sn2,225,cF12,0.0,metal,23.9852,9.98023,71.9556,172.03,119.258,2.63805,9.28222,8.8623,1.41719,5.84974e-05,76.9344,80.5797,3,2,-4.05869,
Pt1Ti1,221,cP2,0.0,metal,16.4421,12.2701,32.8843,169.023,134.135,2.10415,6.02322,5.90784,2.13336,3.06561e-05,169.811,173.127,2,2,-5.03415,
Pt1V3,221,cP4,0.0,metal,15.3405,9.41503,61.3621,314.141,197.808,2.14508,11.7685,11.3899,5.81527,5.41158e-05,94.1745,97.3046,4,2,-5.99157,
Pt1Zn1,123,tP2,0.0,metal,13.9146,15.5419,27.8293,288.889,229.379,2.42519,5.91871,5.7384,7.97467,4.27981e-05,159.693,164.71,2,2,-2.7606,
Pt2S2,131,tP4,0.8971,insulator-direct,19.0799,9.88452,76.3197,236.025,148.671,2.39629,11.9987,11.651,2.71238,4.09309e-05,123.456,127.14,4,2,-4.38325,
Pt2Sb2,194,hP4,0.0,metal,21.0432,12.5011,84.1726,176.022,110.873,2.38516,12.141,11.8026,1.63947,3.96431e-05,115.675,118.992,4,2,-4.32114,
Pt2Sc1Sn1,225,cF16,0.0,metal,18.3806,12.5084,73.5226,185.06,116.543,2.46897,12.1792,11.7848,1.47765,4.42663e-05,123.373,127.502,4,3,-4.89236,
Pt2Sc2Zn2,63,oS12,0.0,metal,17.5735,9.62003,105.441,271.951,149.687,2.1099,17.7799,17.3017,3.64881,4.32256e-05,109.684,112.716,6,3,-4.03376,
Pt2Si1,139,tI6,0.0,metal,15.4961,14.9402,46.4884,276.948,192.061,2.38543,8.83127,8.63667,6.15442,3.11941e-05,195.055,199.45,3,2,-4.95911,
Pt2Si2Th1,139,tI10,0.0,metal,18.4335,12.2223,92.1673,291.949,170.763,2.23801,14.6254,14.3292,6.06696,3.0496e-05,156.935,160.179,5,3,-5.88362,
Pt2Sn2,194,hP4,0.0,metal,21.024,12.3916,84.0962,207.981,131.032,2.66663,12.1707,11.7289,2.10653,4.62937e-05,110.716,114.887,4,2,-4.18214,
Pt2Th2,63,oS8,0.0,metal,26.0371,13.6203,104.148,158.978,100.164,2.13431,12.0559,11.8371,2.22373,2.866e-05,116.216,118.364,4,2,-6.03729,
Pt2Ti6,223,cP8,0.0,metal,16.9744,8.28563,135.795,364.953,182.5,2.0625,22.8306,22.3408,6.29015,3.49863e-05,133.39,136.315,8,2,-5.14413,
Pt2Tl4,140,tI12,0.0,metal,22.9487,14.5641,137.692,123.963,68.2398,2.95089,19.5343,17.8665,0.363046,0.000100305,53.1434,58.1041,6,2,-2.87162,
Pt2U2,63,oS8,0.0,metal,24.3018,14.7976,97.207,161.018,101.424,2.40172,12.2222,11.8358,1.77279,4.4989e-05,88.715,91.611,4,2,-7.00601,
Pt2V6,223,cP8,0.0,metal,14.19,10.1784,113.52,430.925,215.5,2.12131,22.1138,21.7224,9.42643,2.81507e-05,197.181,200.735,8,2,-6.06516,
Pt2W1,71,oI6,0.0,metal,15.3363,20.7178,46.0088,328.039,227.422,2.33412,8.62152,8.49214,14.6489,2.16345e-05,272.774,276.93,3,2,-6.22117,
Pt2Zr2,63,oS8,0.0,metal,19.1733,12.3982,76.693,256.969,161.9,2.10887,11.7793,11.5787,5.84434,2.72135e-05,159.986,162.758,4,2,-7.12094,
Pt3Sc1,221,cP4,0.0,metal,16.0832,16.2672,64.3327,279.025,175.759,2.35097,11.7713,11.5077,6.13564,3.2241e-05,178.007,182.084,4,2,-5.006,
Pt3Sn1,221,cP4,0.0,metal,16.6464,17.5557,66.5855,217.062,136.701,2.67156,12.0534,11.7028,2.47312,3.6889e-05,174.905,180.145,4,2,-3.96017,
Pt3Sn3U3,38,oS18,0.0,metal,23.8094,12.8283,214.284,207.989,99.996,2.32498,27.1949,26.3871,2.01265,4.33681e-05,90.9039,93.6865,9,3,-6.0998,
Pt3Sn3Y3,189,hP9,0.0,metal,22.0927,10.0889,198.835,252.957,121.63,2.22633,26.8036,26.0912,2.83601,4.04623e-05,98.9635,101.666,9,3,-5.64556,
Pt3Tb1,221,cP4,0.0,metal,17.2778,17.8808,69.1112,237.035,149.301,2.42346,11.9513,11.6461,4.25845,3.56708e-05,156.669,160.775,4,2,-4.87961,
Pt3Ti1,221,cP4,0.0,metal,15.348,17.1261,61.3919,329.939,207.887,2.39077,11.544,11.3173,9.66877,2.77147e-05,218.468,222.844,4,2,-4.77381,
Pt3V1,221,cP4,0.0,metal,15.0742,17.521,60.2966,297.056,187.098,2.56987,11.7445,11.4477,6.02183,3.40809e-05,192.429,197.417,4,2,-4.78501,
Pt3V1,139,tI8,0.0,metal,14.7918,17.8554,59.1672,299.012,188.358,2.4372,11.6726,11.4369,6.84777,2.79777e-05,231.156,235.922,4,2,-4.72301,
Pt3Y1,221,cP4,0.0,metal,17.2562,16.2188,69.0248,250.057,157.49,2.40099,11.9052,11.6056,4.61989,3.54981e-05,155.26,159.267,4,2,-5.31387,
Pt3Yb1,221,cP4,0.0,metal,17.3361,18.1587,69.3443,202.021,127.252,2.541,12.1519,11.7433,2.40977,4.5062e-05,133.674,138.326,4,2,-3.62266,
Pt3Zn1,221,cP4,0.0,metal,14.7384,18.3268,58.9535,226.956,143.001,2.51671,11.9894,11.6741,2.85416,3.53858e-05,193.79,199.024,4,2,-3.21297,
Pt3Zr1,221,cP4,0.0,metal,16.3038,17.2251,65.2154,308.004,194.028,2.34125,11.6203,11.4027,8.97856,2.69779e-05,207.522,211.483,4,2,-5.82659,
Pt4S4Sb4,198,cP12,0.0,metal,20.5217,9.41057,246.26,243.996,106.577,2.30592,35.9501,34.8764,1.64111,4.39096e-05,102.892,106.06,12,3,-4.37,
Pt4Sb4Se4,198,cP12,0.0,metal,21.8994,10.0039,262.793,230.01,100.462,2.32173,36.0962,35.0032,1.57388,4.42974e-05,95.7012,98.6895,12,3,-4.18715,
Pt4Sb8,205,cP12,0.0,metal,23.1919,10.4677,278.302,243.015,106.14,2.47347,36.0481,34.8851,1.82766,4.44363e-05,95.6703,98.8598,12,2,-4.4334,
Pt4Sc2Si2,63,oS16,0.0,metal,16.2011,11.8695,129.609,314.003,157.0,2.23359,23.2667,22.7593,4.53147,3.30237e-05,162.646,166.272,8,3,-5.58219,
Pt4Sc4Si4,62,oP12,0.0,metal,16.956,8.75289,203.473,349.058,152.44,2.13261,34.4568,33.7143,4.11265,3.41935e-05,141.5,144.616,12,3,-5.89622,
Pt4Se4Si4,29,oP12,0.8921,insulator-indirect,17.9025,9.34148,214.83,349.885,152.877,2.30438,34.6286,33.7134,4.0238,3.89572e-05,127.09,130.54,12,3,-4.8263,
Pt4Si4Th2,129,tP10,0.0,metal,18.3912,12.2503,183.912,307.031,142.497,2.27564,29.1167,28.5197,4.2788,3.03567e-05,160.054,163.404,10,3,-5.95456,
Pt4Si4Y2,129,tP10,0.0,metal,17.2342,10.3145,172.342,282.96,131.357,2.21355,29.4044,28.7404,2.74829,3.43559e-05,148.142,151.565,10,3,-5.99969,
Pt4Si4Y4,62,oP12,0.0,metal,18.694,9.24046,224.328,329.071,143.704,2.12227,34.7277,33.969,4.18421,3.47933e-05,126.787,129.618,12,3,-6.34994,
Pt4Si4Zr4,62,oP12,0.0,metal,16.4689,10.5667,197.627,396.054,172.969,2.13088,33.6863,33.0903,6.98688,2.80181e-05,174.489,177.632,12,3,-7.00506,
Pt4Sn4Sr4,62,oP12,0.0,metal,25.0153,8.88178,300.183,196.94,86.0477,2.35347,36.8273,35.2803,1.01876,6.07061e-05,62.7843,65.5373,12,3,-3.8425,
Pt4Sn4Tb4,62,oP12,0.0,metal,22.3973,11.6821,268.768,210.016,91.7259,2.26155,36.1339,35.1591,1.52535,4.03841e-05,100.574,103.362,12,3,-4.98831,
Pt4Sr2,227,cF24,0.0,metal,20.0357,13.1999,120.214,229.03,126.024,2.38306,18.0804,17.507,2.73477,4.51223e-05,105.413,108.866,6,2,-3.81826,
Pt4Ta2,63,oS12,0.0,metal,16.3208,19.3696,97.9249,262.009,144.184,2.26394,17.6171,17.3444,5.10075,2.29924e-05,239.141,242.9,6,2,-6.54274,
Pt4Tb2,227,cF24,0.0,metal,18.6973,16.2557,112.184,253.042,139.231,2.34005,17.7949,17.3895,4.30528,3.29721e-05,150.291,153.795,6,2,-5.00879,
Pt4Tb8,62,oP12,0.0,metal,25.1776,11.2767,302.132,166.015,72.5072,1.89497,36.2956,35.4731,1.2487,4.02812e-05,75.8695,77.6285,12,2,-5.19606,
Pt4Y12,62,oP16,0.0,metal,27.6152,6.94227,441.844,179.017,71.0362,1.78071,48.2109,47.1747,1.03128,4.07781e-05,63.6986,65.0978,16,2,-6.44851,
Pt4Y2,227,cF24,0.0,metal,18.6945,14.185,112.167,270.941,149.137,2.36053,17.713,17.3027,4.52981,3.32254e-05,149.867,153.42,6,2,-5.60512,
Pt4Y4,62,oP8,0.0,metal,22.0634,10.6871,176.507,209.935,105.0,2.03021,23.9637,23.4355,2.26747,3.6691e-05,100.419,102.683,8,2,-6.3077,
Pt4Y8,62,oP12,0.0,metal,25.1562,8.20498,301.874,200.95,87.7948,1.89843,36.0336,35.2242,1.60547,3.99863e-05,75.7924,77.534,12,2,-6.42223,
Pt4Yb2,227,cF24,0.0,metal,18.8724,16.5188,113.235,225.973,124.373,2.37183,18.0379,17.5162,3.06005,4.13248e-05,122.507,126.156,6,2,-3.72032,
Pt5Pu1,216,cF24,0.0,metal,16.9711,19.8872,101.827,267.964,147.486,2.53119,17.7181,17.3172,4.64639,3.02379e-05,194.27,198.766,6,2,-5.50757,
Pt6Sb4,72,oI20,0.0,metal,19.4075,14.1822,194.075,176.947,82.1561,2.53536,30.3876,29.5013,0.807631,3.90443e-05,135.534,139.606,10,2,-4.22172,
Pt6Sc4Si4,55,oP14,0.0,metal,16.4224,10.5643,229.914,366.934,152.273,2.18715,39.9143,39.0693,4.72565,3.27515e-05,155.263,158.621,14,3,-5.73169,
Pt6Sc6Sn6,190,hP18,0.0,metal,20.2929,9.78494,365.273,280.074,106.84,2.2762,53.2489,51.7856,1.99927,4.09241e-05,108.059,111.112,18,3,-5.09967,
Pt6Si3,189,hP9,0.0,metal,14.5456,15.9165,130.911,201.988,97.1115,2.39936,27.0299,26.4176,1.10811,3.17918e-05,209.933,214.799,9,2,-4.89088,
Pt6Th14,186,hP20,0.0,metal,30.715,11.9454,614.3,153.04,56.3657,2.04263,60.3661,59.2441,0.814413,3.06914e-05,88.1678,89.8376,20,2,-6.24606,
Pt6Y14,186,hP20,0.0,metal,26.6827,7.51529,533.655,182.998,67.4178,1.73772,60.1305,58.9245,1.03595,3.88341e-05,67.7021,69.0877,20,2,-6.42748,
Pt7Sb1,225,cF32,0.0,metal,15.9166,19.3969,127.333,169.942,85.0,2.61946,24.2615,23.6314,0.813297,3.35837e-05,198.137,203.42,8,2,-3.77238,
Pt8S8,84,tP16,0.6225,insulator-indirect,17.5198,10.7647,280.317,279.94,111.118,2.42258,47.4037,46.0389,1.70531,4.03173e-05,136.135,140.171,16,2,-4.33543,
Pt8V1,139,tI18,0.0,metal,15.27,19.4734,137.43,254.024,122.11,2.57514,26.6878,26.081,2.45724,2.98482e-05,228.095,233.402,9,2,-4.16988,
Pt8Zr16,227,cF96,0.0,metal,20.682,10.1039,496.368,200.968,69.6828,1.95643,71.6248,70.4443,0.897416,2.83048e-05,134.769,137.028,24,2,-7.56423,
Pt9Sc5Si7,174,hP21,0.0,metal,16.2571,10.5897,341.4,345.972,125.411,2.19989,60.3859,59.0839,2.95066,3.31206e-05,157.531,161.002,21,3,-5.6678,
Pu1Ru1,221,cP2,0.0,metal,17.3135,16.5507,34.6271,100.031,79.3701,2.3587,6.11781,5.96761,0.498391,3.52307e-05,158.638,162.631,2,2,-9.51567,
Pu1S1,225,cF8,0.0,metal,21.9899,10.4254,43.9798,238.999,189.694,2.11278,6.02663,5.82141,7.50128,5.44599e-05,71.1321,73.6397,2,2,-10.9584,
Pu1Se1,225,cF8,0.0,metal,25.466,10.5314,50.9321,209.99,166.677,2.24948,6.10675,5.86254,5.44778,6.0636e-05,59.1129,61.5753,2,2,-10.4013,
Pu1Te1,221,cP2,0.0,metal,27.3449,11.2847,54.6897,189.0,150.009,2.17095,6.12498,5.88887,5.06453,6.02533e-05,53.5116,55.6572,2,2,-9.70068,
Rb1,229,cI2,0.0,metal,90.295,1.57177,90.295,54.9616,55.0,1.72572,3.79897,2.99643,0.224737,0.000460893,1.71574,2.17527,1,1,-0.961854,0.0005
Rb12Sb4Se12,198,cP28,2.3059,insulator-indirect,39.7674,3.66879,1113.49,161.962,53.3493,2.13836,89.2098,82.9014,0.3037,0.000115214,18.9301,20.3706,28,3,-3.46043,-0.999806
Rb2S1,225,cF12,1.9724,insulator-indirect,39.983,2.81022,119.949,161.091,111.631,2.08751,9.88481,8.88907,1.07787,0.000170773,12.4548,13.8499,3,2,-3.02694,-1.00992
Rb2S2,71,oI8,1.7045,insulator-indirect,38.2959,2.54805,153.183,170.002,107.093,2.14622,12.9713,11.8318,0.844109,0.000144244,15.7189,17.2328,4,2,-3.45997,-0.915614
Rb2Se1,225,cF12,1.7992,insulator-indirect,44.6166,3.1002,133.85,139.941,97.0706,2.01801,9.86489,8.91629,0.973149,0.000167966,11.014,12.1858,3,2,-2.87016,-1.0677
Rb2Te1,225,cF12,1.8907,insulator-indirect,53.006,3.11745,159.018,119.021,82.51,2.08183,10.0473,8.94028,0.705985,0.000185627,8.83344,9.92726,3,2,-2.6999,-1.0112
Rb2Te4Y2,194,hP8,1.3624,insulator-indirect,37.9974,4.69325,303.979,201.0,100.5,1.9451,24.4425,23.4987,1.97686,6.75033e-05,30.6928,31.9255,8,3,-4.82665,-1.39956
Rb4S2,194,hP6,1.8928,insulator-direct,34.465,3.26015,206.79,144.882,79.7966,2.1203,19.9786,17.8232,0.455255,0.000180688,13.992,15.6842,6,2,-2.93822,-0.921195
Rb4Te2,194,hP6,1.3788,insulator-direct,44.2499,3.73433,265.499,117.093,64.3876,2.09089,20.0924,17.8858,0.393993,0.000186371,10.4495,11.7386,6,2,-2.64158,-0.952875
Rb6S6,189,hP12,1.5572,insulator-indirect,35.8117,2.7248,429.741,195.109,85.1741,2.10303,38.5113,35.3326,0.625174,0.00013736,17.2814,18.8361,12,2,-3.46451,-0.920155
Rb8Sb8,19,oP16,0.5447,insulator-direct,44.8073,3.83971,716.916,133.084,52.7811,2.09051,51.3627,47.5813,0.314214,0.000122304,15.6649,16.9098,16,2,-2.97386,-0.548019
Re10Si6,140,tI32,0.0,metal,13.9009,15.1598,222.414,359.987,142.866,2.09229,45.3346,44.7551,5.15328,2.05258e-05,282.132,285.785,16,2,-8.06743,
Re1Si2,139,tI6,0.0,metal,13.3658,10.0373,40.0973,480.045,332.813,2.15505,8.10281,7.95881,22.0265,2.77915e-05,211.327,215.15,3,2,-6.96695,
Re1Ti1,221,cP2,0.0,metal,15.7906,12.309,31.5813,255.999,203.187,1.88632,5.86522,5.79087,8.9481,2.25226e-05,211.359,214.073,2,2,-7.54018,
Re1Ti2,164,hP3,0.0,metal,16.6144,9.39492,49.8431,375.987,260.704,1.80953,8.44851,8.3393,19.3724,2.39862e-05,173.086,175.353,3,2,-6.66465,
Re2,194,hP2,0.0,metal,15.0991,20.4776,30.1981,369.042,292.875,2.04958,5.62415,5.57248,35.0688,1.50411e-05,344.476,347.67,2,1,-9.47529,
Re3Ru1,44,oI8,0.0,metal,14.7189,18.6055,58.8754,418.05,263.323,2.11241,11.032,10.9208,26.4135,1.60008e-05,335.489,338.903,4,2,-8.59199,
Re3Si3Ta3,189,hP9,0.0,metal,15.1913,14.4008,136.722,384.006,184.608,1.99376,25.2434,24.9375,10.9058,2.04089e-05,244.885,247.889,9,3,-8.83426,
Re3Si3Ti3,189,hP9,0.0,metal,14.8352,9.78238,133.516,484.924,233.164,1.99242,24.1324,23.8022,14.4911,2.31343e-05,210.464,213.384,9,3,-7.32589,
Re3Si3Zr3,189,hP9,0.0,metal,16.2861,10.3832,146.575,452.979,217.78,1.98579,24.4979,24.1758,14.296,2.2298e-05,201.304,203.986,9,3,-8.61532,
Re4S4Te4,216,cF48,0.1456,insulator-indirect,22.1014,8.6618,265.217,347.976,152.003,2.14379,34.4004,33.7297,5.67341,3.07262e-05,121.89,124.313,12,3,-5.96385,
Re4Si4,198,cP8,0.0,metal,13.8697,12.8276,110.957,342.014,171.0,2.06606,22.8493,22.5321,6.08509,2.25714e-05,255.589,259.187,8,2,-7.75414,
Re8Sc4,194,hP12,0.0,metal,17.7445,13.0188,212.934,297.015,129.727,1.99103,34.7459,34.3178,4.64636,2.07888e-05,211.821,214.463,12,2,-8.38755,
Re8Sc4,194,hP12,0.0,metal,17.7447,13.0186,212.937,295.999,129.29,1.99278,34.7608,34.331,4.59076,2.08355e-05,211.72,214.371,12,2,-8.38751,
Re8Tb4,194,hP12,0.0,metal,18.9943,15.4834,227.931,183.013,79.9326,1.90435,35.7806,35.3504,1.55916,2.11502e-05,192.14,194.479,12,2,-8.0706,
Re8Tb4,194,hP12,0.0,metal,18.9943,15.4834,227.931,183.013,79.9326,1.90435,35.7806,35.3504,1.55916,2.11502e-05,192.14,194.479,12,2,-8.0706,
Re8W4,194,hP12,0.0,metal,16.0471,19.1868,192.565,300.02,131.037,2.01921,34.6055,34.2776,5.9875,1.57277e-05,313.456,316.455,12,2,-9.65433,
Re8Y4,194,hP12,0.0,metal,18.9305,13.4882,227.166,221.995,96.9674,1.95676,35.486,35.0443,2.27555,2.13618e-05,194.027,196.473,12,2,-8.70632,
Re8Y4,194,hP12,0.0,metal,18.9445,13.4783,227.334,223.013,97.4042,1.95844,35.481,35.0378,2.30212,2.13947e-05,194.045,196.5,12,2,-8.70646,
Re8Zr4,194,hP12,0.0,metal,17.7472,14.4597,212.967,247.986,108.324,1.99654,35.1978,34.8099,2.98482,1.85301e-05,242.067,244.764,12,2,-9.54153,
Re8Zr4,194,hP12,0.0,metal,17.7702,14.441,213.242,244.009,106.577,1.99869,35.2364,34.847,2.83604,1.85662e-05,242.125,244.831,12,2,-9.54162,
Re8Zr4,194,hP12,0.0,metal,17.7471,14.4598,212.965,247.986,108.324,1.99855,35.2034,34.8138,2.97826,1.8569e-05,242.178,244.889,12,2,-9.54162,
Re8Zr4,194,hP12,0.0,metal,17.7537,14.4545,213.044,247.971,108.324,1.99834,35.2043,34.8146,2.97895,1.85689e-05,242.218,244.93,12,2,-9.54158,
Rh1Sb1Th1,216,cF12,0.77,insulator-indirect,26.1855,9.65367,78.5564,228.027,158.086,2.26055,8.95139,8.7521,5.01189,3.32827e-05,103.86,106.225,3,3,-5.78449,
Rh1Sb1U1,216,cF12,0.0,metal,24.6563,10.3869,73.9689,116.009,80.4299,2.34689,9.22391,8.9362,0.603802,4.52142e-05,86.087,88.8587,3,3,-6.26079,
Rh1Sc1,221,cP2,0.0,metal,17.2684,7.10923,34.5368,379.018,300.812,2.08427,5.68231,5.55578,15.2579,3.61699e-05,126.402,129.281,2,2,-5.58877,
Rh1Si3Tb1,107,tI10,0.0,metal,16.9688,6.77351,84.844,366.045,214.038,2.04434,14.2879,13.9612,7.22675,3.78554e-05,121.705,124.553,5,3,-5.75487,
Rh1Si3Th1,107,tI10,0.0,metal,18.1145,7.68553,90.5727,353.001,206.436,2.12217,14.339,14.0315,7.39433,3.4144e-05,132.184,135.081,5,3,-6.04637,
Rh1Tb1,221,cP2,0.0,metal,20.119,10.8052,40.238,221.031,175.408,1.99264,5.9786,5.8441,6.20747,3.81906e-05,103.461,105.842,2,2,-5.17407,
Rh1Ti2,139,tI6,0.0,metal,16.0901,6.83562,48.2704,452.022,313.399,1.86714,8.19067,8.06375,21.9605,2.79703e-05,151.874,154.264,3,2,-5.1482,
Rh1V1,123,tP2,0.0,metal,14.3502,8.90123,28.7004,401.078,318.274,2.45437,5.68754,5.50753,12.4472,4.37634e-05,146.339,151.122,2,2,-5.57764,
Rh1Y1,221,cP2,0.0,metal,20.0279,7.95165,40.0559,272.937,216.68,2.01561,5.89961,5.76515,8.35667,3.82273e-05,103.5,105.915,2,2,-6.08825,
Rh1Yb1,221,cP2,0.0,metal,19.6278,11.6727,39.2557,210.019,166.677,2.12293,6.10799,5.86313,4.84541,6.42261e-05,68.2185,71.0675,2,2,-2.97212,
Rh1Zn1,221,cP2,0.0,metal,13.1455,10.6289,26.2911,364.066,288.907,2.32273,5.7599,5.59151,11.1235,4.28727e-05,156.338,161.046,2,2,-2.73477,
Rh1Zr1,221,cP2,0.0,metal,17.7549,9.07787,35.5098,177.005,140.485,1.99039,6.00123,5.89935,2.27039,2.8655e-05,158.42,161.156,2,2,-6.98569,
Rh2Si2Tb1,139,tI10,0.0,metal,16.3417,8.554,81.7083,425.067,248.542,2.13728,13.8901,13.6137,12.3463,3.15181e-05,154.109,157.238,5,3,-5.80758,
Rh2Si2Th1,139,tI10,0.0,metal,17.5457,9.35088,87.7287,407.101,238.015,2.18109,13.98,13.7216,12.4583,2.86326e-05,162.994,166.063,5,3,-6.07275,
Rh2Si2Y1,139,tI10,0.0,metal,16.3192,7.14084,81.5959,461.94,270.179,2.13371,13.6513,13.3834,13.2643,3.11112e-05,153.533,156.605,5,3,-6.17579,
Rh2Sn4,140,tI12,0.0,metal,20.734,9.08421,124.404,245.884,135.379,2.57784,18.1644,17.435,2.05974,5.31929e-05,93.3726,97.2791,6,2,-4.11258,
Rh2Te2,194,hP4,0.0,metal,20.2477,9.45203,80.9907,205.918,129.772,2.49304,12.1395,11.7332,1.71526,4.55519e-05,109.431,113.221,4,2,-3.94468,
Rh2Th2,63,oS8,0.0,metal,24.8321,11.199,99.3282,185.982,117.173,2.11248,12.0068,11.7776,2.81029,3.05228e-05,112.501,114.69,4,2,-5.9316,
Rh2V6,223,cP8,0.0,metal,13.8445,7.66822,110.756,491.92,246.0,2.04678,21.4284,21.0824,11.062,2.66488e-05,198.736,201.997,8,2,-6.04529,
Rh2Zr2,123,tP2,0.0,metal,17.82,9.0447,71.28,212.976,169.058,1.97709,5.95333,5.85433,4.01195,2.82977e-05,158.28,160.957,4,2,-6.98236,
Rh3Sc1,221,cP4,0.0,metal,15.2353,9.63693,60.9413,384.886,242.535,2.21391,11.3213,11.0822,10.1346,3.22756e-05,169.768,173.43,4,2,-4.84554,
Rh3Si2Y1,191,hP6,0.0,metal,16.0055,7.84669,96.0331,460.971,253.698,2.15023,16.3725,16.0645,12.2862,2.9578e-05,165.946,169.127,6,3,-5.89582,
Rh3Sn3Tb3,189,hP9,0.0,metal,21.469,9.8106,193.221,231.028,111.053,2.14576,26.9355,26.242,2.18837,4.0566e-05,98.6602,101.267,9,3,-4.97259,
Rh3Sn3Th3,189,hP9,0.0,metal,23.8828,10.5135,214.945,248.967,119.707,2.21208,26.7036,26.1188,3.16686,3.34127e-05,110.607,113.084,9,3,-5.4863,
Rh3Sn3Y3,189,hP9,0.0,metal,21.4004,8.03101,192.603,263.015,126.437,2.15714,26.7143,26.022,2.60334,4.06387e-05,98.4207,101.039,9,3,-5.585,
Rh3Sn3Zr3,189,hP9,0.0,metal,19.4435,8.90517,174.991,296.956,142.783,2.20366,26.3196,25.754,3.49046,3.28879e-05,135.553,138.53,9,3,-6.10287,
Rh3Ta1,221,cP4,0.0,metal,14.6996,13.8287,58.7984,430.923,271.513,2.22488,11.0263,10.8604,19.2166,2.27923e-05,246.272,250.035,4,2,-6.08064,
Rh3Th1,221,cP4,0.0,metal,18.8458,11.9118,75.383,257.977,162.53,2.46803,11.9109,11.5805,3.94551,3.86367e-05,132.914,136.706,4,2,-5.01387,
Rh3Ti1,221,cP4,0.0,metal,14.3491,10.3173,57.3964,462.095,291.042,2.24092,10.8998,10.7053,16.8462,2.68678e-05,212.428,216.287,4,2,-4.78279,
Rh3Zr1,221,cP4,0.0,metal,15.365,10.8056,61.4601,416.019,262.064,2.22127,11.1304,10.9329,14.3826,2.69925e-05,199.539,203.145,4,2,-5.77812,
Rh4S4Sb4,198,cP12,0.8867,insulator-indirect,18.883,7.52503,226.596,379.11,165.543,2.35616,34.3447,33.3477,4.21532,4.19191e-05,113.064,116.444,12,3,-4.69816,
Rh4S8,205,cP12,0.0,metal,16.0268,5.76851,192.322,328.017,143.267,2.2029,35.0253,33.9979,1.94679,4.52024e-05,117.979,121.545,12,2,-4.49056,
Rh4Sb12,204,cI32,0.0,metal,25.6019,7.59113,409.631,285.094,113.102,2.33833,47.4296,45.9669,2.2737,4.4858e-05,80.2701,82.8244,16,2,-4.50305,
Rh4Sb12,204,cI32,0.0,metal,25.6007,7.59149,409.612,284.982,113.102,2.3377,47.4306,45.9684,2.275,4.48496e-05,80.2721,82.8255,16,2,-4.50305,
Rh4Sb12,204,cI32,0.0,metal,25.5951,7.59317,409.521,284.945,113.102,2.33763,47.4254,45.9657,2.27515,4.4802e-05,80.3077,82.858,16,2,-4.50303,
Rh4Sb4Se4,198,cP12,0.6407,insulator-indirect,20.3851,8.244,244.622,335.096,146.325,2.37086,34.9823,33.9193,3.48454,4.35448e-05,103.373,106.612,12,3,-4.46715,
Rh4Sb4Tb4,62,oP12,0.0,metal,21.4437,9.90112,257.325,243.957,106.577,2.19834,35.7599,34.8729,2.03357,3.81252e-05,107.562,110.298,12,3,-5.25702,
Rh4Sb8,14,mP12,0.0,metal,22.385,8.56556,268.62,302.028,131.911,2.35384,35.3161,34.2956,3.04865,4.16554e-05,99.0808,102.029,12,2,-4.55605,
Rh4Sc4Si4,62,oP12,0.0,metal,16.3205,5.96729,195.846,462.075,201.797,2.05849,32.7594,32.1137,6.68522,3.24006e-05,141.945,144.799,12,3,-5.92389,
Rh4Si4,198,cP8,0.0,metal,12.9314,8.41039,103.451,444.095,222.0,2.29356,22.0503,21.5941,6.35458,3.05302e-05,213.802,218.319,8,2,-5.47906,
Rh4Si4Ta4,62,oP12,0.0,metal,14.8127,11.6564,177.752,418.999,183.015,2.09121,33.2382,32.7506,8.25439,2.36368e-05,223.39,226.716,12,3,-7.32888,
Rh4Si4Ti4,62,oP12,0.0,metal,14.819,6.68185,177.828,490.119,214.027,2.26873,32.4036,31.6716,6.35475,3.36429e-05,164.662,168.468,12,3,-5.70847,
Rh4Si4Y4,62,oP12,0.0,metal,18.0181,6.75522,216.217,379.899,165.98,2.04063,34.0235,33.3161,4.89869,3.44473e-05,124.349,126.989,12,3,-6.30112,
Rh4Si4Y4,62,oP12,0.0,metal,18.0801,6.73204,216.961,388.979,169.911,2.02803,33.8826,33.1952,5.32446,3.37993e-05,125.721,128.324,12,3,-6.31961,
Rh4Si4Zr4,62,oP12,0.0,metal,16.1188,7.63063,193.426,456.975,199.613,2.07182,32.7365,32.19,8.0171,2.71765e-05,173.481,176.426,12,3,-7.04796,
Rh4Si6Y6,63,oS32,0.0,metal,19.1392,6.03841,306.228,409.041,162.312,2.0179,44.8231,43.8846,5.00075,3.51046e-05,112.479,114.884,16,3,-6.43774,
Rh4Sn4,198,cP8,0.0,metal,17.9545,10.2472,143.636,286.11,143.0,2.52489,23.724,22.9759,2.60165,4.24512e-05,130.432,134.678,8,2,-4.19374,
Rh4Sn8,64,oS24,0.0,metal,21.6381,8.70469,259.657,257.044,112.255,2.4536,36.0761,34.7699,1.66802,5.03306e-05,89.6833,93.0526,12,2,-4.13567,
Rh4Sr2,227,cF24,0.0,metal,19.3795,8.3809,116.277,250.808,138.131,2.78219,18.5918,17.4286,1.57174,7.71984e-05,74.4583,79.4278,6,2,-3.4854,
Rh4Tb2,227,cF24,0.0,metal,17.7046,11.403,106.228,287.016,157.942,2.16658,17.5971,17.2193,4.84791,3.34993e-05,143.109,146.249,6,2,-4.88035,
Rh4Tb4Zn4,62,oP12,0.0,metal,18.7023,9.68416,224.427,226.956,99.1514,2.00511,36.0084,35.0271,1.63393,4.6084e-05,92.5911,95.1851,12,3,-3.77015,
Rh4Te8,205,cP12,0.0,metal,23.0931,8.58335,277.117,271.022,118.37,2.34399,35.762,34.6242,2.32316,4.60671e-05,87.3202,90.1896,12,2,-3.86078,
Rh4Th2,194,hP6,0.0,metal,20.558,11.7888,123.348,177.995,97.9572,2.18732,18.0752,17.6967,1.42795,3.22948e-05,133.054,135.9,6,2,-5.32071,
Rh4Y2,227,cF24,0.0,metal,17.751,9.18986,106.506,319.993,176.103,2.18121,17.4148,17.0382,5.35345,3.35095e-05,142.464,145.613,6,2,-5.48173,
Rh4Yb2,227,cF24,0.0,metal,17.8316,11.76,106.989,269.952,148.587,2.26265,17.8388,17.3137,3.82443,4.41463e-05,113.54,116.983,6,2,-3.4429,
Rh5Tb1,191,hP6,0.0,metal,16.8489,11.062,101.094,333.054,183.257,2.2921,17.331,16.958,6.08695,3.17663e-05,165.02,168.649,6,2,-4.32887,
Rh5Y1,191,hP6,0.0,metal,16.8486,9.91205,101.092,356.078,195.914,2.3007,17.1872,16.8171,6.61271,3.16563e-05,164.823,168.45,6,2,-4.62689,
Rh6Sn6Zr6,190,hP18,0.0,metal,19.4068,8.92203,349.322,315.018,120.195,2.19737,52.2956,51.1906,2.63753,3.24926e-05,135.931,138.865,18,3,-6.11334,
Rh6Te4,63,oS20,0.0,metal,18.2792,10.2456,182.792,287.055,133.214,2.5889,29.6796,28.7116,2.197,4.26145e-05,131.778,136.221,10,2,-3.95051,
Rh6Th14,186,hP20,0.0,metal,29.8796,10.7424,597.592,178.979,65.9442,2.00564,60.0848,58.9706,1.177,3.12086e-05,86.9212,88.5634,20,2,-6.18647,
Rh6W2,194,hP8,0.0,metal,14.2978,14.3016,114.383,403.013,201.5,2.2777,22.3264,21.9911,9.36741,2.22069e-05,269.7,273.813,8,2,-5.79511,
Rh8S12,60,oP20,0.6042,insulator-direct,16.1024,6.22849,322.048,459.036,169.097,2.3355,55.1513,53.6501,3.63561,3.96486e-05,133.686,137.427,20,2,-4.65597,
Rh8Sb4,62,oP12,0.0,metal,16.1479,11.2281,193.774,285.061,124.485,2.55584,35.4932,34.4782,1.8218,3.78561e-05,164.489,169.331,12,2,-4.40848,
Rh8Si10,11,mP18,0.0,metal,14.2397,7.15295,256.314,491.867,187.733,2.23428,48.4543,47.4544,5.15148,3.12875e-05,180.329,184.129,18,2,-5.52042,
Rh8Sn26Sr6,223,cP40,0.0,metal,25.0807,7.34064,1003.23,224.956,65.7904,2.35216,121.923,116.849,0.564191,6.0538e-05,62.1272,64.825,40,3,-3.9395,
Rh8Sn26Th6,223,cP40,0.0,metal,24.5387,8.9687,981.548,237.04,69.2992,2.39939,120.618,116.497,0.74901,4.83582e-05,81.2116,84.0848,40,3,-4.60046,
Rh8Sn4,62,oP12,0.0,metal,16.3358,10.9952,196.03,285.92,124.922,2.79752,35.8289,34.4777,1.50651,4.59814e-05,146.835,152.589,12,2,-4.1645,
Rh9S12,12,mS42,0.0,metal,16.306,6.35684,342.427,435.093,157.67,2.36336,58.6005,56.9583,3.02884,4.03872e-05,132.666,136.491,21,2,-4.63591,
Ru10Si6,55,oP16,0.0,metal,13.0611,9.37003,208.978,503.089,199.616,2.18458,42.591,41.9233,7.29071,2.42191e-05,247.54,251.483,16,2,-6.11811,
Ru1Sb1Ta1,216,cF12,0.8867,insulator-indirect,19.7779,11.3,59.3337,306.984,212.862,2.14771,8.69482,8.55329,11.0054,2.55166e-05,166.721,169.479,3,3,-7.0561,
Ru1Sb1Ti1,216,cF12,0.0,metal,19.6224,7.63653,58.8673,278.962,193.448,2.13275,8.80887,8.62999,5.6113,3.21376e-05,133.526,136.294,3,3,-5.37072,
Ru1Sb1V1,216,cF12,0.6518,insulator-indirect,18.4532,8.21162,55.3596,308.972,214.249,2.18007,8.72185,8.54842,7.1977,3.07944e-05,150.229,153.277,3,3,-5.6881,
Ru1Sb1Zr1,216,cF12,0.0,metal,21.1528,8.21761,63.4583,278.939,193.448,2.11986,8.79791,8.63,6.76133,3.0388e-05,130.152,132.685,3,3,-6.71218,
Ru1Sc1,221,cP2,0.0,metal,17.1379,7.07442,34.2758,339.97,269.858,1.94286,5.74929,5.63737,12.6336,3.3871e-05,128.719,131.275,2,2,-6.02813,
Ru1Si1,221,cP2,0.0,metal,12.5282,8.5594,25.0564,494.001,392.088,2.18366,5.35611,5.26628,23.9342,2.59396e-05,241.935,246.061,2,2,-6.28566,
Ru1Si3Th1,107,tI10,0.0,metal,18.2776,7.58359,91.3882,363.065,212.284,2.07161,14.2533,13.9744,8.45664,3.18828e-05,136.567,139.293,5,3,-6.34091,
Ru1Ta1,221,cP2,0.0,metal,16.2686,14.3928,32.5373,246.036,195.25,2.07807,5.89045,5.80558,7.8323,2.33368e-05,217.338,220.515,2,2,-8.30476,
Ru1Ti1,221,cP2,0.0,metal,15.0901,8.19643,30.1803,498.95,396.057,1.96743,5.32371,5.25095,37.9796,2.34084e-05,199.933,202.703,2,2,-6.14106,
Ru1V1,221,cP2,0.0,metal,14.2736,8.84227,28.5471,418.025,331.767,2.81816,5.69308,5.47193,10.2948,4.72606e-05,156.408,162.729,2,2,-6.44059,
Ru1Zr1,221,cP2,0.0,metal,17.5134,9.11604,35.0267,391.932,311.131,1.95597,5.60114,5.52236,25.2833,2.41908e-05,174.539,177.029,2,2,-7.86347,
Ru2,194,hP2,0.0,metal,13.7074,12.2438,27.4149,532.901,423.042,2.31362,5.22982,5.15709,42.7524,2.0258e-05,293.972,298.118,2,1,-5.65827,
Ru2Sb2Sr1,139,tI10,0.0,metal,22.8731,7.74272,114.365,311.965,182.459,2.26313,14.6286,14.2399,6.10603,3.98622e-05,96.9193,99.5651,5,3,-4.75778,
Ru2Sb4,58,oP6,0.162,insulator-indirect,21.7375,8.77398,130.425,351.878,193.713,2.31549,17.2798,16.8427,7.82372,3.7087e-05,110.473,113.34,6,2,-4.96796,
Ru2Si2Tb1,139,tI10,0.0,metal,16.6535,8.32063,83.2675,419.976,245.617,2.03581,13.8837,13.6447,13.2014,2.85296e-05,160.041,162.844,5,3,-6.34099,
Ru2Si2Th1,139,tI10,0.0,metal,17.8037,9.1469,89.0186,430.938,252.05,2.09188,13.7954,13.5766,16.1499,2.55557e-05,171.1,173.857,5,3,-6.66482,
Ru2Si2Y1,139,tI10,0.0,metal,16.6524,6.92472,83.2622,460.906,269.594,2.04768,13.6174,13.3847,14.3409,2.81913e-05,159.817,162.595,5,3,-6.70781,
Ru2Te4,58,oP6,0.5123,insulator-indirect,23.4965,8.39273,140.979,316.032,173.902,2.40144,17.5951,17.0669,5.55201,4.2495e-05,93.8552,96.7596,6,2,-4.43502,
Ru2Th2,63,oS8,0.0,metal,24.3864,11.3412,97.5455,192.024,120.952,2.01908,11.967,11.7618,3.37183,2.86612e-05,116.357,118.387,4,2,-6.34033,
Ru2V6Zr4,194,hP12,0.0,metal,16.8928,7.14852,202.714,343.062,149.819,1.83263,34.2748,33.7788,4.41297,2.6573e-05,157.393,159.704,12,3,-7.22817,
Ru3Sc3Si3,189,hP9,0.0,metal,15.8988,6.06167,143.089,532.873,256.24,2.02651,23.6257,23.2048,12.6163,2.97409e-05,150.794,153.529,9,3,-6.35544,
Ru3Si3Zr3,189,hP9,0.0,metal,16.0234,7.61265,144.211,468.076,224.991,2.02064,24.3778,24.01,10.8946,2.51577e-05,183.184,185.99,9,3,-7.51508,
Ru3Ti1,221,cP4,0.0,metal,14.7637,9.87274,59.0547,382.065,240.645,1.81707,11.2307,11.0907,14.91,2.33372e-05,198.042,200.541,4,2,-5.74013,
Ru3U1,221,cP4,0.0,metal,16.085,13.9687,64.3401,353.984,223.006,2.15037,11.3745,11.2131,13.0296,2.22145e-05,231.73,235.065,4,2,-6.51416,
Ru3Zr1,221,cP4,0.0,metal,15.7883,10.3711,63.153,320.03,201.587,1.77568,11.4936,11.3539,10.5979,2.30944e-05,188.188,190.504,4,2,-6.64864,
Ru4S8,205,cP12,1.2733,insulator-indirect,15.2573,5.99287,183.087,566.901,247.66,2.35662,31.1555,30.3649,8.45479,3.66885e-05,145.414,149.201,12,2,-5.34009,
Ru4Sb12Sr1,204,cI34,0.0,metal,24.4047,7.8164,414.88,274.997,106.951,2.2627,50.4414,48.9892,2.0338,4.31411e-05,85.2487,87.7758,17,3,-4.70187,
Ru4Sb4,62,oP8,0.0,metal,18.669,9.90953,149.352,340.065,170.0,2.35499,23.1236,22.5612,5.17231,3.48319e-05,140.751,144.259,8,2,-5.13865,
Ru4Se8,205,cP12,0.864,insulator-indirect,18.1924,7.87992,218.309,411.117,179.521,2.39766,33.8953,32.9038,5.15647,4.15682e-05,118.827,122.408,12,2,-4.77862,
Ru4Si4,198,cP8,0.3545,insulator-indirect,13.1511,8.15398,105.209,542.982,271.5,2.16883,20.8476,20.5117,12.9984,2.50888e-05,230.356,234.128,8,2,-6.28649,
Ru4Si4Ti4,62,oP12,0.0,metal,14.854,6.59773,178.248,508.049,221.889,2.04501,31.8679,31.3612,8.77734,2.62437e-05,187.699,190.732,12,3,-6.20694,
Ru4Si4Y4,62,oP12,0.0,metal,17.9865,6.71057,215.838,340.929,148.945,1.9627,34.4565,33.8188,3.80828,3.17862e-05,132.967,135.474,12,3,-6.71172,
Ru4Sn6Y1,121,tI22,0.0,metal,21.8272,8.33611,240.099,296.084,133.095,2.30558,32.3393,31.4938,2.99179,3.84007e-05,108.315,111.223,11,3,-4.93925,
Ru4Tb10,15,mS28,0.0,metal,25.9484,9.11245,363.277,201.996,83.8125,1.77434,41.9725,41.083,1.97065,4.03403e-05,68.1937,69.6702,14,2,-5.31183,
Ru4Tb12,62,oP16,0.0,metal,26.7529,8.96665,428.047,190.008,75.4015,1.70505,48.0515,47.0763,1.67669,4.01165e-05,64.2204,65.5507,16,2,-5.23146,
Ru4Te8,205,cP12,0.3119,insulator-indirect,22.6512,8.70595,271.814,332.968,145.451,2.43255,35.0172,33.9409,3.93138,4.29739e-05,96.9996,100.076,12,2,-4.4262,
Ru4Y12,62,oP16,0.0,metal,26.7434,5.70914,427.894,252.975,100.403,1.69736,47.3129,46.3779,2.54817,3.91874e-05,64.3427,65.6399,16,2,-6.60431,
Ru6Si4Th2,193,hP12,0.0,metal,16.8399,9.71973,202.079,398.066,173.843,2.05531,33.5747,33.0589,7.26441,2.51681e-05,183.558,186.422,12,3,-6.463,
Ru6Si4Y2,191,hP6,0.0,metal,16.1884,7.6639,194.261,433.101,238.289,2.22666,16.6178,16.2776,9.34912,3.10204e-05,165.184,168.636,12,3,-6.46571,
Ru6Sn14,229,cI40,0.0,metal,21.7693,8.65034,435.386,244.051,89.8904,2.39765,60.0735,58.1346,1.06825,4.57614e-05,96.3464,99.5598,20,2,-4.43262,
Ru6Th14,186,hP20,0.0,metal,29.7787,10.7481,595.574,182.965,67.4178,1.99974,59.9968,58.9217,1.25987,3.02272e-05,89.9169,91.5575,20,2,-6.50259,
Ru8Sc4,194,hP12,0.0,metal,16.8245,8.12928,201.894,280.063,122.301,2.70991,35.8223,34.54,1.16162,4.46216e-05,144.608,149.977,12,2,-5.91614,
Ru8Sc4,194,hP12,0.0,metal,16.8003,8.14096,201.604,278.031,121.428,2.69992,35.8294,34.5581,1.14613,4.44405e-05,144.47,149.784,12,2,-5.91625,
Ru8Si12,116,tP20,0.3859,insulator-direct,13.8597,6.86265,277.195,550.934,202.99,2.12607,51.9626,51.0631,6.94535,2.75136e-05,194.679,198.108,20,2,-6.18283,
Ru8Si16,64,oS48,0.4152,insulator-indirect,14.0964,6.17428,338.313,579.95,201.075,2.19042,61.3808,60.2405,6.18898,2.86992e-05,185.678,189.193,24,2,-6.09366,
Ru8Si4,62,oP12,0.0,metal,13.1887,9.66225,158.265,466.082,203.544,2.18484,32.5601,32.0495,7.33115,2.41915e-05,250.834,254.83,12,2,-6.05887,
Ru8Sn12,116,tP20,0.0,metal,19.3824,9.56463,387.649,313.921,115.679,2.37525,58.4575,56.9078,2.20135,3.79223e-05,126.109,129.543,20,2,-4.81315,
Ru8Tb4,194,hP12,0.0,metal,18.1412,11.0166,217.695,180.922,79.059,2.74745,36.9324,35.3879,0.455998,5.16753e-05,120.453,125.71,12,2,-5.66764,
Ru8Zr4,194,hP12,0.0,metal,16.6341,9.76177,199.61,280.061,122.301,2.30167,35.1942,34.512,1.955,2.84702e-05,191.517,195.303,12,2,-7.01544,
Ru8Zr4,194,hP12,0.0,metal,16.6377,9.75969,199.652,280.946,122.738,2.30188,35.1861,34.5042,1.97565,2.84621e-05,191.564,195.35,12,2,-7.01555,
S10Zn10,186,hP20,2.6891,insulator-direct,19.3836,4.17372,387.671,349.144,128.573,1.99024,58.385,56.272,1.94311,6.20653e-05,63.3199,65.6976,20,2,-3.25434,
S12Sc4Y4,33,oP20,1.9929,insulator-indirect,21.8992,3.48865,437.985,386.095,142.204,1.89414,56.7187,55.3991,2.87168,4.16056e-05,78.912,80.7916,20,3,-6.79717,
S12Sn2Ta6,193,hP20,0.0,metal,21.9162,6.46977,438.323,391.042,144.046,1.9788,56.353,55.2752,5.03231,3.26018e-05,105.288,107.341,20,3,-6.89226,
S12Sn4Sr4,62,oP20,0.5687,insulator-indirect,23.7359,4.23237,474.719,309.953,114.205,2.23319,59.5051,57.0354,1.40428,6.36959e-05,57.8185,60.3222,20,3,-4.5695,
S12Sn8,62,oP20,0.6513,insulator-indirect,25.9581,4.26756,519.162,343.102,126.362,2.23037,58.7823,56.3984,2.16694,6.22345e-05,53.5295,55.7921,20,2,-4.27944,
S12Sr4Zr4,62,oP20,1.1824,insulator-direct,24.0186,3.80273,480.373,366.107,134.836,1.96348,57.3079,55.8621,2.7904,4.35409e-05,71.9493,73.8115,20,3,-6.30397,-1.78272
S12Tb8,62,oP20,0.5842,insulator-direct,21.905,6.27725,438.099,316.913,116.784,1.89827,58.2084,56.8559,2.84732,4.14108e-05,81.7124,83.6563,20,2,-6.4091,
S12Th8,62,oP20,0.0,metal,25.2321,7.37415,504.643,279.984,103.153,2.04781,58.733,57.5244,2.35705,3.38799e-05,95.0259,97.0225,20,2,-6.75315,
S12Y8,62,oP20,0.6552,insulator-direct,21.7724,4.17937,435.448,383.095,141.098,1.90211,56.7773,55.4661,3.30379,4.11287e-05,80.7229,82.6311,20,2,-7.13272,-2.07164
S1Sc1,225,cF8,0.0,metal,18.5603,3.4452,37.1206,453.939,360.34,2.01766,5.52145,5.37624,15.0129,4.43336e-05,90.1944,92.6306,2,2,-6.4045,
S1Se1,225,cF8,0.0,metal,19.9138,4.62879,39.8275,185.068,146.835,2.0184,6.10672,5.89276,1.49382,5.86098e-05,70.6648,73.2306,2,2,-3.41315,0.391361
S1Sn1,225,cF8,0.0,metal,25.6155,4.88622,51.2311,278.956,221.442,1.96141,5.96916,5.75821,8.0644,6.14748e-05,49.2162,51.0193,2,2,-4.30056,
S1Sr1,221,cP2,1.7854,insulator-indirect,24.6424,4.03235,49.2847,251.959,200.013,1.97516,6.03653,5.80224,4.58969,6.72161e-05,47.3356,49.247,2,2,-4.75621,-1.85126
S1Sr1,225,cF8,2.4959,insulator-indirect,27.8553,3.56724,55.7107,320.136,253.984,2.00402,5.90336,5.68488,9.4911,6.3104e-05,44.3773,46.0828,2,2,-5.05513,-2.15017
S1Ta1,187,hP2,0.0,metal,15.8254,11.1753,31.6508,362.037,287.32,2.12163,5.69361,5.59167,17.8351,2.84645e-05,181.298,184.603,2,2,-7.74555,
S1Tb1,225,cF8,0.0,metal,21.4118,7.40571,42.8235,287.025,227.792,2.04555,5.89022,5.74125,9.54719,4.1817e-05,90.3791,92.7242,2,2,-6.3886,
S1Th1,225,cF8,0.0,metal,25.2683,8.67776,50.5367,214.975,170.646,2.34047,6.0107,5.854,4.37343,3.7571e-05,99.9075,102.582,2,2,-6.75791,
S1Ti1,187,hP2,0.0,metal,15.5425,4.2714,31.0851,596.865,473.839,2.07223,5.07948,4.96973,31.6162,3.54034e-05,126.972,129.775,2,2,-5.87122,
S1Y1,225,cF8,0.0,metal,21.2694,4.72201,42.5388,354.918,281.764,2.04568,5.75685,5.60973,11.4306,4.23359e-05,87.5229,89.8182,2,2,-7.29241,-1.99764
S1Yb1,225,cF8,1.1474,insulator-indirect,23.1352,7.36057,46.2704,269.037,213.505,1.86541,5.98141,5.77485,10.6078,6.30035e-05,50.7262,52.5406,2,2,-4.75896,
S1Zn1,216,cF8,2.6765,insulator-direct,19.3769,4.17515,38.7538,341.073,270.652,1.99396,5.85489,5.6423,8.40003,6.22372e-05,63.3691,65.7567,2,2,-3.25469,
S1Zr1,225,cF8,0.0,metal,18.0687,5.6648,36.1374,380.06,301.606,2.12128,5.68017,5.55264,12.4994,3.58458e-05,124.834,127.701,2,2,-7.68198,-1.34697
S2Ta1,164,hP3,0.0,metal,21.5092,6.30651,64.5277,427.972,296.759,1.95203,8.30697,8.15887,22.9479,3.08109e-05,109.81,111.803,3,2,-7.16578,
S2Ti2,194,hP4,0.0,metal,16.1328,4.11513,64.531,502.898,316.87,2.11296,10.7718,10.4901,11.5142,4.21019e-05,111.69,114.69,4,2,-5.61746,
S2Zn2,186,hP4,2.743,insulator-direct,19.4061,4.16887,77.6245,344.132,216.706,1.99019,11.6995,11.2749,5.45186,6.22514e-05,63.1819,65.5616,4,2,-3.25242,
S4Sc2Tl2,194,hP8,1.0104,insulator-indirect,24.1081,5.39746,192.864,275.027,137.5,1.94766,23.853,23.0554,3.16735,5.84589e-05,54.6117,56.501,8,3,-5.33397,
S4Se4U4,62,oP12,0.0,half-metal,22.823,8.4653,273.877,256.94,112.255,1.91549,35.4713,34.7393,2.97792,3.63139e-05,92.1171,94.0582,12,3,-7.01588,
S4Si2,122,tI12,3.2421,insulator-indirect,22.9364,2.22515,137.618,556.989,306.529,2.07834,15.7165,15.271,10.7017,4.65851e-05,67.4602,69.4283,6,2,-5.18635,-0.627532
S4Sr2,140,tI12,1.2788,insulator-indirect,24.3378,3.45101,146.027,332.93,183.257,2.03162,17.6607,16.9748,4.02792,6.55299e-05,49.2747,51.2658,6,2,-4.69708,-1.38499
S4Ta2,194,hP6,0.0,metal,22.0971,6.13875,132.582,389.048,214.075,2.08136,16.953,16.5957,9.51009,3.42647e-05,104.392,106.639,6,2,-7.18018,
S4Ta2,194,hP6,0.0,metal,23.2254,5.84051,139.353,402.956,221.779,2.08239,16.8549,16.5011,10.7394,3.40936e-05,99.383,101.514,6,2,-7.18076,
S4Tl3V1,217,cI16,2.1102,insulator-direct,28.3633,5.79813,226.906,191.975,96.0,2.0259,24.6582,23.5467,1.32044,7.58114e-05,38.2116,40.0154,8,3,-4.35126,
S4W2,194,hP6,1.3718,insulator-indirect,19.9303,6.88673,119.582,472.046,259.752,2.04204,16.2536,15.9796,17.3128,2.78493e-05,134.572,136.878,6,2,-7.07274,
S4Y2,129,tP6,0.0,metal,19.9156,4.25304,119.494,387.968,213.525,1.91462,17.0263,16.6102,6.83192,4.3239e-05,84.4796,86.5958,6,2,-6.56553,-1.66023
S4Zn4,186,hP8,2.7068,insulator-direct,19.3929,4.17172,155.143,347.013,173.5,1.99195,23.3631,22.5182,3.51418,6.20728e-05,63.2554,65.6287,8,2,-3.25396,
S6Zn6,186,hP12,2.6969,insulator-direct,19.3863,4.17313,232.636,348.987,152.44,1.99227,35.0248,33.7571,2.72643,6.20853e-05,63.2638,65.6395,12,2,-3.25406,
S7Tb5,12,mS24,0.0,metal,23.2915,6.05432,279.498,296.949,129.727,1.93297,35.1812,34.3376,3.31136,4.19906e-05,77.7653,79.676,12,2,-6.41559,
S8Sc4Zn2,227,cF56,0.9573,insulator-direct,21.2325,3.16776,297.255,398.998,165.55,1.91065,39.5998,38.5736,3.44355,4.60697e-05,73.5264,75.4824,14,3,-5.54877,
S8Sn2Sr4,40,oS28,2.2269,insulator-indirect,28.0182,3.57436,392.255,280.054,116.176,2.09362,41.9506,40.299,1.59124,6.42701e-05,45.9494,47.8326,14,3,-4.71461,
S8Ta12,39,oS40,0.0,metal,18.8428,10.6979,376.855,372.021,137.046,1.95782,56.4896,55.6827,5.99459,2.45446e-05,162.048,164.396,20,2,-8.486,
S8Th4,62,oP12,1.1198,insulator-direct,24.1264,6.79453,289.517,250.968,109.634,1.96471,35.5119,34.8033,2.2684,3.41749e-05,95.3249,97.2659,12,2,-6.64081,
S8Ti4,205,cP12,0.0,metal,18.6513,3.32441,223.816,437.077,190.877,1.95655,33.2642,32.5062,4.20153,3.94359e-05,98.7193,101.021,12,2,-5.41362,
S8Y4Zn2,227,cF56,0.7464,insulator-direct,23.7287,3.71327,332.201,340.994,141.485,1.92322,40.5363,39.469,2.87935,4.64499e-05,67.3248,69.1453,14,3,-5.97946,
S8Zn8,186,hP16,2.6921,insulator-direct,19.3868,4.17301,310.189,352.125,139.691,1.98978,46.6459,44.9632,2.31504,6.19192e-05,63.3227,65.6925,16,2,-3.25421,
S8Zn8,156,hP16,2.7053,insulator-direct,19.3912,4.17208,310.258,346.113,137.31,1.98919,46.7611,45.0673,2.20024,6.21497e-05,63.2496,65.6268,16,2,-3.25367,
S8Zr6,227,cF56,0.0,metal,22.3862,4.25881,313.407,228.973,95.0151,1.99813,41.8173,40.8379,0.849899,3.95319e-05,90.8453,93.024,14,2,-7.31279,-1.2933
S9,154,hP9,2.3659,insulator-indirect,32.4023,1.643,291.62,402.022,193.261,1.95388,25.7231,24.788,4.10801,6.3738e-05,35.5124,36.8521,9,1,-4.08718,0.0391838
Sb1,221,cP1,0.0,metal,30.0671,6.72399,30.0671,165.964,166.0,2.12833,3.05707,2.95652,3.83874,5.38417e-05,52.2929,54.0714,1,1,-4.07264,-0.183316
Sb1Sc1,225,cF8,0.0,metal,26.555,5.21223,53.11,281.938,223.824,1.87703,5.90178,5.74969,10.2594,4.64782e-05,59.9301,61.5154,2,2,-5.56648,
Sb1Sn1,221,cP2,0.0,metal,28.284,7.05806,56.568,161.949,128.579,2.33968,6.25283,5.91938,1.76885,7.7068e-05,44.8824,47.4107,2,2,-3.77716,
Sb1Sn1,225,cF8,0.0,metal,30.3284,6.58227,60.6569,193.913,153.978,2.25757,6.15425,5.88379,3.36605,6.65946e-05,45.3285,47.412,2,2,-3.89324,
Sb1Tb1,225,cF8,0.0,metal,30.1542,7.72815,60.3085,225.047,178.583,1.85456,5.98175,5.83923,9.38265,4.34098e-05,56.8854,58.2739,2,2,-5.52314,
Sb1Th1,225,cF8,0.0,metal,33.6082,8.74012,67.2164,175.987,139.691,2.07188,6.02714,5.90052,4.60296,3.42072e-05,73.2877,74.8604,2,2,-6.11679,
Sb1Th1,221,cP2,0.0,metal,30.3395,9.68174,60.6791,177.96,141.279,2.02914,6.02689,5.8988,4.81521,3.52984e-05,77.1344,78.8094,2,2,-6.05669,
Sb1Tl1,216,cF8,0.0,metal,38.8079,6.97712,77.6158,136.075,107.943,2.41525,6.40724,5.94537,1.47991,0.00010309,24.7873,26.7129,2,2,-3.1156,0.0104285
Sb1U1,225,cF8,0.0,metal,33.7418,8.85295,67.4836,163.004,129.373,1.86117,6.06646,5.91508,4.70368,4.57178e-05,48.7552,50.0029,2,2,-7.14183,
Sb1Y1,225,cF8,0.0,metal,29.955,5.83881,59.91,257.032,203.981,1.84771,5.93272,5.79123,10.5588,4.36586e-05,56.1843,57.557,2,2,-6.45839,-1.28215
Sb2Sc4,129,tP6,0.0,metal,24.4781,4.78622,146.869,322.008,177.203,1.99512,17.5465,17.0354,5.29646,4.9454e-05,64.1308,66.0551,6,2,-5.52825,
Sb2Sr4,139,tI12,0.0,metal,38.0808,4.31682,228.485,210.935,116.118,1.94803,18.4444,17.5897,2.54954,8.11923e-05,25.4625,26.6997,6,2,-3.35914,-0.940345
Sb2Ta6,223,cP8,0.0,metal,19.018,14.5071,152.144,280.989,140.5,2.05558,23.3483,22.9935,5.88011,2.48774e-05,171.418,174.063,8,2,-8.67156,
Sb2Ti6,223,cP8,0.0,metal,19.2275,5.73126,153.82,337.944,169.0,2.3293,23.4214,22.5897,3.13206,5.15196e-05,92.0258,95.4142,8,2,-5.00167,
Sb2V6,223,cP8,0.0,metal,15.3662,7.41792,122.93,414.961,207.5,2.04331,22.3083,21.8844,7.40081,3.14067e-05,158.212,161.277,8,2,-5.98465,
Sb2Y2Zr2,139,tI12,0.0,metal,25.4435,6.5672,152.661,274.946,151.338,1.9641,17.6794,17.2821,4.92184,3.87871e-05,78.4787,80.2828,6,3,-7.20309,-0.904374
Sb2Zr4,139,tI12,0.0,metal,22.8339,7.37382,137.004,239.003,131.527,1.93111,17.7885,17.4546,3.25829,3.282e-05,102.67,104.634,6,2,-7.71363,-0.72142
Sb4Se12Tl12,198,cP28,0.9541,insulator-indirect,32.2782,7.14154,903.79,141.993,46.763,2.16118,88.6939,83.1481,0.294795,9.99155e-05,27.2842,29.104,28,3,-3.46129,-0.400504
Sb4Ta5,87,tI18,0.0,metal,20.7745,12.3605,186.97,228.985,110.092,2.03689,26.7126,26.2428,2.8749,2.90988e-05,135.064,137.481,9,2,-7.33786,
Sb4Th2,129,tP6,0.0,metal,31.0104,8.48802,186.062,191.032,105.111,2.08237,18.0962,17.6529,2.43995,3.9633e-05,68.9573,70.6889,6,2,-5.61674,
Sb4Zr4,198,cP8,0.0,metal,23.0436,7.6734,184.349,317.002,158.5,2.06479,23.2448,22.7424,5.7095,3.53614e-05,99.1943,101.385,8,2,-7.0511,-0.834613
Sb6Si2Zr10,193,hP18,0.0,metal,21.1687,7.4036,381.037,367.984,140.418,2.03548,51.23,50.2057,4.62615,3.32062e-05,110.781,113.041,18,3,-7.53346,-0.88791
Sb6Sr10,193,hP16,0.0,metal,37.1571,4.48768,594.514,212.057,84.1323,1.98535,48.9606,46.8844,1.29694,7.31776e-05,29.3167,30.6149,16,2,-3.60075,-1.09005
Sb6Tb8,220,cI28,0.0,metal,28.1515,8.43458,394.12,212.017,87.9616,1.96035,42.0955,41.0066,1.8898,4.45383e-05,63.1924,64.8706,14,2,-5.42233,
Sb6Tl21,229,cI54,0.0,metal,31.09,9.93492,839.431,94.0771,31.3333,2.43693,89.5433,80.6622,0.0896796,0.000144321,22.0522,24.4802,27,2,-2.76828,-0.0663017
Sb6Y8,220,cI28,0.0,metal,27.9482,6.11867,391.274,247.042,102.484,1.98601,41.781,40.6506,2.08844,4.59927e-05,61.8961,63.6173,14,2,-6.48788,-1.12779
Sb6Yb10,193,hP16,0.0,metal,31.3189,8.15488,501.102,189.941,75.4015,1.99693,49.2522,47.1037,1.33347,7.47407e-05,34.5126,36.0868,16,2,-3.17146,
Sb6Zr6,63,oS24,0.0,metal,23.8268,7.42117,285.921,326.09,142.394,2.03609,34.7368,34.0007,4.94251,3.51943e-05,94.4207,96.4648,12,2,-7.04285,-0.826365
Sb8Tb4,64,oS24,0.0,metal,28.0944,7.92854,337.133,214.918,93.9099,2.00904,36.1635,35.1218,1.9415,4.86683e-05,59.1389,60.8929,12,2,-5.03955,
Sb8Th6,220,cI28,0.0,metal,31.4127,8.93455,439.778,223.016,92.5257,2.03399,41.7956,40.8949,2.4873,3.57136e-05,73.0677,74.677,14,2,-5.9618,
Sb8Zr10,193,hP18,0.0,metal,22.4396,7.75441,403.913,287.05,109.511,2.0654,52.8224,51.6696,2.40615,3.56957e-05,101.703,103.972,18,2,-7.25964,-0.784586
Sc10Si6,193,hP16,0.0,metal,20.5196,3.12608,328.313,558.184,221.442,1.87881,41.5447,40.674,8.43432,3.78511e-05,83.7112,85.503,16,2,-5.97956,
Sc1Se1,225,cF8,0.0,metal,21.3522,4.81842,42.7043,309.084,245.253,2.02994,5.88133,5.70316,7.87107,5.06019e-05,73.5577,75.8557,2,2,-5.81629,
Sc1Zn1,221,cP2,0.0,metal,19.4071,4.72037,38.8142,363.121,288.113,1.94038,5.79051,5.5949,12.2107,5.94957e-05,63.3442,65.5589,2,2,-3.10553,
Sc2,194,hP2,0.0,metal,26.5311,2.81372,53.0622,372.989,296.05,1.60123,5.68858,5.56894,18.1683,4.42979e-05,51.6746,52.7848,2,1,-5.17098,
Sc2Si2,63,oS8,0.0,metal,18.8534,3.21662,75.4135,551.074,347.108,1.93352,10.4377,10.21,17.6847,3.83141e-05,93.1577,95.2351,4,2,-6.04779,
Sc2Te2,194,hP4,0.0,metal,26.7355,5.35872,106.942,255.982,161.27,2.04319,11.9726,11.59,4.16652,5.30274e-05,57.4254,59.3208,4,2,-5.23938,
Sc4Tc8,194,hP12,0.0,metal,17.4117,7.71756,208.94,254.0,110.945,1.94761,35.2786,34.7645,1.76213,2.51191e-05,177.515,180.14,12,2,-6.69058,
Sc4Te4,194,hP8,0.0,metal,26.3779,5.43136,211.023,257.043,128.5,2.03341,23.929,23.1733,2.67267,5.27463e-05,57.9457,59.8353,8,2,-5.21903,
Se12Sr4Zr4,62,oP20,0.1563,insulator-direct,26.4951,5.21093,529.901,288.017,106.1,1.92726,59.0089,57.4074,2.21072,4.76611e-05,60.2573,61.9384,20,3,-5.73849,-1.60345
Se12Tb8,62,oP20,0.3401,insulator-direct,24.9958,7.37045,499.917,253.952,93.5744,1.91388,59.481,57.9709,2.01399,4.48103e-05,68.2319,70.0093,20,2,-5.82202,
Se12Th8,62,oP20,0.0,metal,28.2489,8.24078,564.979,230.991,85.1011,2.08006,59.6483,58.3055,1.66223,3.65344e-05,80.9822,82.8473,20,2,-6.19274,
Se1Sn1,225,cF8,0.0324,insulator-direct,28.4614,5.76581,56.9227,236.914,188.107,2.03115,6.0584,5.82493,6.21949,6.48931e-05,43.9261,45.6868,2,2,-4.01909,
Se1Sr1,225,cF8,2.2319,insulator-indirect,31.3417,4.41285,62.6835,254.1,201.6,1.99599,6.03751,5.79941,6.92184,6.75905e-05,37.5083,39.0482,2,2,-4.65442,-2.07132
Se1Tb1,225,cF8,0.0,metal,24.2855,8.1328,48.571,216.074,171.439,2.11119,6.03045,5.8526,4.93335,4.71566e-05,74.6886,76.9583,2,2,-5.82945,
Se1Th1,221,cP2,0.0,metal,26.35,9.79935,52.6999,249.975,198.425,2.16844,5.94555,5.80255,9.69772,3.74662e-05,87.7953,89.959,2,2,-6.21994,
Se1Tl1,221,cP2,0.0,metal,26.2146,8.97365,52.4292,77.0145,61.1149,2.67262,6.73238,5.98323,0.164419,0.000147314,28.8679,32.4824,2,2,-3.0036,-0.080896
Se1Y1,225,cF8,0.0,metal,24.1294,5.77611,48.2588,256.091,203.187,2.09725,5.97012,5.79347,5.87406,4.77395e-05,72.701,74.9177,2,2,-6.73919,-1.76627
Se1Yb1,225,cF8,1.3216,insulator-indirect,26.643,7.85303,53.2859,216.007,171.439,1.89271,6.0813,5.8548,6.83574,6.71126e-05,42.7585,44.4127,2,2,-4.29483,
Se1Zn1,216,cF8,1.6926,insulator-direct,22.8338,5.24841,45.6676,260.071,206.362,2.05513,6.04321,5.791,5.4493,6.9466e-05,51.145,53.3725,2,2,-2.80053,
Se2Ti2,194,hP4,0.1411,insulator-indirect,21.9549,4.79746,87.8198,275.885,173.869,2.09688,12.077,11.5333,3.40623,7.15281e-05,54.0947,56.6448,4,2,-5.49864,
Se2V2,194,hP4,0.6985,insulator-indirect_spin-polarized,20.0114,5.3896,80.0455,331.979,209.147,2.10883,11.7925,11.3233,5.82609,6.31094e-05,65.5996,68.3179,4,2,-6.06216,
Se2Zn2,186,hP4,1.7311,insulator-direct,22.8279,5.24978,91.3114,261.874,165.05,2.05944,12.0859,11.5766,3.49511,6.99757e-05,50.8274,53.0636,4,2,-2.79673,
Se4Ta1Tl3,217,cI16,2.2639,insulator-indirect,32.5739,7.07249,260.591,151.994,76.0,2.03373,24.7255,23.712,0.953436,6.86197e-05,36.9879,38.5688,8,3,-4.4958,
Se4Ta2,194,hP6,0.0,metal,24.4021,7.68655,146.412,307.999,169.499,2.12594,17.5365,17.1115,6.44517,3.85875e-05,88.4095,90.6056,6,2,-6.51882,
Se4Tl4,140,tI16,0.1462,insulator-indirect,30.1048,7.81406,240.838,155.024,77.5,2.39271,25.615,23.7145,0.707499,0.000107252,30.3777,32.8123,8,2,-3.20187,-0.279171
Se6,227,cF24,0.0,metal,63.0381,2.07995,378.228,75.0033,41.2741,2.08444,18.8963,17.9481,0.0931019,8.20501e-05,16.6705,17.5512,6,1,-2.94939,0.533274
Se6Sn2Tl8,140,tI32,0.0,metal,29.155,8.35147,466.48,150.081,59.5275,2.23914,51.0457,47.4655,0.477816,0.000108124,28.9697,31.1547,16,3,-3.30439,
Se8Ta4,187,hP12,0.0,metal,24.4549,7.66995,293.459,312.079,136.279,2.13249,35.0167,34.1682,4.1952,3.85198e-05,88.3215,90.5149,12,2,-6.51905,
Se8Th4,62,oP12,0.7249,insulator-direct,27.4404,7.86603,329.285,199.974,87.358,2.00742,36.033,35.2356,1.50382,3.71593e-05,79.872,81.6796,12,2,-6.02215,
Se8U6,220,cI28,0.0,metal,26.1149,9.35557,365.609,193.965,80.4932,1.86751,42.222,41.1616,1.61557,4.55277e-05,63.4574,65.0922,14,2,-7.22846,
Se8Y4Zn2,227,cF56,0.3121,insulator-direct,27.2105,4.87362,380.946,249.92,103.728,1.94849,41.8561,40.6243,1.73594,5.12734e-05,55.5917,57.2772,14,3,-5.45008,
Si106,137,tP106,0.1324,insulator-indirect,23.6074,1.97553,2502.38,517.99,109.453,2.05403,283.547,275.775,1.19836,4.54253e-05,68.0574,69.9755,106,1,-5.24525,0.178483
Si10Sr10,71,oI40,0.0,metal,28.0779,3.42143,561.559,326.854,120.468,2.08122,59.3495,56.7315,1.9446,7.2541e-05,39.8006,41.6372,20,2,-3.9744,-0.420764
Si12Sr2,63,oS28,0.0,metal,19.3667,3.13734,271.134,483.123,200.403,2.25521,38.6376,37.1359,3.73744,5.91479e-05,71.161,74.0386,14,2,-4.97322,-0.0838056
Si16Ti20,92,tP36,0.0,metal,15.8493,4.09584,570.576,592.933,179.592,1.92318,91.2585,89.6442,5.19987,3.11231e-05,132.233,134.614,36,2,-5.80374,
Si1Sn1,216,cF8,0.0717,insulator-direct,28.7645,4.23659,57.5289,303.14,240.491,2.28617,5.97954,5.71725,7.49859,6.5767e-05,47.5115,49.6912,2,2,-4.3668,
Si1U3,221,cP4,0.0,metal,20.8456,14.7802,83.3825,153.963,97.0139,2.08898,12.0929,11.8477,1.70665,3.27635e-05,124.654,127.235,4,2,-7.03675,
Si2,227,cF8,0.61,insulator-indirect,20.4286,2.28293,40.8571,610.109,484.157,2.06337,5.05595,4.92951,26.1868,4.1286e-05,82.0813,84.1867,2,1,-5.42374,-1.2e-05
Si2,141,tI4,0.0,metal,15.3317,3.04188,30.6634,573.881,455.584,2.24515,5.21858,5.0426,16.5235,5.1503e-05,97.5417,100.946,2,1,-5.13188,0.291852
Si2,141,tI4,0.0,metal,15.3245,3.0433,30.6491,553.95,439.71,2.24554,5.28339,5.10264,14.8449,5.22182e-05,97.4505,100.903,2,1,-5.13185,0.291876
Si2Sn6Zr10,193,hP18,0.0,metal,21.7378,7.13186,391.28,373.043,142.326,1.98435,51.1068,50.1189,5.08217,3.28751e-05,106.12,108.211,18,3,-7.26514,
Si2Sr2Zn2,194,hP6,0.0,metal,24.0772,4.16299,144.463,343.979,189.31,2.02403,17.675,16.9184,5.33563,7.23345e-05,44.7605,46.762,6,3,-2.93912,
Si2Sr4,194,hP6,0.0,metal,31.9605,3.52133,191.763,237.954,130.976,1.88167,18.3255,17.4785,2.54809,8.36051e-05,28.3787,29.7539,6,2,-3.22073,-0.290459
Si2Ta4,140,tI12,0.0,metal,16.5554,13.0387,99.3323,364.04,200.317,1.89609,16.9641,16.7576,13.7945,2.1554e-05,203.877,206.39,6,2,-9.09198,
Si2Ta4V6,194,hP12,0.0,metal,15.3421,9.79171,184.105,345.029,150.693,2.15435,34.5074,33.7765,3.80653,3.33229e-05,161.855,165.358,12,3,-7.76472,
Si2Th1,191,hP3,0.0,metal,21.6093,7.38234,64.828,239.049,165.713,2.09872,8.95909,8.73028,4.01412,4.11021e-05,94.7866,97.2708,3,2,-6.23099,
Si2Ti2Y2,129,tP6,0.0,metal,21.1816,4.3089,127.09,440.057,242.141,1.9683,16.6136,16.2292,10.3242,3.98227e-05,86.4862,88.5344,6,3,-6.27853,
Si2V6,223,cP8,0.0,metal,13.3748,5.61518,106.999,465.988,233.0,1.83615,21.6935,21.3596,8.3227,2.82213e-05,177.376,180.149,8,2,-6.53815,
Si2W1,139,tI6,0.0,metal,13.8028,9.62523,41.4083,592.927,411.163,2.08176,7.58486,7.46876,44.8416,2.48306e-05,206.83,210.046,3,2,-7.44966,
Si2Y2,63,oS8,0.0,metal,21.7132,4.47353,86.8526,446.092,280.962,1.92472,11.0292,10.7885,15.8899,3.84272e-05,84.9919,86.8883,4,2,-6.7951,-0.851648
Si2Zr2,63,oS8,0.0,metal,17.7397,5.58386,70.9587,509.0,320.65,1.95966,10.6257,10.4478,21.6445,2.8875e-05,136.518,138.843,4,2,-7.91882,-0.935128
Si2Zr4,140,tI12,0.0,metal,19.483,5.98105,116.898,464.051,255.349,1.79874,16.2782,16.0377,18.295,2.76434e-05,122.3,124.134,6,2,-8.28472,-0.781048
Si34,227,cF136,0.5324,insulator-indirect,23.5299,1.98203,800.017,522.063,161.13,2.07856,90.9329,88.2769,2.54935,4.79103e-05,65.3215,67.2868,34,1,-5.08412,0.339606
Si4,194,hP4,0.4537,insulator-indirect,20.4132,2.28465,81.6529,610.089,384.276,2.06497,10.1125,9.85914,16.4375,4.13281e-05,82.1378,84.2487,4,1,-5.41262,0.0111083
Si4,139,tI8,0.2618,insulator-indirect,21.5785,2.16128,86.3139,541.191,340.809,2.03404,10.5501,10.2747,12.063,4.36365e-05,75.7736,77.8045,4,1,-5.32274,0.100989
Si4,194,hP4,0.4508,insulator-indirect,20.4123,2.28475,81.6494,609.181,383.646,2.06339,10.1215,9.86771,16.384,4.13675e-05,82.1338,84.2466,4,1,-5.41262,0.0111143
Si40,191,hP40,1.1182,insulator-indirect,23.4595,1.98798,938.379,553.02,161.698,2.05196,104.71,102.017,2.79358,4.26926e-05,71.2371,73.118,40,1,-5.34425,0.0794809
Si41,217,cI82,1.1937,insulator-indirect,23.7275,1.96553,972.827,526.157,152.543,2.03593,109.059,106.209,2.41433,4.36311e-05,69.6025,71.47,41,1,-5.31386,0.109867
Si46,223,cP46,1.3129,insulator-indirect,23.2534,2.0056,1069.66,546.129,152.384,2.04467,120.893,117.801,2.46106,4.25599e-05,72.1958,74.0907,46,1,-5.36109,0.0626397
Si4Sr2,141,tI12,0.0,metal,22.9957,3.46109,137.974,386.017,212.424,2.10508,17.3759,16.6447,5.40423,6.89225e-05,50.183,52.3875,6,2,-4.54295,-0.36595
Si4Sr8,62,oP12,0.3437,insulator-direct,33.5092,3.35858,402.111,237.075,103.519,1.79524,36.4306,34.9587,1.784,7.64671e-05,28.108,29.2914,12,2,-3.29866,-0.368393
Si4Tc4,198,cP8,0.0,metal,13.7035,7.69417,109.628,590.857,295.5,2.27332,20.3042,19.9348,15.0932,2.71444e-05,207.433,211.276,8,2,-6.74795,
Si4Th2,141,tI12,0.0,metal,21.6462,7.36978,129.877,250.946,138.131,2.09804,17.8549,17.4042,2.93156,4.08348e-05,94.4349,96.8804,6,2,-6.22344,
Si4Th4,62,oP8,0.0,metal,25.4862,8.47412,203.889,258.987,129.5,2.02884,23.6117,23.1456,4.08407,3.27491e-05,97.1512,99.1075,8,2,-6.61843,
Si4Th6,127,tP10,0.0,metal,27.2875,9.15582,272.875,254.984,118.361,1.95658,29.507,28.9637,4.30489,3.17478e-05,89.8502,91.5356,10,2,-6.69411,
Si4Ti2,70,oF24,0.0,metal,14.652,3.93153,87.9119,663.947,365.413,2.01162,14.57,14.2738,18.938,3.43319e-05,129.191,131.872,6,2,-5.6905,
Si4Ti4,62,oP8,0.0,metal,15.5036,4.06927,124.029,603.093,301.5,1.95143,20.162,19.7937,13.932,3.17047e-05,133.987,136.48,8,2,-5.80938,
Si4W6,127,tP10,0.0,metal,14.7414,13.6913,147.414,333.048,154.565,2.0024,28.6197,28.2478,5.99699,2.18123e-05,241.707,244.889,10,2,-8.46727,
Si4Y2,141,tI12,0.0,metal,19.3646,4.14685,116.188,279.986,154.09,2.07045,17.8375,17.2653,2.03305,5.28997e-05,79.5971,82.2349,6,2,-6.31158,-0.541372
Si4Zr2,63,oS12,0.0,metal,16.8321,4.84686,100.993,571.089,314.233,2.01293,15.4441,15.1369,17.8111,3.35136e-05,122.656,125.145,6,2,-7.11747,-0.653771
Si4Zr4,62,oP8,0.0,metal,17.8159,5.55996,142.527,508.991,254.5,1.95381,21.258,20.9011,13.7277,2.90146e-05,135.212,137.52,8,2,-7.91769,-0.934003
Si6,229,cI12,0.1466,insulator-indirect,25.4097,1.8354,152.458,490.121,269.657,2.02559,16.2927,15.8414,7.2813,4.64746e-05,61.9549,63.7197,6,1,-5.20152,0.222214
Si6Sr10,108,tI32,0.0,metal,32.3196,3.35475,517.114,272.953,108.34,1.85564,48.0061,46.1568,1.99372,7.0834e-05,32.0288,33.312,16,2,-3.48191,-0.395797
Si6Tc10,140,tI32,0.0,metal,13.7125,8.76118,219.4,476.924,189.298,1.94669,43.0091,42.4741,7.96718,2.15121e-05,239.914,242.935,16,2,-6.84636,
Si6V10,140,tI32,0.0,metal,13.306,5.2877,212.895,621.872,246.841,1.96241,39.7455,39.1159,10.0905,2.72881e-05,179.57,182.46,16,2,-6.55169,
Si6V3,180,hP9,0.0,metal,12.9419,4.58112,116.477,726.314,349.024,2.65444,21.276,20.5125,10.2546,4.65486e-05,135.711,140.762,9,2,-6.17473,
Si6W3,180,hP9,0.1478,insulator-indirect,13.7405,9.66886,123.664,524.974,252.394,2.06624,23.6893,23.3145,15.1604,2.58181e-05,206.821,210.146,9,2,-7.37458,
Si6Zr10,193,hP16,0.0,metal,19.4002,5.7814,310.404,460.945,182.948,1.90079,43.5365,42.84,7.94199,2.83622e-05,126.819,128.881,16,2,-8.19324,-0.819557
Si8,206,cI16,0.0,metal,18.4383,2.52935,147.507,644.07,322.0,2.10396,19.8068,19.2869,11.3035,4.25922e-05,87.7211,90.0857,8,1,-5.2657,0.15803
Si8,12,mS16,0.2896,insulator-indirect,21.2198,2.19781,169.758,587.112,293.5,2.05827,20.5276,20.0022,9.40077,4.23374e-05,78.0639,80.1144,8,1,-5.35462,0.0691056
Si82,15,mS164,0.9749,insulator-indirect,23.3704,1.99556,1916.37,524.081,120.613,2.04211,218.474,212.668,1.48582,4.42516e-05,69.9831,71.8938,82,1,-5.29519,0.128537
Si8Sr4,212,cP12,0.0,metal,23.5573,3.37858,282.688,341.042,148.945,2.01495,35.1433,33.8558,2.59932,6.20215e-05,53.3423,55.3709,12,2,-4.53892,-0.361921
Sn1Te1,225,cF8,0.0747,insulator-direct,33.5799,6.08957,67.1598,210.983,167.471,2.10233,6.12376,5.8627,5.36039,6.93134e-05,36.4484,38.0714,2,2,-3.70597,
Sn2,227,cF8,0.0,metal,38.0595,5.17845,76.119,182.08,144.453,2.27602,6.23042,5.89825,2.90827,8.07838e-05,30.05,31.7423,2,1,-3.71212,
Sn2,141,tI4,0.0,metal,29.6512,6.64694,59.3023,184.971,146.835,2.28571,6.21229,5.89488,2.78507,7.70439e-05,40.5688,42.7531,2,1,-3.65902,
Sn2Ta6,223,cP8,0.0,metal,19.4841,14.0949,155.873,173.979,87.0,1.93442,23.9421,23.6056,1.59843,2.44157e-05,164.794,167.143,8,2,-8.45107,
Sn2Te10Tl4,140,tI32,0.0,metal,34.8715,6.93705,557.944,152.056,60.3212,2.28197,50.4953,47.4421,0.501814,9.08811e-05,29.6024,31.5075,16,3,-3.19365,
Sn2Te6Tl8,140,tI32,0.0,metal,33.1948,8.24753,531.117,141.053,55.9559,2.22664,51.0892,47.5301,0.471544,0.000108645,25.0626,26.9393,16,3,-3.11561,
Sn2Ti4,194,hP6,0.0,metal,19.5257,6.08036,117.154,342.99,188.76,2.02456,17.3157,16.9005,5.82538,4.01064e-05,99.5894,102.036,6,2,-4.67881,
Sn2Ti4,194,hP6,0.0,metal,19.5273,6.07984,117.164,342.96,188.76,2.02507,17.3166,16.9007,5.82212,4.01539e-05,99.5119,101.96,6,2,-4.67866,
Sn2V6,223,cP8,0.0,metal,15.8695,7.10262,126.956,297.026,148.5,1.96127,23.3322,22.8843,2.96193,3.30238e-05,146.507,149.374,8,2,-5.68344,
Sn2Zr6,223,cP8,0.0,metal,22.702,7.17463,181.616,250.99,125.5,1.87445,23.6487,23.1999,3.21006,3.41991e-05,95.8583,97.7128,8,2,-7.66686,
Sn3Tb1,221,cP4,0.0,metal,27.232,7.8508,108.928,149.963,94.4941,2.13481,12.3299,11.86,1.14172,6.10909e-05,52.2074,54.2758,4,2,-4.35117,
Sn3Th1,221,cP4,0.0,metal,28.9401,8.4362,115.76,136.008,85.6746,2.15777,12.2832,11.8836,0.968624,5.14109e-05,59.1661,61.156,4,2,-4.7306,
Sn3Y1,221,cP4,0.0,metal,27.2315,6.7835,108.926,159.919,100.794,2.1269,12.3071,11.839,1.20763,6.12755e-05,51.6301,53.6713,4,2,-4.80451,
Sn3Yb1,221,cP4,0.0,metal,27.8319,7.89209,111.328,195.051,122.842,2.19193,12.4095,11.7664,2.45641,8.13967e-05,39.066,41.2011,4,2,-3.45221,
Sn4Sr8,62,oP12,0.2354,insulator-direct,38.8576,4.18693,466.291,185.932,81.243,1.90119,37.0675,35.3616,1.15473,8.254e-05,24.103,25.2658,12,2,-3.01326,
Sn4Tb2,63,oS12,0.0,metal,27.3224,8.02858,163.935,228.915,126.024,2.0871,18.1164,17.5051,3.34686,5.5167e-05,55.4384,57.3743,6,2,-4.59803,
Sn4Th2,63,oS12,0.0,metal,30.041,8.64915,180.246,220.024,121.071,2.15833,18.042,17.5432,3.36927,4.33915e-05,66.7891,68.6883,6,2,-5.1633,
Sn4Y2,63,oS12,0.0,metal,27.2078,6.63795,163.247,250.926,138.131,2.07289,18.0161,17.4098,3.68175,5.53067e-05,54.7765,56.6842,6,2,-5.21778,
Sn4Y2Zn2,129,tP8,0.0,metal,24.085,6.75084,192.68,244.949,122.5,2.11538,24.1977,23.2515,2.33702,6.32425e-05,55.322,57.5734,8,3,-4.02576,
Sn4Y4Zn4,194,hP12,0.0,metal,23.5461,6.41702,282.553,295.884,129.29,2.12754,35.6972,34.3708,2.8673,5.95895e-05,59.4825,61.778,12,3,-4.12041,
Sn6Tb10,193,hP16,0.0,metal,29.2984,8.15223,468.774,244.946,97.2283,1.97491,47.7398,46.4863,2.67829,4.50414e-05,59.7225,61.3329,16,2,-5.00483,
Sn6Ti10,63,oS32,0.0,metal,20.3392,6.07796,325.428,326.07,129.373,2.02537,46.4485,45.3526,2.73628,3.93304e-05,98.901,101.291,16,2,-4.66315,
Sn6V6Y1,191,hP13,0.0,metal,19.4337,7.27409,252.638,378.96,161.185,2.14133,37.0277,36.109,4.93342,3.93214e-05,106.587,109.299,13,3,-5.328,
Sn8Sr2,63,oS20,0.0,metal,30.5707,6.10948,305.707,143.966,66.8389,2.10184,31.1377,29.6788,0.51492,7.66554e-05,36.5534,38.3503,10,2,-3.62524,
Sn8Th10,193,hP18,0.0,metal,31.6344,9.53569,569.419,217.995,83.1826,2.08754,53.8255,52.6409,2.00044,3.55513e-05,74.9199,76.6058,18,2,-5.86772,
Sr1,225,cF4,0.0,metal,54.4911,2.6701,54.4911,124.981,125.0,1.60502,3.12177,2.97611,2.66941,0.000104575,10.8535,11.3847,1,1,-1.68351,3.1e-05
Sr1Te1,221,cP2,0.4662,insulator-direct,34.0721,5.24448,68.1442,160.015,126.992,1.96372,6.17649,5.92018,2.38108,7.22344e-05,32.3655,33.7668,2,2,-3.91924,-1.50676
Sr1Te1,225,cF8,1.7634,insulator-indirect,38.0407,4.69736,76.0814,201.082,159.534,1.95138,6.11943,5.87375,4.96221,7.03234e-05,29.4382,30.6695,2,2,-4.15866,-1.74618
Sr1Tl1,221,cP2,0.0,metal,34.5249,7.0219,69.0498,138.908,110.324,2.2126,6.42801,5.94304,1.64671,0.000119848,21.5257,23.2823,2,2,-2.45544,-0.4323
Sr1Zn5,191,hP6,0.0,metal,18.5973,6.16872,111.584,242.08,133.178,2.35156,19.1587,17.4845,1.41653,0.000129719,38.7251,42.4332,6,2,-0.831816,
Sr2,194,hP2,0.0,metal,55.1308,2.63911,110.262,120.01,95.2441,1.17362,6.11314,5.95417,2.94654,7.62734e-05,11.0879,11.3839,2,1,-1.68101,0.002526
Sr2Tl4,194,hP6,0.0,metal,32.5857,8.43135,195.514,138.034,75.9443,2.43846,19.6873,17.8363,0.697961,0.000136313,22.2737,24.5852,6,2,-2.47652,-0.340183
Sr2Zn26,226,cF112,0.0,metal,16.0012,6.94971,448.035,324.063,106.699,2.37364,86.2982,79.6451,1.09856,0.000113322,50.475,54.6914,28,2,-0.691511,
Ta1Tc1,221,cP2,0.0,metal,16.4918,14.0891,32.9836,394.03,312.718,1.93367,5.57569,5.51663,37.5016,1.83996e-05,241.072,243.653,2,2,-9.16161,
Ta30,136,tP30,0.0,metal,19.225,15.6292,576.749,248.006,79.8138,1.7173,87.8841,87.0196,2.70884,1.92129e-05,184.947,186.785,30,1,-10.0975,
Ta4Zn8,194,hP12,0.0,metal,14.7906,11.6652,177.487,369.999,161.612,2.06597,34.3007,33.4638,5.84161,3.99619e-05,133.099,136.427,12,2,-3.77517,
Tb1Te1,225,cF8,0.0,metal,29.5488,8.05088,59.0975,179.974,142.866,2.02172,6.06782,5.89756,4.03319,4.68603e-05,59.4826,61.1998,2,2,-5.1943,
Tb1Tl1,221,cP2,0.0,metal,27.57,10.9406,55.1401,134.99,107.15,2.13371,6.18257,5.94323,1.87783,6.23953e-05,50.0685,52.0848,2,2,-3.84788,
Tb1Tl3,221,cP4,0.0,metal,27.0971,11.8278,108.389,118.942,74.9653,2.39737,12.6945,11.9146,0.665623,8.84968e-05,40.8004,43.4711,4,2,-3.1635,
Tb1Zn1,221,cP2,0.0,metal,22.8647,8.14505,45.7294,224.966,178.583,1.83792,6.04325,5.84181,6.98598,6.21837e-05,51.2511,53.0184,2,2,-2.82763,
Tb2,194,hP2,0.0,metal,32.3229,8.16454,64.6459,174.01,138.104,1.39627,6.01803,5.90295,9.35495,4.61811e-05,37.7165,38.4519,2,1,-4.612,
Tb2Te4,129,tP6,0.0,metal,29.4918,7.77247,176.951,202.975,111.715,1.94775,18.1076,17.6077,2.90293,4.80664e-05,55.4656,57.0403,6,2,-4.80803,
Tb4Tl2,194,hP6,0.0,metal,28.7438,10.0563,172.463,160.926,88.6017,1.98371,18.3765,17.7542,1.74216,5.78661e-05,48.5345,50.2356,6,2,-4.13911,
Tb6,194,hP6,0.0,metal,31.893,8.2746,191.358,182.034,100.158,1.45627,18.0547,17.6815,4.67276,4.79853e-05,38.228,39.0348,6,1,-4.61758,
Tb6Tl10,63,oS32,0.0,metal,27.2399,11.4195,435.838,145.066,57.5433,2.30836,49.921,47.4832,0.503902,7.22611e-05,47.8356,50.2915,16,2,-3.52286,
Tb6Zn23,225,cF116,0.0,metal,17.3783,8.09658,503.97,282.902,92.1129,2.10147,87.5901,83.4481,1.20656,7.71424e-05,61.2619,64.3028,29,2,-1.59094,
Tc1,225,cF4,0.0,metal,14.6729,11.1933,14.6729,475.036,475.0,2.10423,2.68943,2.65805,59.058,1.86416e-05,280.479,283.791,1,1,-6.94759,
Tc1Ti1,221,cP2,0.0,metal,15.5827,7.82204,31.1655,370.999,294.463,1.90565,5.64977,5.57013,16.6499,2.48778e-05,187.706,190.39,2,2,-6.42288,
Tc1V1,221,cP2,0.0,metal,14.1367,8.80076,28.2735,507.986,403.2,2.00386,5.29341,5.22575,37.8581,2.14777e-05,236.369,239.429,2,2,-7.12175,
Tc2,194,hP2,0.0,metal,14.6024,11.2473,29.2047,458.056,363.515,2.09792,5.42342,5.36005,33.4878,1.8724e-05,282.088,285.423,2,1,-6.99257,
Tc8Zr4,194,hP12,0.0,metal,17.3481,9.22194,208.177,180.006,78.6222,1.95971,35.8296,35.3667,0.73542,2.21529e-05,206.458,209.16,12,2,-7.83311,
Te12Th7,174,hP19,0.0,metal,32.7675,8.41621,622.582,190.992,71.5784,2.07825,57.2766,55.8975,1.21252,3.90987e-05,65.827,67.4511,19,2,-5.49127,
Te1Th1,221,cP2,0.0,metal,30.2792,9.86146,60.5583,241.94,192.076,2.17215,5.954,5.8142,10.6111,3.65504e-05,78.5452,80.4338,2,2,-5.84143,
Te1U1,221,cP2,0.0,metal,29.3707,10.3359,58.7414,209.989,166.677,1.94316,6.02836,5.86088,8.90632,4.84402e-05,54.8759,56.4441,2,2,-6.8808,
Te1U1,225,cF8,0.0,metal,33.0167,9.1945,66.0333,152.967,121.436,2.03827,6.10213,5.92588,3.22,4.76617e-05,53.302,54.8874,2,2,-6.87631,
Te1Y1,225,cF8,0.0,metal,29.5746,6.07814,59.1491,206.013,163.502,2.02993,6.04034,5.86556,4.52453,4.83551e-05,57.4935,59.2067,2,2,-6.1122,-1.30991
Te1Yb1,225,cF8,1.2874,insulator-indirect,33.3424,7.48634,66.6848,187.042,148.422,1.89006,6.13034,5.89074,5.69839,7.05536e-05,33.0066,34.349,2,2,-3.73619,
Te1Zn1,216,cF8,1.4772,insulator-direct,28.928,5.53876,57.856,209.923,166.677,2.12847,6.16196,5.86452,3.84629,7.76893e-05,37.998,39.9252,2,2,-2.33358,
Te1Zr1,187,hP2,0.0,metal,24.3455,7.46255,48.691,305.011,242.079,2.09606,5.84235,5.70852,12.9991,3.68874e-05,91.7278,93.8783,2,2,-6.7438,-0.901267
Te2,221,cP1,0.0,metal,32.7323,6.47327,65.4646,114.946,115.0,2.19456,3.09918,2.97921,1.28703,5.99785e-05,46.0378,47.8918,2,1,-3.0987,0.0427115
Te2Ti2,63,oS8,0.487,insulator-indirect,27.1128,5.37431,108.451,183.054,115.283,2.0701,12.3334,11.7934,1.51401,7.1857e-05,43.0747,45.047,4,2,-4.96253,
Te2V2,194,hP4,0.7638,insulator-indirect_spin-polarized,24.5754,6.03195,98.3016,261.031,164.42,2.15901,12.1082,11.5813,3.95089,6.78525e-05,52.011,54.3774,4,2,-5.54052,
Te2Zn2,63,oS8,0.0,metal,24.618,6.50846,98.4721,229.945,144.891,2.1621,12.2908,11.6753,2.91044,7.96802e-05,44.0389,46.3604,4,2,-2.07119,
Te2Zr2,194,hP4,0.0,metal,24.6375,7.37412,98.5498,293.083,184.578,2.08191,11.7474,11.4619,7.39445,3.94462e-05,84.4313,86.5344,4,2,-6.46839,-0.625861
Te2Zr2,194,hP4,0.0,metal,24.1924,7.5098,96.7694,309.969,195.288,2.11372,11.6739,11.3984,8.4239,3.77377e-05,90.7041,92.8969,4,2,-6.68817,-0.845638
Te4Y2,129,tP6,0.0,metal,29.4461,6.46833,176.677,213.953,117.769,1.93451,18.065,17.5666,2.86735,4.83093e-05,54.8125,56.3677,6,2,-5.41194,-1.16328
Te4Zr4,62,oP8,0.0,metal,24.7835,7.33068,198.268,284.055,142.0,2.10746,23.5453,22.9826,4.13816,3.83545e-05,87.4681,89.6094,8,2,-6.71731,-0.874784
Th1Tl3,221,cP4,0.0,metal,29.0021,12.0974,116.009,128.026,80.6349,2.5333,12.5753,11.9004,0.823113,7.27861e-05,48.9886,51.7667,4,2,-3.55994,
Th1Zn4,139,tI10,0.0,metal,19.0806,8.59065,95.4029,277.885,162.575,2.14763,14.9768,14.403,4.22784,6.07547e-05,72.9489,75.8549,5,2,-1.9032,
Th4Zn2,140,tI12,0.0,metal,29.297,10.0031,175.782,158.015,86.9508,1.92692,18.1886,17.7609,1.78761,4.1351e-05,64.5268,66.0807,6,2,-4.62568,
Th6Tl10,63,oS32,0.0,metal,29.7999,11.9663,476.798,152.963,60.7181,2.40335,49.2818,47.4158,0.639532,5.34629e-05,61.7603,64.1908,16,2,-4.08855,
Ti1Y1,221,cP2,0.0,metal,27.22,4.17289,54.4399,248.038,196.838,1.65282,5.98216,5.80767,7.63154,6.14041e-05,38.2122,39.3603,2,2,-5.46675,
Ti1Zn3,221,cP4,0.0,metal,15.3494,6.60022,61.3977,314.884,198.438,2.2439,12.0842,11.3968,3.75237,8.76767e-05,64.0754,67.9404,4,2,-1.72443,
Ti2,194,hP2,0.0,metal,18.6513,4.26458,37.3026,473.019,375.42,1.69645,5.40645,5.3225,30.9134,3.0818e-05,107.071,108.759,2,1,-4.81008,
Ti2Zn1,139,tI6,0.0,metal,16.9656,5.25859,50.8969,430.911,298.839,1.90491,8.33862,8.14987,15.0647,4.02657e-05,102.963,105.348,3,2,-3.50006,
Ti3,191,hP3,0.0,metal,18.4747,4.30535,55.424,510.067,353.614,1.68842,7.95719,7.8347,29.7878,3.06871e-05,105.917,107.573,3,1,-4.7909,
Ti4Zn8,194,hP12,0.0,metal,15.2834,6.47045,183.401,393.895,172.095,2.52984,35.3986,33.2227,2.64586,8.40133e-05,74.4874,79.3658,12,2,-2.16616,
Tl1,139,tI2,0.0,metal,30.4457,11.1465,30.4457,64.0081,64.0,2.69633,3.48135,2.99454,0.223914,0.000185898,19.8766,23.1079,1,1,-2.34298,0.019756
Tl1Y1,221,cP2,0.0,metal,27.4422,8.87311,54.8845,149.018,118.261,2.08127,6.1586,5.93071,2.14867,6.10082e-05,50.0797,52.004,2,2,-4.78691,-0.373958
Tl1Yb1,221,cP2,0.0,metal,29.3401,10.68,58.6803,104.995,83.3386,2.23194,6.4542,5.96751,0.857055,0.000118793,25.4055,27.4775,2,2,-2.14793,
Tl3U1,221,cP4,0.0,metal,28.4067,12.4386,113.627,134.973,85.0447,2.37048,12.6606,11.8901,1.11481,8.86882e-05,38.386,40.8733,4,2,-4.03206,
Tl3Y1,221,cP4,0.0,metal,27.0824,10.7609,108.33,115.999,73.0754,2.37431,12.6921,11.9186,0.572749,8.85934e-05,40.3164,42.9326,4,2,-3.62151,-0.233659
Tl3Yb1,221,cP4,0.0,metal,29.3125,11.1338,117.25,84.0687,52.9167,2.51634,13.5439,11.9605,0.220066,0.000164519,21.922,24.8242,4,2,-2.26678,
U2,63,oS4,0.0,metal,22.4846,17.5791,44.9692,201.053,159.534,2.2126,6.01129,5.87153,6.99915,3.52113e-05,113.972,116.684,2,1,-7.02617,
V1Zn3,221,cP4,0.0,metal,14.041,7.30519,56.164,280.026,176.389,1.52215,11.7508,11.5004,6.06174,4.66902e-05,89.4247,91.3718,4,2,-2.04088,
V4Zr2,227,cF24,0.0,metal,16.9251,6.3152,101.55,116.028,63.8373,1.77869,18.1773,17.8677,0.256097,3.23696e-05,131.788,134.072,6,2,-7.00338,
W1,229,cI2,0.0,metal,16.4489,18.5599,16.4489,366.987,367.0,1.96682,2.81545,2.78901,60.8815,1.60038e-05,285.982,288.693,1,1,-10.5615,
W4Zr2,227,cF24,0.0,metal,18.979,13.3842,113.874,313.992,172.801,1.84174,17.2407,17.0637,11.6196,1.86667e-05,203.183,205.29,6,2,-10.0101,
W8,223,cP8,0.0,metal,16.6834,18.2991,133.467,332.978,166.5,1.94671,22.8102,22.598,11.6707,1.60116e-05,282.638,285.292,8,1,-10.4495,
Y1Zn1,221,cP2,0.0,metal,22.8758,5.59975,45.7516,258.972,205.568,1.62114,5.9406,5.7893,9.6607,5.31873e-05,52.4627,53.8338,2,2,-3.76003,
Y2,194,hP2,0.0,metal,32.7697,4.50513,65.5394,254.041,201.6,1.2669,5.8804,5.79323,20.2194,3.94034e-05,38.7331,39.316,2,1,-6.4636,-0.0004295
Yb1,229,cI2,0.0,metal,41.0738,6.99569,41.0738,126.902,127.0,1.69583,3.22733,2.97597,4.4612,0.000152595,11.6222,12.6039,1,1,-1.12968,
Yb1Zn1,221,cP2,0.0,metal,24.9287,7.94078,49.8573,180.1,142.866,2.04297,6.43676,5.90465,3.1159,0.000139079,24.3064,26.4968,2,2,-0.976862,
Yb3Zn11,71,oI28,0.0,metal,18.5258,7.92811,259.361,218.968,90.866,2.22664,44.4685,41.0069,0.854927,0.000121204,39.9232,43.2933,14,2,-0.78863,
Zn1Zr1,221,cP2,0.0,metal,18.4992,7.02841,36.9985,326.064,258.746,1.90787,5.80536,5.66738,12.747,4.20693e-05,95.219,97.5373,2,2,-4.74443,
Zn1Zr2,139,tI6,0.0,metal,20.4407,6.71072,61.322,268.06,185.821,1.73124,8.82272,8.65714,7.2779,3.6611e-05,91.2373,92.9824,3,2,-5.99005,
Zn44Zr2,227,cF184,0.0,metal,14.705,7.50978,676.432,345.145,96.2867,2.31234,138.705,129.81,0.972147,9.62298e-05,62.364,66.6376,46,2,-0.874252,
Zn4Zr2,227,cF24,0.0,metal,16.6505,7.3793,99.9028,353.929,194.814,2.0163,17.3795,16.8419,6.35758,5.20882e-05,88.8195,91.6547,6,2,-3.41304,
Zr2,194,hP2,0.0,metal,23.4192,6.46795,46.8385,273.949,217.474,1.56414,5.83859,5.76004,14.7003,2.8833e-05,91.5254,92.7735,2,1,-8.54349,0.0001645
